StartDate,EndDate,Status,IPAddress,Progress,Duration (in seconds),Finished,RecordedDate,ResponseId,RecipientLastName,RecipientFirstName,RecipientEmail,ExternalReference,LocationLatitude,LocationLongitude,DistributionChannel,UserLanguage,Q1.1,sex,age,ethnicity,formal education,income,country,Q1.8,Q1.8_8_TEXT,Q1.10,Q2.1_1,Q2.1_2,Q2.1_3,Q2.1_4,Q3.1_1,Q3.1_2,Q3.1_3,Q3.1_4,Q4.1_1,Q4.1_2,Q4.1_3,Q4.1_4,Q5.1_1,Q5.1_2,Q5.1_3,Q5.1_4,Q6.1_1,Q6.1_2,Q6.1_3,Q6.1_4,Q7.1_1,Q7.1_2,Q7.1_3,Q7.1_4,Q8.1_1,Q8.1_2,Q8.1_3,Q8.1_4,Q9.1_1,Q9.1_2,Q9.1_3,Q9.1_4,Q10.1_1,Q10.1_2,Q10.1_3,Q10.1_4,Q11.1_1,Q11.1_2,Q11.1_3,Q11.1_4,Q12.1_1,Q12.1_2,Q12.1_3,Q12.1_4,Q13.1_1,Q13.1_2,Q13.1_3,Q13.1_4,Q14.1_1,Q14.1_2,Q14.1_3,Q14.1_4,Q15.1_1,Q15.1_2,Q15.1_3,Q15.1_4,Q16.1_1,Q16.1_2,Q16.1_3,Q16.1_4,Q17.1_1,Q17.1_2,Q17.1_3,Q17.1_4,Q18.1_1,Q18.1_2,Q18.1_3,Q18.1_4,Q19.1_1,Q19.1_2,Q19.1_3,Q19.1_4,Q20.1_1,Q20.1_2,Q20.1_3,Q20.1_4,Q21.1_1,Q21.1_2,Q21.1_3,Q21.1_4,Q22.1_1,Q22.1_2,Q22.1_3,Q22.1_4,Q23.1_1,Q23.1_2,Q23.1_3,Q23.1_4,Q24.1_1,Q24.1_2,Q24.1_3,Q24.1_4,Q25.1_1,Q25.1_2,Q25.1_3,Q25.1_4,Q26.1_1,Q26.1_2,Q26.1_3,Q26.1_4,Q27.1_1,Q27.1_2,Q27.1_3,Q27.1_4,Q28.1_1,Q28.1_2,Q28.1_3,Q28.1_4,Q29.1_1,Q29.1_2,Q29.1_3,Q29.1_4,Q30.1_1,Q30.1_2,Q30.1_3,Q30.1_4,Q31.1_1,Q31.1_2,Q31.1_3,Q31.1_4,Q32.1_1,Q32.1_2,Q32.1_3,Q32.1_4,Q33.1_1,Q33.1_2,Q33.1_3,Q33.1_4,Q34.1_1,Q34.1_2,Q34.1_3,Q34.1_4,Q35.1_1,Q35.1_2,Q35.1_3,Q35.1_4,Q36.1_1,Q36.1_2,Q36.1_3,Q36.1_4,Q37.1_1,Q37.1_2,Q37.1_3,Q37.1_4,Q38.1_1,Q38.1_2,Q38.1_3,Q38.1_4,Q39.1_1,Q39.1_2,Q39.1_3,Q39.1_4,Q40.1_1,Q40.1_2,Q40.1_3,Q40.1_4,Q41.1_1,Q41.1_2,Q41.1_3,Q41.1_4,Q42.1_1,Q42.1_2,Q42.1_3,Q42.1_4,Q43.1_1,Q43.1_2,Q43.1_3,Q43.1_4,Q44.1_1,Q44.1_2,Q44.1_3,Q44.1_4,Q45.1_1,Q45.1_2,Q45.1_3,Q45.1_4,Q46.1_1,Q46.1_2,Q46.1_3,Q46.1_4,Q47.1_1,Q47.1_2,Q47.1_3,Q47.1_4,Q48.1_1,Q48.1_2,Q48.1_3,Q48.1_4,Q49.1_1,Q49.1_2,Q49.1_3,Q49.1_4,Q50.1_1,Q50.1_2,Q50.1_3,Q50.1_4,Q51.1_1,Q51.1_2,Q51.1_3,Q51.1_4,Q52.1_1,Q52.1_2,Q52.1_3,Q52.1_4,Q53.1_1,Q53.1_2,Q53.1_3,Q53.1_4,Q54.1_1,Q54.1_2,Q54.1_3,Q54.1_4,Q55.1_1,Q55.1_2,Q55.1_3,Q55.1_4,Q56.1_1,Q56.1_2,Q56.1_3,Q56.1_4,Q57.1_1,Q57.1_2,Q57.1_3,Q57.1_4,Q58.1_1,Q58.1_2,Q58.1_3,Q58.1_4,Q59.1_1,Q59.1_2,Q59.1_3,Q59.1_4,Q60.1_1,Q60.1_2,Q60.1_3,Q60.1_4,Q61.1_1,Q61.1_2,Q61.1_3,Q61.1_4,Q62.1_1,Q62.1_2,Q62.1_3,Q62.1_4,Q63.1_1,Q63.1_2,Q63.1_3,Q63.1_4,Q64.1_1,Q64.1_2,Q64.1_3,Q64.1_4,Q65.1_1,Q65.1_2,Q65.1_3,Q65.1_4,Q66.1_1,Q66.1_2,Q66.1_3,Q66.1_4,Q67.1_1,Q67.1_2,Q67.1_3,Q67.1_4,Q68.1_1,Q68.1_2,Q68.1_3,Q68.1_4,Q69.1_1,Q69.1_2,Q69.1_3,Q69.1_4,Q70.1_1,Q70.1_2,Q70.1_3,Q70.1_4,Q71.1_1,Q71.1_2,Q71.1_3,Q71.1_4,Q72.1_1,Q72.1_2,Q72.1_3,Q72.1_4,Q73.1_1,Q73.1_2,Q73.1_3,Q73.1_4,Q74.1_1,Q74.1_2,Q74.1_3,Q74.1_4,Q75.1_1,Q75.1_2,Q75.1_3,Q75.1_4,Q76.1_1,Q76.1_2,Q76.1_3,Q76.1_4,Q77.1_1,Q77.1_2,Q77.1_3,Q77.1_4,Q78.1_1,Q78.1_2,Q78.1_3,Q78.1_4,Q79.1_1,Q79.1_2,Q79.1_3,Q79.1_4,Q80.1_1,Q80.1_2,Q80.1_3,Q80.1_4,Q81.1_1,Q81.1_2,Q81.1_3,Q81.1_4,Q82.1_1,Q82.1_2,Q82.1_3,Q82.1_4,Q83.1_1,Q83.1_2,Q83.1_3,Q83.1_4,Q84.1_1,Q84.1_2,Q84.1_3,Q84.1_4,Q85.1_1,Q85.1_2,Q85.1_3,Q85.1_4,Q86.1_1,Q86.1_2,Q86.1_3,Q86.1_4,Q87.1_1,Q87.1_2,Q87.1_3,Q87.1_4,Q88.1_1,Q88.1_2,Q88.1_3,Q88.1_4,Q89.1_1,Q89.1_2,Q89.1_3,Q89.1_4,Q90.1_1,Q90.1_2,Q90.1_3,Q90.1_4,Q91.1_1,Q91.1_2,Q91.1_3,Q91.1_4,Q92.1_1,Q92.1_2,Q92.1_3,Q92.1_4,Q93.1_1,Q93.1_2,Q93.1_3,Q93.1_4,Q94.1_1,Q94.1_2,Q94.1_3,Q94.1_4,Q95.1_1,Q95.1_2,Q95.1_3,Q95.1_4,Q96.1_1,Q96.1_2,Q96.1_3,Q96.1_4,Q97.1_1,Q97.1_2,Q97.1_3,Q97.1_4,Q98.1_1,Q98.1_2,Q98.1_3,Q98.1_4,Q99.1_1,Q99.1_2,Q99.1_3,Q99.1_4,Q100.1_1,Q100.1_2,Q100.1_3,Q100.1_4,Q101.1_1,Q101.1_2,Q101.1_3,Q101.1_4,Q102.1_1,Q102.1_2,Q102.1_3,Q102.1_4,Q103.1_1,Q103.1_2,Q103.1_3,Q103.1_4,Q104.1_1,Q104.1_2,Q104.1_3,Q104.1_4,Q105.1_1,Q105.1_2,Q105.1_3,Q105.1_4,Q106.1_1,Q106.1_2,Q106.1_3,Q106.1_4,Q107.1_1,Q107.1_2,Q107.1_3,Q107.1_4,Q108.1_1,Q108.1_2,Q108.1_3,Q108.1_4,Q109.1_1,Q109.1_2,Q109.1_3,Q109.1_4,Q110.1_1,Q110.1_2,Q110.1_3,Q110.1_4,Q111.1_1,Q111.1_2,Q111.1_3,Q111.1_4,Q112.1_1,Q112.1_2,Q112.1_3,Q112.1_4,Q113.1_1,Q113.1_2,Q113.1_3,Q113.1_4,Q114.1_1,Q114.1_2,Q114.1_3,Q114.1_4,Q115.1_1,Q115.1_2,Q115.1_3,Q115.1_4,Q116.1_1,Q116.1_2,Q116.1_3,Q116.1_4,Q117.1_1,Q117.1_2,Q117.1_3,Q117.1_4,Q118.1_1,Q118.1_2,Q118.1_3,Q118.1_4,Q119.1_1,Q119.1_2,Q119.1_3,Q119.1_4,Q120.1_1,Q120.1_2,Q120.1_3,Q120.1_4,Q121.1_1,Q121.1_2,Q121.1_3,Q121.1_4,Q122.1_1,Q122.1_2,Q122.1_3,Q122.1_4,Q123.1_1,Q123.1_2,Q123.1_3,Q123.1_4,Q124.1_1,Q124.1_2,Q124.1_3,Q124.1_4,Q125.1_1,Q125.1_2,Q125.1_3,Q125.1_4,Q126.1_1,Q126.1_2,Q126.1_3,Q126.1_4,Q127.1_1,Q127.1_2,Q127.1_3,Q127.1_4,Q128.1_1,Q128.1_2,Q128.1_3,Q128.1_4,Q129.1_1,Q129.1_2,Q129.1_3,Q129.1_4,Q130.1_1,Q130.1_2,Q130.1_3,Q130.1_4,Q131.1_1,Q131.1_2,Q131.1_3,Q131.1_4,Q132.1_1,Q132.1_2,Q132.1_3,Q132.1_4,Q133.1_1,Q133.1_2,Q133.1_3,Q133.1_4,Q134.1_1,Q134.1_2,Q134.1_3,Q134.1_4,Q135.1_1,Q135.1_2,Q135.1_3,Q135.1_4,Q136.1_1,Q136.1_2,Q136.1_3,Q136.1_4,Q137.1_1,Q137.1_2,Q137.1_3,Q137.1_4,Q138.1_1,Q138.1_2,Q138.1_3,Q138.1_4,Q139.1_1,Q139.1_2,Q139.1_3,Q139.1_4,Q140.1_1,Q140.1_2,Q140.1_3,Q140.1_4,Q141.1_1,Q141.1_2,Q141.1_3,Q141.1_4,Q142.1_1,Q142.1_2,Q142.1_3,Q142.1_4,Q143.1_1,Q143.1_2,Q143.1_3,Q143.1_4,Q144.1_1,Q144.1_2,Q144.1_3,Q144.1_4,Q145.1_1,Q145.1_2,Q145.1_3,Q145.1_4,Q146.1_1,Q146.1_2,Q146.1_3,Q146.1_4,Q147.1_1,Q147.1_2,Q147.1_3,Q147.1_4,Q148.1_1,Q148.1_2,Q148.1_3,Q148.1_4,Q149.1_1,Q149.1_2,Q149.1_3,Q149.1_4,Q150.1_1,Q150.1_2,Q150.1_3,Q150.1_4,Q151.1_1,Q151.1_2,Q151.1_3,Q151.1_4,Q152.1_1,Q152.1_2,Q152.1_3,Q152.1_4,Q153.1_1,Q153.1_2,Q153.1_3,Q153.1_4,Q154.1_1,Q154.1_2,Q154.1_3,Q154.1_4,Q155.1_1,Q155.1_2,Q155.1_3,Q155.1_4,Q156.1_1,Q156.1_2,Q156.1_3,Q156.1_4,Q157.1_1,Q157.1_2,Q157.1_3,Q157.1_4,Q158.1_1,Q158.1_2,Q158.1_3,Q158.1_4,Q159.1_1,Q159.1_2,Q159.1_3,Q159.1_4,Q160.1_1,Q160.1_2,Q160.1_3,Q160.1_4,Q161.1_1,Q161.1_2,Q161.1_3,Q161.1_4,Q162.1_1,Q162.1_2,Q162.1_3,Q162.1_4,Q163.1_1,Q163.1_2,Q163.1_3,Q163.1_4,Q164.1_1,Q164.1_2,Q164.1_3,Q164.1_4,Q165.1_1,Q165.1_2,Q165.1_3,Q165.1_4,Q166.1_1,Q166.1_2,Q166.1_3,Q166.1_4,Q167.1_1,Q167.1_2,Q167.1_3,Q167.1_4,Q168.1_1,Q168.1_2,Q168.1_3,Q168.1_4,Q169.1_1,Q169.1_2,Q169.1_3,Q169.1_4,Q170.1_1,Q170.1_2,Q170.1_3,Q170.1_4,Q171.1_1,Q171.1_2,Q171.1_3,Q171.1_4,Q172.1_1,Q172.1_2,Q172.1_3,Q172.1_4,Q173.1_1,Q173.1_2,Q173.1_3,Q173.1_4,Q174.1_1,Q174.1_2,Q174.1_3,Q174.1_4,Q175.1_1,Q175.1_2,Q175.1_3,Q175.1_4,Q176.1_1,Q176.1_2,Q176.1_3,Q176.1_4,Q177.1_1,Q177.1_2,Q177.1_3,Q177.1_4,Q178.1_1,Q178.1_2,Q178.1_3,Q178.1_4,Q179.1_1,Q179.1_2,Q179.1_3,Q179.1_4,Q180.1_1,Q180.1_2,Q180.1_3,Q180.1_4,Q181.1_1,Q181.1_2,Q181.1_3,Q181.1_4,Q182.1_1,Q182.1_2,Q182.1_3,Q182.1_4,Q183.1_1,Q183.1_2,Q183.1_3,Q183.1_4,Q184.1_1,Q184.1_2,Q184.1_3,Q184.1_4,Q185.1_1,Q185.1_2,Q185.1_3,Q185.1_4,Q186.1_1,Q186.1_2,Q186.1_3,Q186.1_4,Q187.1_1,Q187.1_2,Q187.1_3,Q187.1_4,Q188.1_1,Q188.1_2,Q188.1_3,Q188.1_4,Q189.1_1,Q189.1_2,Q189.1_3,Q189.1_4,Q190.1_1,Q190.1_2,Q190.1_3,Q190.1_4,Q191.1_1,Q191.1_2,Q191.1_3,Q191.1_4,Q192.1_1,Q192.1_2,Q192.1_3,Q192.1_4,Q193.1_1,Q193.1_2,Q193.1_3,Q193.1_4,Q194.1_1,Q194.1_2,Q194.1_3,Q194.1_4,Q195.1_1,Q195.1_2,Q195.1_3,Q195.1_4,random
2022-02-02 10:38:52,2022-02-02 11:17:36,IP Address,190.38.150.112,100,2324,True,2022-02-02 11:17:37,R_2trIHPwtBA5aUbv,,,,,10.5048065185546875,-66.92079925537109375,anonymous,ES,Yo Consiento,Masculino,50,Hispana o Latina,Grado de educación superior de 4 años o más,50493,Venezuela,"Inglés,Español",,"Calificar lo que creo la persona en la imagen está experimentando,Ingresar ""NA"" en el cuadro de texto con la opción ""Ninguna"",Ingresar una sola palabra por cada cuadro de texto",Molesta,,,,Molesta,,,,Molesto,,,,Molesto,,,,Enojada,,,,Molesta ,,,,Molesto,,,,Molesto,,,,Duda,Soprendida,,,Triste,Asco,,,Molesto,,,,Molesto,,,,Asco,Molesta,,,Alegre,,,,Molesto,Dudas,Asco,,Molesto,,,,Miedo,,,,Sorprendida,,,,Dudas,Asustado,,,Alegre,Sorprendido,,,Soprendida,Asustada,,,Triste,Dolor,,,Asustado,Miedo,,,Asustado,Sorprendido,,,Contenta,Feliz,,,Feliz,Contenta,,,Alegria,Feliz,Optimista,,Feliz,Alegre,Optimista,,Feliz,Alegre,,,Feliz,Contenta,,,Feliz,Contento,,,Contento,Feliz,,,Neutral,,,,Feliz,,,,Molesto,,,,Neutral,,,,triste,,,,Feliz,,,,Molesto,,,,Molesto,,,,Triste,Molesta,,,Triste ,,,,Molesto,,,,Triste ,,,,Triste ,,,,Triste,,,,Molesto,,,,Triste,,,,Feliz,Contenta,,,Asustado,Sorprendido,,,Sorprendido,,,,Soprendido,Alegre,,,Sorprendida ,,,,Soprendida,,,,Sorprendido,,,,Neutral,,,,Alegre,,,,Molesta,Triste,,,Pensativo,,,,Contento,,,,Molesta,,,,Triste,,,,Duda,Pena,,,Sorprendido ,,,,Llanto ,Triste,,,Molesta,,,,Molesta,,,,Molesto,,,,Molesto,,,,Molesta,,,,Molesta,,,,Molesto,,,,Rabia,,,,miedo,,,,Molesta,,,,Molesto,,,,Disgusto ,Molesto,,,Asco,,,,Molesta,Asco,,,Asco,,,,Molesto,Asco,,,Triste,,,,Triste,Llanto,,,Asustado,Miedo ,,,Molesto,,,,Molesta,,,,Sorprendida,Asustada,,,Dudas,Miedo,,,Triste,Molesto,,,Contenta,Feliz,,,Alegre,Feliz,,,Contento,Feliz,,,Contento,,,,Feliz,,,,Feliz,Alegre,,,Feliz,,,,Alegre,,,,Molesta,,,,Neutral,,,,Molesto,,,,Sorprendido ,,,,Neutral,,,,Neutral,,,,Molesto,,,,Triste,,,,Triste,,,,Molesta ,Rabia,,,Triste,,,,Triste,,,,Molesta,Triste,,,Triste,,,,Triste,,,,Triste ,Llanto,,,Soprendida,Alegre,,,Neutral,,,,Dudas,,,,Asustado,Molesto,,,Soprendida,,,,Neutral,,,,Sorprendido,Miedo,,,Asustado,Contento,,,dudas,,,,Dudas,Asco,,,Molesto,,,,Neutral,,,,Sorprendida,,,,Dudas,Triste,,,Molesto,,,,Contento,,,,Triste,,,,Molesta,,,,Molesta,,,,Molesto,,,,Molesta,,,,Molesta,,,,Molesta,,,,Molesto,,,,Molesto,,,,Rabia,,,,Molesta,,,,Molesto,,,,Molesto,,,,Asco,Miedo,,,Asco,dudas,,,Miedo,,,,Asco,Molesto,,,Molesta,,,,Asustada,,,,Molesto,,,,Triste,,,,Miedo,,,,Sorprendido,,,,Sorprendido,,,,Asustado,,,,Alegre,Feliz,,,Contenta,Feliz,,,Contento,,,,Feliz,Contento,,,Feliz,Contenta,,,Alegre,Feliz,,,Feliz,Contento,,,Feliz,Contenta,,,Neutral,,,,Feliz,,,,Molesto,,,,Neutral,,,,Neutral,,,,Neutral,,,,Neutral,,,,Neutral,,,,Molesta,,,,Miedo,,,,Triste,,,,Triste,,,,Triste,,,,Molesta,,,,Neutral,,,,Triste,,,,Soprendida,Molesta,,,Feliz,Contenta,,,Miedo,,,,Sorprendido,,,,Sorprendida,,,,Miedo,Soprendida,,,Soprendido,,,,Dudas,,,,Feliz,,,,Feliz,Contenta,,,Insertidumbre,,,,Dudas,,,,Dudas,,,,Contenta,,,,Molesto,,,,Molesto,,,,36021
2022-02-02 11:15:18,2022-02-02 11:47:42,IP Address,201.162.233.251,100,1943,True,2022-02-02 11:47:42,R_D7AB3ZLR8ptxaJX,,,,,19.437103271484375,-99.01110076904296875,anonymous,ES,Yo Consiento,Femenino,37,Hispana o Latina,Título profesional,14800,Mexico,"Inglés,Español",,"Calificar lo que creo la persona en la imagen está experimentando,Ingresar ""NA"" en el cuadro de texto con la opción ""Ninguna"",Ingresar una sola palabra por cada cuadro de texto",Enfado,,,,Enfado,,,,Enfado,,,,Neutral,,,,Enfado,,,,Enfado,,,,Enfado,,,,Enfado,,,,Enfado,,,,,,,,Enfado,,,,Sorpresa,,,,Asco,,,,,,,,Asco,,,,Enfado,,,,Miedo,Sorpresa,,,Sorpresa,,,,Miedo,Sorpresa,,,Sorpresa,Felicidad,,,Sorpresa,Felicidad,,,Miedo,Tristeza,Sorpresa,,Miedo,,,,Sorpresa,Felicidad,,,Felicidad,,,,Felicidad,,,,Felicidad,,,,Felicidad,,,,Felicidad,,,,Felicidad,,,,Felicidad,,,,Felicidad,,,,Neutral,,,,Neutral,,,,Neutral,,,,Neutral,,,,Neutral,,,,Neutral,,,,Neutral,,,,Neutral,,,,Tristeza,,,,Tristeza,,,,Tristeza,,,,Tristeza,,,,Tristeza,,,,Tristeza,,,,Enfado,,,,Tristeza,,,,Felicidad,,,,Sorpresa,,,,Sorpresa,,,,Felicidad,,,,Sorpresa,,,,Sorpresa,,,,Miedo,Sorpresa,,,Sorpresa,,,,,,,,Neutral,,,,,,,,Neutral,,,,Enfado,,,,Enfado,,,,Sorpresa,,,,Sorpresa,,,,Tristeza,,,,Enfado,,,,Enfado,,,,Enfado,,,,Enfado,,,,Enfado,,,,Enfado,,,,Enfado,,,,Enfado,,,,Sorpresa,Miedo,Asco,,Enfado,,,,Asco,Sorpresa,,,Asco,Enfado,,,Asco,,,,Enfado,,,,Asco,,,,Enfado,Asco,,,Miedo,Sorpresa,,,Miedo,Tristeza,,,Miedo,Sorpresa,,,Enfado,,,,Sorpresa,Miedo,,,Sorpresa,,,,Tristeza,Miedo,,,Tristeza,,,,Felicidad,,,,Felicidad,,,,Felicidad,,,,Felicidad,,,,Felicidad,,,,Felicidad,,,,Felicidad,,,,Felicidad,,,,Neutral,,,,Neutral,,,,Neutral,,,,Neutral,,,,Neutral,,,,Neutral,,,,Felicidad,,,,Neutral,,,,Tristeza,,,,Miedo,Sorpresa,,,Tristeza,,,,Miedo,Sorpresa,Tristeza,,Neutral,,,,Tristeza,,,,Tristeza,,,,Tristeza,,,,Sorpresa,,,,Neutral,,,,Sorpresa,Miedo,,,Sorpresa,Miedo,,,Sorpresa,,,,Neutral,,,,Sorpresa,Miedo,,,Sorpresa,,,,,,,,,,,,Felicidad,,,,Neutral,,,,Sorpresa,,,,,,,,Neutral,,,,Felicidad,,,,Tristeza,,,,Enfado,,,,Enfado,,,,Enfado,,,,Enfado,,,,Enfado,,,,Enfado,,,,Neutral,,,,Enfado,,,,Enfado,Asco,,,,,,,Enfado,,,,Enfado,Sorpresa,,,Asco,,,,Enfado,,,,Miedo,Sorpresa,,,Asco,Sorpresa,,,Sorpresa,Miedo,Asco,,Sorpresa,,,,Tristeza,,,,Miedo,Sorpresa,,,Sorpresa,Miedo,Asco,,Neutral,,,,Sorpresa,Miedo,,,Sorpresa,Miedo,,,Felicidad,,,,Felicidad,,,,Felicidad,,,,Felicidad,,,,Felicidad,,,,Felicidad,,,,Felicidad,,,,Felicidad,,,,Neutral,,,,Neutral,,,,Enfado,,,,Neutral,,,,Felicidad,,,,Neutral,,,,Neutral,,,,Neutral,,,,Asco,,,,Tristeza,,,,Tristeza,,,,Tristeza,,,,Tristeza,,,,Enfado,,,,Neutral,,,,Enfado,,,,Sorpresa,,,,Felicidad,,,,Miedo,Sorpresa,,,Sorpresa,,,,Sorpresa,,,,Sorpresa,Felicidad,,,Sorpresa,,,,Sorpresa,,,,Felicidad,,,,Felicidad,,,,,,,,Enfado,,,,Sorpresa,Enfado,,,Enfado,,,,,,,,Neutral,,,,72144
2022-02-02 13:46:59,2022-02-02 14:27:14,IP Address,189.211.204.83,100,2414,True,2022-02-02 14:27:14,R_3MfVEHWsVP8zo5Y,,,,,25.6759033203125,-100.32080078125,anonymous,ES,Yo Consiento,Masculino,27,Hispana o Latina,Magister o Master,50915,Mexicana,"Inglés,Español",,"Calificar lo que creo la persona en la imagen está experimentando,Ingresar ""NA"" en el cuadro de texto con la opción ""Ninguna"",Ingresar una sola palabra por cada cuadro de texto",Enojo,Concentración,,,Enojo,Ira,Estrés,,Enojo,Frustración,,,Desconcierto,Duda,,,Enojo,Concentración,,,Enojo,Resentimiento,,,Concentración,Enojo,,,Enojo,Felicidad,,,Duda,Confusión,,,Enojo,Disgusto,,,Enojo,Frustración,,,Disgusto,Sorpresa,Enojo,,Asco,Repulsión,,,Disgusto,Felicidad,Ansiedad,,Disgusto,Confusión,,,Asco,Desconcertado,,,Sorpresa,Disgusto,Confusión,,Sorpresa,Miedo,Preocupación,,Disgusto,Sorpresa,,,Sorpresa,Emoción,,,Sorpresa,Confusión,,,Tristeza,Desesperación,,,Miedo,Sorpresa,Disgusto,,Sorpresa,Asombro,,,Calma,,,,Felicidad,,,,Felicidad,,,,Felicidad,Emoción,,,Felicidad,Nerviosismo,,,Felicidad,Calma,,,Sorpresa,Felicidad,Asombro,,Felicidad,,,,Duda,Concentración,,,Felicidad,Calma,,,Seriedad,Duda,,,Concentración,Seriedad,Enojo,,,,,,Incertidumbre ,Neutral,,,,,,,,,,,Tristeza,,,,Tristeza,Desconfianza,,,Tristeza,,,,Tristeza,,,,Tristeza,Decepción,,,Tristeza,Desesperación,,,Tristeza,Confusión,,,Tristeza,Desconsuelo,,,Sorpresa,Felicidad,,,Sorpresa,Asombro,,,Sorpresa,Impresión,,,Sorpresa,Felicidad,,,Sorpresa,Disgusto,,,Sorpresa,Felicidad,,,Sorpresa,Asombro,Duda,,Sorpresa,Asombro,,,Felicidad,,,,Preocupación,Sorpresa,,,Felicidad,Diversión,,,Calma,,,,Enojo,Incertidumbre,,,Tristeza,Decepción,,,Confusión,,,,Duda,Sorpresa,,,Tristeza,Frustración,Ira,,Enojo,Frustración,,,Enojo,,,,,,,,Enojo,Frustración,,,Enojo,Frustración,,,Enojo,Decepción,,,Enojo,Frustración,,,Enojo,Frustración,,,Disgusto,Sorpresa,,,Disgusto,Confusión,,,Enojo,Frustración,,,Disgusto,Enojo,,,Disgusto,,,,Enojo,,,,Disgusto,,,,Enojo,Disgusto,,,Tristeza,Enojo,Frustración,,Tristeza,,,,Miedo,Sorpresa,Disgusto,,Sorpresa,Confusión,,,Enojo,Frustración,,,Sorpresa,Asombro,,,Disgusto,Confusión,,,Tristeza,Sorpresa,,,Felicidad,,,,Felicidad,,,,Felicidad,,,,Felicidad,,,,,,,,Felicidad,,,,Felicidad,,,,Felicidad,,,,,,,,,,,,,,,,,,,,,,,,Sorpresa,Confusión,,,,,,,Confusión,,,,Preocupación,Desesperación,,,Tristeza,Enojo,Frustración,,Tristeza,Desesperación,,,Tristeza,Enojo,Frustración,,Impotencia,Tristeza,,,Tristeza,,,,,,,,Tristeza,Desconsuelo,,,Sorpresa,Felicidad,,,Desconcierto,Sorpresa,,,Confusión,,,,Asombro,Felicidad,,,Sorpresa,Felicidad,,,Sorpresa,Confusión,,,Sorpresa,Asombro,,,Enojo,Frustración,Sorpresa,,Confusión,,,,,,,,Felicidad,,,,Confusión,,,,Sorpresa,Asombro,,,Culpa,,,,,,,,Felicidad,,,,Enojo,Tristeza,,,Enojo,Frustración,,,Enojo,Frustración,,,Enojo,,,,Enojo,,,,Coraje,,,,Enojo,Ira,,,Enojo,,,,Enojo,,,,Enojo,Frustración,,,Enojo,,,,Enojo,Disgusto,,,Disgusto,,,,Disgusto,Sorpresa,,,Disgusto,,,,Disgusto,Sorpresa,,,Disgusto,,,,Miedo,Sorpresa,Disgusto,,Sorpresa,Confusión,,,Tristeza,Confusión,,,Tristeza,Frustración,Enojo,,Miedo,Sorpresa,,,Sorpresa,Asombro,,,Sorpresa,Preocupación,Miedo,,Sorpresa,Preocupación,,,Felicidad,,,,Felicidad,,,,Felicidad,,,,Felicidad,,,,Felicidad,,,,Felicidad,,,,Felicidad,,,,Felicidad,,,,,,,,Felicidad,,,,,,,,,,,,,,,,,,,,,,,,Enojo,,,,Disgusto,Enojo,,,Tristeza,Preocupación,,,Tristeza,Impotencia,,,Tristeza,Preocupación,,,Tristeza,Preocupación,,,Enojo,,,,Preocupación,,,,Tristeza,Frustración,,,Sorpresa,Felicidad,,,Sorpresa,Felicidad,,,Sorpresa,Asombro,,,Sorpresa,Asombro,,,Sorpresa,,,,Emoción,Sorpresa,Asombro,,Sorpresa,Asombro,,,Confusión,,,,,,,,Felicidad,Emoción,,,Sorpresa,Confusión,,,Confianza,,,,Confusión,Sorpresa,,,Enojo,Frustración,,,Deseperación,,,,,,,,80993
2022-02-02 14:39:50,2022-02-02 15:06:13,IP Address,177.232.80.212,100,1582,True,2022-02-02 15:06:14,R_2CwSju2CUqwOJCa,,,,,18.8502044677734375,-97.0944976806640625,anonymous,ES,Yo Consiento,Masculino,35,Blanca o caucásica,Magister o Master,122535,Mexicana,"Inglés,Español",,"Calificar lo que creo la persona en la imagen está experimentando,Ingresar ""NA"" en el cuadro de texto con la opción ""Ninguna"",Ingresar una sola palabra por cada cuadro de texto",Tristeza,,,,Enojo,,,,Misterio,,,,Enojo,,,,Misterio,,,,Tristeza,,,,Asco,,,,Enojo,,,,Asco,,,,Tristeza,,,,Tristeza,,,,Enojo,,,,Asco,,,,Alegria,,,,Asco,,,,Asco,,,,Alegria,,,,Sorpresa,,,,Tristeza,,,,Sorpresa,,,,Alegria,,,,Sorpresa,,,,Sorpresa,,,,Misterio,,,,Misterio,,,,Alegria,,,,Alegria,,,,Intriga,,,,Alegria,,,,Alegria,,,,Alegria,,,,Alegria,,,,Misterio,,,,Llanto,,,,Intriga,,,,Misterio,,,,Desconfianza,,,,Misterio,,,,Misterio,,,,Misterio,,,,Misterio,,,,Tristeza,,,,Intriga,,,,Tristeza,,,,Tristeza,,,,Tristeza,,,,Tristeza,,,,Tristeza,,,,Misterio,,,,Sorpresa,,,,Sorpresa,,,,Misterio,,,,Sorpresa,,,,Sorpresa,,,,Sorpresa,,,,Misterio,,,,Misterio,,,,Desconfianza,,,,Misterio,,,,Sorpresa,,,,Desconfianza,,,,Tristeza,,,,Misterio,,,,Sorpresa,,,,Tristeza,,,,Enojo,,,,Enojo,,,,Enojo,,,,Enojo,,,,Asco,,,,Enojo,,,,Enojo,,,,Enojo,,,,Enojo,,,,Intriga,,,,Enojo,,,,Asco,,,,Tristeza,,,,Enojo,,,,Tristeza,,,,Intriga,,,,Alegria,,,,Llanto,,,,Sorpresa,,,,Misterio,,,,Sorpresa,,,,Sorpresa,,,,Sorpresa,,,,Sorpresa,,,,Alegria,,,,Alegria,,,,Alegria,,,,Alegria,,,,Alegria,,,,Intriga,,,,Intriga,,,,Alegria,,,,Intriga,,,,Tristeza,,,,Serio,,,,Tristeza,,,,Misterio,,,,Sorpresa,,,,Misterio,,,,Misterio,,,,Tristeza,,,,Tristeza,,,,TRisteza,,,,Llanto,,,,Misterio,,,,Tristeza,,,,Seriedad,,,,Tristeza,,,,Sorpresa,,,,Intriga,,,,Misterio,,,,Sorpresa,,,,Sorpresa,,,,Misterio,,,,Sorpresa,,,,Sorpresa,,,,Sorpresa,,,,Alegria,,,,Motivado,,,,Misterio,,,,Sorpresa,,,,Tristeza,,,,Sorpresa,,,,Alegria,,,,Tristeza,,,,Enojo,,,,Enojo,,,,,,,,,,,,,,,,Enojo,,,,Misterio,,,,,,,,Enojo,,,,Misterio,,,,,,,,,,,,Sorpresa,,,,Tristeza,,,,,,,,Tristeza,,,,,,,,Sorpresa,,,,,,,,,,,,,,,,Tristeza,,,,,,,,,,,,,,,,,,,,Alegria,,,,Sorpresa,,,,,,,,,,,,,,,,Alegria,,,,,,,,,,,,Tristeza,,,,Intriga,,,,,,,,,,,,Enojo,,,,,,,,Enojo,,,,Tristeza,,,,Tristeza,,,,Alegria,,,,,,,,,,,,Misterio,,,,,,,,,,,,,,,,,,,,Sorpresa,,,,Sorpresa,,,,Alegria,,,,,,,,Intriga,,,,,,,,,,,,,,,,Enojo,,,,Alegria,,,,,,,,,,,,Tristeza,,,,45477
2022-02-02 14:53:15,2022-02-02 16:37:20,IP Address,189.160.217.213,100,6244,True,2022-02-02 16:37:21,R_1cUNZckNMa9t0pZ,,,,,25.667694091796875,-100.25140380859375,anonymous,ES,Yo Consiento,Femenino,30,Hispana o Latina,Doctorado,15000,Mexico,"Inglés,Español",,"Calificar lo que creo la persona en la imagen está experimentando,Ingresar ""NA"" en el cuadro de texto con la opción ""Ninguna"",Ingresar una sola palabra por cada cuadro de texto",Incredulidad,,,,Enojo,,,,Enojo,,,,Tristeza,Duda,Atentividad,,Enojo,,,,Duda,Tristeza,,,Inquisitividad,,,,Juego,Enojo,,,Duda,Asco,,,Asco,,,,Asco,Enojo,,,Empatía,Dolor,,,Asco,,,,Juego,Incredulidad,,,Incredulidad,Asco,,,Asco,Juego,,,Miedo,,,,Sorpresa,Miedo,,,Asco,,,,Pánico,,,,Histeria,,,,Berrinche,Enojo,Tristeza,,Miedo,,,,Sorpresa,Miedo,Asco,,Neutral,,,,Felicidad,Calma,,,Calma,Duda,,,Felicidad,,,,Sarcasmo,,,,Calma,Satisfacción,,,Felicidad,,,,Felicidad,Calma,,,Atencion,,,,Calma,,,,Neutral,Incredulidad,,,Tristeza,Calma,,,Fastidio,,,,Neutral,,,,Neutral,Hartazgo,,,Sorna,Calma,,,Tristeza,,,,Tristeza,,,,Desesperación,Tristeza,,,Tristeza,,,,Tristeza,Desesperación,,,Tristeza,,,,Contención,,,,Decepción,,,,Calma,Duda,,,Juego,,,,Sorpresa,Miedo,,,Juego,,,,Sarcasmo,,,,Sorpresa,,,,Sorpresa,,,,Atentividad,Sorpresa,,,Juego,Asco,,,Tristeza,,,,Placer,,,,Incredulidad,,,,Juego,Enojo,,,Juego,Burla,,,Juego,Sarcasmo,,,Culpa,,,,Malestar,,,,Fastidio,Enojo,,,Resentimiento,Duda,,,Fastidio,Hartazgo,Tristeza,,Duda,Asco,,,Enojo,Hostilidad,,,Fastidio,,,,Ira,,,,Enojo,,,,Incredulidad,Asco,Miedo,,Atentividad,Incredulidad,,,Cringe,,,,Duda,Asco,,,Juego,Remedo,,,Juego,Asco,,,Asco,,,,Asco,,,,Miedo,Desesperación,,,Dolor,Tristeza,,,Miedo,Incredulidad,,,Incredulidad,Atentividad,,,Histeria,Ira,,,Sorpresa,Incredulidad,,,Incredulidad,Tristeza,Miedo,,Malestar,,,,Felicidad,Cordialidad,,,Felicidad,,,,Neutral,,,,Atentividad,Cordialidad,,,Sorna,,,,Expectación,,,,Cordialidad,,,,Felicidad,Calma,,,Atentividad,,,,Hostilidad,,,,Fastidio,Sorna,,,Fastidio,,,,Calma,Fastidio,Atentividad,,Neutral,Atentividad,,,Neutral,,,,Neutral,Enfermedad,,,Sumisión,Tristeza,Cansancio,,Berrinche,,,,Tristeza,,,,Berrinche,Enojo,Tristeza,,Tristeza,Fastidio,,,Tristeza,Decepción,,,Neutral,,,,Malestar,,,,Sorpresa,Gusto,,,Atentividad,,,,Sorpresa,,,,Emoción,Sorpresa,,,Sorpresa,,,,Trance,,,,Sorpresa,Juego,,,Sorpresa,Emoción,,,Evaluación,Neutral,,,Juego,Neutral,,,Hostilidad,Manía,,,Aburrimiento,,,,Juego,Sarcasmo,,,Juego,,,,Sorna,Evaluación,,,Juego,,,,Malestar,,,,Determinación,,,,Enfado,Asco,,,Hostilidad,,,,Fastidio,Odio,,,Hostilidad,Odio,,,Ira,Hostilidad,Odio,,Neutral,Seducción,,,Duda,What,,,Histeria,Ira,Dolor,,Contención,,,,Duda,Dolor,,,Duda,Asco,,,Juego,Sarcasmo,,,Juego,Incredulidad,Asco,,Miedo,Sorpresa,,,Asco,,,,Incredulidad,Disgusto,Hostilidad,,Incredulidad,,,,Desesperación,Enojo,Impotencia,,Dolor,Tristeza,,,Pánico,Incredulidad,,,Atentividad,,,,Sorpresa,Terror,,,Miedo,Sorpresa,,,Seducción,Satisfacción,,,Neutral,Trance,,,Satisfacción,Sorna,,,Alegría,Emoción,,,Malicia,,,,Alegría,,,,Hilaridad,,,,Sorna,Satisfacción,,,Neutral,Fastidio,,,Neutral,Atentividad,,,Hartazgo,Hostilidad,Atentividad,,Neutral,Atentividad,Calma,,Seducción,,,,Sorna,Calma,,,Neutral,Duda,,,Atentividad,,,,Hostilidad,Incredulidad,,,Incredulidad,Tristeza,Calma,,Tristeza,Dolor,,,Antojo,Resignación,,,Tristeza,,,,Tristeza,Calma,,,Neutral,Incredulidad,,,Dolor,Tristeza,,,Incredulidad,Enojo,Sarcasmo,,Alegría,Sorpresa,Emoción,,Contención,Sarcasmo,Hostilidad,,Sorpresa,Trance,,,Juego,Sorpresa,Atentividad,,Emoción,Pánico,,,Empatía,Dolor,,,Sorpresa,Trance,,,Seducción,Cordialidad,,,Alegría,Contención,Juego,,Duda,,,,Duda,,,,Incredulidad,Asco,,,Juego,,,,Juego,Placer,,,Juego,,,,36153
2022-02-02 14:25:49,2022-02-02 17:41:39,IP Address,187.138.120.3,100,11750,True,2022-02-02 17:41:39,R_VVVS3oO7Urpwwhz,,,,,25.6793975830078125,-100.20659637451171875,anonymous,ES,Yo Consiento,Femenino,37,Hispana o Latina,Título profesional,15000,Mexico,"Inglés,Español",,"Calificar lo que creo la persona en la imagen está experimentando,Ingresar ""NA"" en el cuadro de texto con la opción ""Ninguna"",Ingresar una sola palabra por cada cuadro de texto",Enfado,,,,Enfado,,,,Enfado,,,,Enfado,Tristeza,,,Enfado,,,,Enfado,,,,Enfado,,,,Enfado,,,,Enfado,Sorpresa,Asco,,,,,,Enfado,,,,Sorpresa,Asco,,,Asco,,,,Enfado,,,,Asco,,,,Enfado,,,,Sorpresa,Miedo,,,Sorpresa,,,,Miedo,Sorpresa,,,Sorpresa,Miedo,,,Sorpresa,Felicidad,,,Sorpresa,Miedo,Tristeza,,Miedo,Sorpresa,,,Sorpresa,Felicidad,,,Felicidad,,,,Felicidad,,,,Felicidad,,,,Felicidad,,,,Felicidad,,,,Felicidad,,,,Felicidad,,,,Felicidad,,,,Neutral,,,,Neutral,,,,Neutral,,,,Neutral,,,,Neutral,,,,Neutral,,,,Neutral,,,,Neutral,,,,Tristeza,,,,Tristeza,,,,Tristeza,,,,Tristeza,,,,Tristeza,,,,Tristeza,,,,Enfado,,,,Tristeza,,,,Felicidad,,,,Sorpresa,,,,Sorpresa,Felicidad,,,Felicidad,,,,Sorpresa,,,,Sorpresa,Felicidad,,,Sorpresa,,,,Sorpresa,,,,,,,,Tristeza,,,,,,,,Felicidad,,,,Enfado,,,,Enfado,,,,Enfado,,,,Sorpresa,,,,Enfado,Tristeza,,,Enfado,,,,Enfado,,,,Enfado,,,,Enfado,,,,Enfado,,,,Enfado,,,,Enfado,,,,Enfado,,,,Asco,Sorpresa,,,Enfado,Sorpresa,,,Asco,Sorpresa,,,Asco,Enfado,,,Asco,,,,Enfado,,,,Asco,,,,Enfado,,,,Sorpresa,Miedo,,,Tristeza,Miedo,,,Miedo,Sorpresa,,,Enfado,,,,Sorpresa,Miedo,,,Sorpresa,,,,Tristeza,,,,Tristeza,,,,Felicidad,,,,Felicidad,,,,Felicidad,,,,Felicidad,,,,Felicidad,,,,Felicidad,,,,Felicidad,,,,Felicidad,,,,Neutral,,,,Neutral,,,,Neutral,,,,Neutral,,,,Neutral,,,,Neutral,,,,Sorpresa,Felicidad,,,Neutral,,,,Tristeza,,,,Miedo,Sorpresa,,,Tristeza,,,,Miedo,Tristeza,Sorpresa,,Neutral,,,,Tristeza,,,,Tristeza,,,,Enfado,,,,Sorpresa,,,,Sorpresa,,,,Sorpresa,,,,Sorpresa,Miedo,,,Sorpresa,,,,Neutral,,,,Sorpresa,Miedo,,,Sorpresa,Felicidad,,,,,,,,,,,Felicidad,,,,Neutral,,,,Sorpresa,,,,,,,,Neutral,,,,Felicidad,,,,Tristeza,Enfado,,,Enfado,,,,Enfado,,,,Enfado,,,,Enfado,,,,Enfado,,,,Enfado,,,,Neutral,,,,Enfado,,,,Asco,Sorpresa,,,Enfado,,,,Enfado,,,,Asco,Enfado,,,Asco,Sorpresa,,,Enfado,,,,Miedo,Sorpresa,,,Asco,,,,Miedo,Sorpresa,Asco,,Neutral,,,,Tristeza,,,,Tristeza,Miedo,,,Miedo,Sorpresa,,,Neutral,,,,Sorpresa,Miedo,,,Sorpresa,Miedo,,,Felicidad,,,,Felicidad,,,,Felicidad,,,,Felicidad,,,,Felicidad,,,,Felicidad,,,,Felicidad,,,,Felicidad,,,,Neutral,,,,Felicidad,,,,Enfado,,,,Neutral,,,,Felicidad,,,,Neutral,,,,Neutral,,,,Neutral,,,,Asco,,,,Tristeza,,,,Tristeza,,,,Tristeza,,,,Tristeza,,,,Enfado,,,,Neutral,,,,Tristeza,Enfado,,,Sorpresa,,,,Felicidad,Sorpresa,,,Miedo,Sorpresa,,,Sorpresa,,,,Sorpresa,,,,Sorpresa,,,,Sorpresa,,,,Neutral,,,,Felicidad,,,,Felicidad,,,,,,,,Neutral,,,,Sorpresa,,,,,,,,,,,,Neutral,,,,81963
2022-02-02 17:10:37,2022-02-02 17:49:57,IP Address,190.242.24.47,100,2359,True,2022-02-02 17:49:58,R_2Eui38iIqthVn3m,,,,,14.103302001953125,-87.2144012451171875,anonymous,ES,Yo Consiento,Masculino,37,Hispana o Latina,Título profesional,36127,Honduras,"Inglés,Español",,"Calificar lo que creo la persona en la imagen está experimentando,Ingresar ""NA"" en el cuadro de texto con la opción ""Ninguna"",Ingresar una sola palabra por cada cuadro de texto",Enojo,,,,Enojo,Ira,,,Enojo,,,,Sorpresa,Enojo,,,Enojo,,,,Enojo,Tristeza,,,,,,,,,,,Sorpresa,Enojo,,,Asco,Enojo,,,Asco,Enojo,,,Sorpresa,,,,Asco,Enojo,,,Felicidad,,,,Enojo,Tristeza,Ira,,Asco,Decepción,,,Miedo,Sorpresa,,,Sorpresa,Miedo,,,Sorpresa,Miedo,,,Sorpresa,Miedo,,,Miedo,Sorpresa,,,Tristeza,Enojo,,,Sorpresa,Miedo,,,Sorpresa,,,,,,,,Felicidad,Sorpresa,,,Felicidad,,,,Felicidad,,,,Felicidad,Emoción,,,Felicidad,,,,Felicidad,Sorpresa,,,Felicidad,,,,Incertidumbre,,,,,,,,,,,,,,,,,,,,,,,,,,,,,,,,Tristeza,Enojo,Decepción,,Tristeza,Enojo,,,Tristeza,Decepción,,,Tristeza,Enojo,,,Tristeza,Enojo,,,Tristeza,Enojo,,,Enojo,,,,Tristeza,Decepción,,,Sorpresa,Felicidad,,,Sorpresa,,,,Sorpreda,,,,Felicidad,Emoción,,,Sorpresa,,,,Sorpresa,,,,Sorpresa,,,,Sorpresa,,,,Felicidad,,,,Tristeza,,,,,,,,,,,,Enojo,Decepción,,,Tristeza,Decepción,,,Confusión,Incertidumbre,,,Confusión,Incertidumbre,,,Tristeza,,,,Enojo,Tristeza,,,Enojo,,,,Enojo,,,,Enojo,,,,Enojo,,,,Enojo,Tristeza,,,Enojo,,,,Enojo,,,,Asco,Sorpresa,,,,,,,Asco,Sorpresa,,,Enojo,Asco,,,Asco,,,,Enojo,,,,Asco,,,,Enojo,Asco,,,Miedo,Sorpresa,,,Miedo,Tristeza,,,Sorpresa,Miedo,,,Miedo,Sorpresa,,,Sorpresa,Miedo,,,Sorpresa,,,,Sorpresa,Miedo,,,Sorpresa,Miedo,,,Felicidad,,,,Felicidad,,,,Felicidad,,,,Felicidad,,,,Felicidad,,,,Felicidad,Sorpresa,,,Felicidad,,,,Felicidad,,,,Enojo,Tristeza,,,,,,,Tristeza,,,,,,,,,,,,Confusión,Incertidumbre,,,Incertidumbre,,,,,,,,Tristeza,Decepción,,,Enojo,Tristeza,,,Tristeza,,,,Tristeza,Enojo,Miedo,,Tristeza,Enojo,,,Tristeza,Decepción,Enojo,,Tristeza,,,,Tristeza,,,,Sorpresa,Felicidad,,,,,,,Confusión,Sorpresa,,,Sorpresa,Felicidad,,,Sorpresa,,,,Sorpresa,,,,Sorpresa,Miedo,,,Sorpresa,Miedo,,,Confusión,Incertidumbre,,,Enojo,,,,Felicidad,,,,Incertidumbre,,,,Asco,Sorpresa,,,Incertidumbre,,,,Sorpresa,,,,Felicidad,,,,Tristeza,Enojo,,,,,,,Enojo,,,,Enojo,,,,Enojo,,,,Enojo,,,,Enojo,,,,Enojo,,,,Enojo,,,,Enojo,Miedo ,Asco,,Asco,,,,Enojo,Asco,,,Confusión,,,,Asco,Sorpresa,Miedo,,Enojo,Asco,,,Miedo,Sorpresa,Enojo,,Asco,Sorpresa,,,Miedo,Sorpresa,Asco,,Sorpresa,Miedo,,,Enojo,,,,Tristeza,,,,Miedo,Sorpresa,,,Sorpresa,,,,Miedo,Sorpresa,,,Sorpresa,Miedo,,,Felicidad,,,,Felicidad,,,,Felicidad,,,,Felicidad,,,,Felicidad,,,,Felicidad,,,,Felicidad,,,,Felicidad,,,,,,,,,,,,Tristeza,,,,,,,,,,,,Felicidad,,,,,,,,Enojo,,,,Enojo,Asco,,,Tristeza,,,,Tristeza,,,,Tristeza,,,,Tristeza,,,,Enojo,,,,,,,,Tristeza,Enojo,,,Sorpresa,Felicidad,,,Felicidad,,,,Sorpresa,Miedo,,,Sorpresa,,,,Miedo,Sorpresa,,,Sorpresa,,,,Sorpresa,,,,Miedo,,,,Felicidad,,,,Felicidad,,,,Confundido,,,,,,,,Sorpresa,Confusión,,,,,,,,,,,,,,,12276
2022-02-03 17:57:20,2022-02-03 18:34:18,IP Address,189.168.2.37,100,2217,True,2022-02-03 18:34:19,R_1QtrqS3dKvoBcUI,,,,,23.07000732421875,-103.1988983154296875,anonymous,ES,Yo Consiento,Masculino,43,Hispana o Latina,Magister o Master,20070,Mexico,"Inglés,Español",,"Calificar lo que creo la persona en la imagen está experimentando,Ingresar ""NA"" en el cuadro de texto con la opción ""Ninguna"",Ingresar una sola palabra por cada cuadro de texto",Enojo,,,,Enojo,,,,Enojo,,,,Incredulidad,,,,Enojo,,,,Enojo,,,,Enojo,,,,Travesura,,,,Incredulidad,,,,Bromista,,,,Enojo,Incredulidad,,,Enojo,,,,Enojo,Asco,,,Travesura,Complicidad,,,Enojo,Asco,,,Travesura,Asco,,,Miedo,Sorpresa,,,Susto,Sorpresa,,,Miedo,Asco,,,Sorpresa,Alegría,,,Sorpresa,Susto,,,Enojo,,,,Miedo,Sorpresa,,,Felicidad,Travesura,,,Indiferencia,,,,Felicidad,,,,Incredulidad,Felicidad,,,Felicidad,,,,Felicidad,,,,Felicidad,,,,Felicidad,,,,Felicidad,,,,Incredulidad,,,,Tranquilidad,,,,Indiferencia,,,,Indiferencia,Tristeza,,,Aburrimiento,Indiferencia,,,Indiferencia,,,,Incredulidad,,,,,,,,Tristeza,,,,Tristeza,,,,Tristeza,Miedo,,,Miedo,,,,Tristeza,,,,Tristeza,,,,Incredulidad,,,,Tristeza,,,,Felicidad,,,,Sorpresa,,,,Sorpresa,Incredulidad,,,Sorpresa,Complicidad,,,Asombro,Incredulidad,,,Sorpresa,Incredulidad,,,Sorpresa,Incredulidad,,,Sorpresa,,,,Felicidad,Traviesa,,,Sorpresa,,,,Hartazgo,,,,Incredulidad,,,,Indredulidad,Enojo,,,Incredulidad,,,,Incredulidad,,,,Asombro,,,,Tristeza,Enojo,,,Enojo,,,,Tristeza,,,,Tristeza,Enojo,,,Enojo,,,,Enojo,,,,Incredulidad,Enojo,,,Enojo,,,,Enojo,,,,Incredulidad,,,,Incredulidad,Sorpresa,,,Enojo,Asco,,,Enojo,,,,Asco,,,,Complicidad,Enojo,,,Asco,,,,Enojo,,,,miedo,,,,Tristeza,Enojo,,,Miedo,,,,Indiferencia,,,,Asombro,,,,Sorpresa,Asombro,,,Miedo,,,,Tristeza,,,,Felicidad,,,,Felicidad,,,,Felicidad,,,,Felicidad,,,,Desprecio,,,,Felicidad,Complicidad,,,Felicidad,,,,Felicidad,,,,Tristeza,Indiferencia,,,Asombro,Incredulidad,,,Aburrimiento,,,,Indiferencia,,,,Indiferencia,Hartazgo,,,,,,,,,,,,,,,Tristeza,,,,Miedo,Tristeza,,,Tristeza,,,,Tristeza,,,,Tristeza,,,,Tristeza,,,,TRisteza,,,,Tristeza,,,,Sorpresa,,,,Tristeza,,,,Incredulidad,Sorpresa,,,Felicidad,Asombro,,,Asombro,,,,Indiferencia,,,,Miedo,Sorpresa,,,Alegría,Sorpresa,,,Hartazgo,Enojo,,,Indiferencia,Enojo,,,Felicidad,Bromista,,,Tristeza,,,,Sorpresa,Complicidad,Asombro,,Complicidad,,,,Indiferencia,,,,Felicidad,,,,Tristeza,,,,Enojo,,,,Enojo,,,,Enojo,,,,Tristeza,Enojo,,,Enojo,,,,Enojo,,,,Indiferencia,Enojo,,,Enojo,,,,Enojo,,,,Felicidad,Complicidad,,,Incredulidad,,,,Incredulidad,,,,Asco,Sorpresa,,,Enojo,,,,Miedo,Sorpresa,,,Asco,,,,Miedo,,,,Asombro,,,,TRisteza,,,,Tristeza,,,,Miedo,,,,Asombro,,,,Asombro,,,,Asombro,Miedo,,,Felicidad,,,,Felicidad,,,,Felicidad,,,,Felicidad,,,,Felicidad,,,,Felicidad,,,,Feliidad,,,,Felicidad,,,,Indiferencia,,,,Felicidad,,,,Indiferencia,Aburrimiento,,,Indiferencia,,,,Indiferencia,,,,Indiferencia,,,,Felicidad,,,,Tristeza,,,,Asco,,,,Tristeza,,,,Tristeza,,,,Tristeza,,,,Tristeza,,,,Enojo,,,,Indiferencia,,,,Tristeza,,,,Sorpresa,Asombro,,,Felicidad,,,,Asombro,,,,Felicidad,,,,Asombro,,,,Sorpresa,,,,Sorpresa,,,,Duda,Tristeza,,,Felicidad,,,,Felicidad,Complicidad,,,Asombro,,,,Indiferencia,,,,Incredulidad,,,,Bromista,Complicidad,,,Hartazgo,,,,Bromista,,,,17079
2022-02-04 05:15:03,2022-02-04 06:27:00,IP Address,190.70.132.80,100,4317,True,2022-02-04 06:27:01,R_10u9JVqUZ6MFErI,,,,,6.252899169921875,-75.56459808349609375,anonymous,ES,Yo Consiento,Masculino,39,Hispana o Latina,Título profesional,40563,Colombia,"Inglés,Español",,"Calificar lo que creo la persona en la imagen está experimentando,Ingresar ""NA"" en el cuadro de texto con la opción ""Ninguna"",Ingresar una sola palabra por cada cuadro de texto",,,,,,,,,,,,,enfado,,,,enfado,,,,enfado,,,,enfado,,,,enfado,,,,enfado,,,,asco,,,,,,,,felicidad,,,,asco,,,,Felicidad,,,,asco,enfado,,,asco,felicidad,,,asco,miedo,enfado,,sorpresa,,,,miedo,tristeza,sorpresa,,sorpresa,felicidad,,,sorpresa,,,,tristeza,,,,miedo,sorpresa,,,Felicidad,,,,,,,,Felicidad,,,,Felicidad,,,,felicidad,,,,felicidad,sorpresa,,,Felicidad,,,,Felicidad,,,,Felicidad,,,,,,,,,,,,enfado,,,,,,,,,,,,,,,,enfado,,,,tristeza,,,,tristeza,,,,tristeza,,,,tristeza,,,,tristeza,,,,tristeza,,,,tristeza,miedo,,,,,,,Tristeza,,,,Felicidad,,,,sorpresa,,,,sorpresa,,,,sorpresa,felicidad,,,sorpresa,,,,sorpresa,,,,sorpresa,miedo,asco,,,,,,,,,,tristeza,miedo,,,,,,,felicidad,,,,,,,,tristeza,,,,sorpresa,,,,,,,,tristeza,,,,,,,,,,,,enfado,,,,asco,enfado,,,enfado,asco,,,enfado,miedo,,,enfado,,,,enfado,,,,miedo,,,,,,,,asco,,,,enfado,asco,,,asco,miedo,,,,,,,asco,,,,asco,,,,tristeza,miedo,,,tristeza,miedo,,,miedo,tristeza,,,,,,,sorpresa,,,,sorpresa,,,,miedo,tristeza,,,tristeza,miedo,,,felicidad,,,,Felicidad,,,,felicidad,,,,Felicidad,,,,Felicidad,,,,Felicidad,,,,Felicidad,,,,Felicidad,,,,,,,,tristeza,,,,,,,,sorpresa,,,,tristeza,,,,,,,,,,,,tristeza,,,,miedo,tristeza,,,tristeza,,,,tristeza,miedo,,,tristeza,miedo,,,,,,,tristeza,,,,,,,,tristeza,,,,sorpresa,Felicidad,,,,,,,,,,,sorpresa,Felicidad,,,sorpresa,Felicidad,,,tristeza,,,,sorpresa,,,,sorpresa,Felicidad,,,,,,,,,,,,,,,,,,,sorpresa,,,,miedo,,,,asco,,,,,,,,tristeza,,,,,,,,Asco,,,,,,,,enfado,,,,enfado,,,,enfado,,,,enfado,,,,enfado,,,,enfado,asco,,,asco,,,,asco,,,,,,,,asco,,,,asco,,,,miedo,sorpresa,asco,,asco,miedo,,,asco,miedo,,,,,,,,,,,tristeza,,,,asco,miedo,,,sorpresa,,,,miedo,sorpresa,,,sorpresa,,,,Felicidad,,,,Felicidad,,,,Felicidad,,,,Felicidad,,,,Felicidad,,,,Felicidad,,,,Felicidad,,,,Felicidad,,,,Felicidad,,,,Felicidad,,,,enfado,,,,,,,,,,,,,,,,tristeza,,,,,,,,,,,,tristeza,,,,tristeza,,,,,,,,tristeza,miedo,,,tristeza,,,,,,,,enfado,tristeza,,,sorpresa,,,,sorpresa,felicidad,,,sorpresa,,,,sorpresa,,,,sorpresa,,,,sorpresa,,,,sorpresa,,,,,,,,Felicidad,,,,Felicidad,,,,enfado,,,,,,,,asco,,,,,,,,enfado,,,,,,,,19802
2022-02-04 05:11:55,2022-02-04 06:32:12,IP Address,190.70.132.80,100,4816,True,2022-02-04 06:32:12,R_1GOnB377DR01r4e,,,,,6.252899169921875,-75.56459808349609375,anonymous,ES,Yo Consiento,Femenino,39,Hispana o Latina,Título profesional,39718,COLOMBIA,Español,,"Calificar lo que creo la persona en la imagen está experimentando,Ingresar ""NA"" en el cuadro de texto con la opción ""Ninguna"",Ingresar una sola palabra por cada cuadro de texto",enfado,sorpresa,,,enfado,,,,,,,,,,,,,,,,enfado,,,,enfado,,,,enfado,,,,asco,enfado,,,asco,,,,asco,enfado,,,asco,,,,Asco,fastidio,molestia,,asco,felicidad,enfado,,asco,enfado,,,asco,,,,miedo,enfado,,,sorpresa,miedo,,,miedo,tristeza,,,sorpresa,felicidad,,,miedo,sorpresa,felicidad,,tristeza,miedo,,,miedo,tristeza,sorpresa,,,,,,felicidad,,,,felicidad,,,,felicidad,,,,felicidad,,,,felicidad,,,,Felicidad,tranquilidad,alegria,,felicidad,,,,felicidad,tranquilidad,alegria,,tristeza,,,,felicidad,,,,,,,,enfado,,,,enfado,tristeza,asco,,Seriedad,pensativa,tristeza,,,,,,,,,,tristeza,,,,tristeza,miedo,,,,,,,tristeza,miedo,,,tristeza,miedo,,,tristeza,,,,enfado,,,,tristeza,,,,felicidad,,,,sorpresa,miedo,,,sorpresa,,,,sorpresa,,,,sorpresa,,,,sorpresa,felicidad,,,sorpresa,,,,Sorpresa,,,,broma,alegria,asco,,,,,,felicidad,,,,,,,,enfado,,,,tristeza,,,,sorpresa,enfado,asco,,sorpresa,,,,tristeza,,,,enfado,tristeza,,,enfado,,,,,,,,enfado,asco,,,enfado,,,,enfado,,,,enfado,,,,enfado,,,,miedo,asco,,,enfado,,,,enfado,tristeza,,,asco,,,,tristeza,,,,asco,,,,asco,,,,asco,,,,miedo,tristeza,,,tristeza,miedo,,,sorpresa,miedo,,,sorpresa,,,,sorpresa,felicidad,,,sorpresa,,,,miedo,,,,tristeza,,,,felicidad,,,,felicidad,,,,felicidad,,,,felicidad,,,,Felicidad,,,,felicidad,,,,felicidad,,,,felicidad,,,,enfado,tristeza,,,,,,,tristeza,,,,,,,,,,,,tristeza,,,,,,,,,,,,tristeza,,,,tristeza,,,,tristeza,miedo,,,tristeza,,,,tristeza,,,,tristeza,miedo,,,tristeza,,,,tristeza,,,,felicidad,sorpresa,,,tristeza,,,,miedo,,,,sorpresa,,,,sorpresa,,,,,,,,sorpresa,,,,sorpresa,,,,sorpresa,,,,tristeza,,,,felicidad,,,,tristeza,,,,sorpresa,,,,,,,,tristeza,,,,felicidad,,,,tristeza,miedo,,,enfado,,,,enfado,asco,,,enfado,,,,tristeza,,,,,,,,enfado,,,,,,,,,,,,asco,enfado,,,,,,,asco,,,,asco,,,,miedo,asco,,,asco,enfado,,,asco,,,,asco,,,,asco,,,,sorpresa,,,,enfado,,,,tristeza,,,,miedo,asco,,,sorpresa,,,,sorpresa,,,,sorpresa,miedo,,,felicidad,,,,,,,,,,,,felicidad,,,,felicidad,,,,felicidad,,,,felicidad,,,,felicidad,,,,,,,,,,,,,,,,tristeza,,,,felicidad,,,,tristeza,,,,,,,,enfado,,,,enfado,,,,,,,,tristeza,miedo,,,tristeza,,,,tristeza,,,,enfado,tristeza,,,miedo,,,,tristeza,enfado,,,sorpresa,,,,sorpresa,,,,sorpresa,,,,sorpresa,,,,sorpresa,miedo,,,sorpresa,felicidad,,,sorpresa,,,,sorpresa,,,,,,,,felicidad,,,,asco,,,,enfado,,,,miedo,,,,enfado,,,,,,,,enfado,,,,93139
2022-02-07 16:33:03,2022-02-07 17:31:47,IP Address,189.217.56.111,100,3524,True,2022-02-07 17:31:48,R_27KHuhgk2GVcZOL,,,,,19.4806060791015625,-99.24140167236328125,anonymous,ES,Yo Consiento,Femenino,51,Hispana o Latina,Título profesional,39930,Mexico,"Inglés,Español",,"Calificar lo que creo la persona en la imagen está experimentando,Ingresar ""NA"" en el cuadro de texto con la opción ""Ninguna"",Ingresar una sola palabra por cada cuadro de texto",,,,,,,,,Enojo,,,,Anhelo,,,,Enojo,,,,Decepción,,,,Concentración,,,,Fuerza,,,,Confusión,,,,,,,,Odio,,,,Rechazo,,,,Asco,,,,Incredulidad,,,,Asco,,,,,,,,Miedo,,,,Sorpresa,,,,Miedo,Incertidumbre,,,Sorpresa,Emoción,,,Sorpresa,Felicidad,,,Miedo,,,,Confusión,,,,Esfuerzo,,,,Felicidad,Esperanza,,,Felicidad,Calma,,,Felicidad,Esperanza,,,Felicidad,Gozo,,,Felicidad,Orgullo,,,Felicidad,Orgullo,,,Sorpresa,Felicidad,,,Felicidad,,,,Concentración,,,,Tranquilidad,,,,Decepción,,,,Esperanza,,,,Indiferencia,,,,,,,,Indiferencia,,,,Curiosidad,,,,Tristeza,Melancolía,,,Tristeza,,,,Tristeza,,,,Tristeza,,,,Tristeza,,,,Tristeza,,,,,,,,Tristeza,Decepción,,,Atención,Felicidad,,,Sorpresa,,,,Sorpresa,,,,Felicidad,,,,Sorpresa,Confusión,,,Sorpresa,Confusión,,,Sorpresa,,,,Ilusión,Sorpresa,,,,,,,,,,,Ilusión,,,,,,,,Enojo,,,,,,,,Confusión,,,,Indiferencia,,,,Tristeza,Incomprensión,,,Rencor,,,,Concentración,,,,Indiferencia,,,,Enojo,,,,Enojo,,,,Confusión,,,,Dolor,Enojo,,,Enojo,,,,Incredulidad,Asco,,,Anhelo,,,,Dolor,,,,Repulsión,,,,Repulsión,,,,Desagrado,,,,Asco,,,,Asco,,,,Miedo,Incertidumbre,,,Tristeza,,,,Sorpresa,Incredulidad,,,Confusión,,,,Sorpresa,,,,Sorpresa,,,,Nostalgia,,,,Esperanza,,,,Felicidad,,,,Felicidad,,,,Felicidad,Orgullo,,,Felicidad,,,,,,,,Felicidad,Curiosidad,,,Felicidad,,,,Felicidad,,,,Rencor,Decepción,Enojo,,,,,,Indiferencia,,,,,,,,Nostalgia,,,,Confusión,,,,,,,,,,,,Tristeza,,,,Incomprensión,,,,Tristeza,Impotencia,,,Incomprensión,,,,Enojo,Rencor,,,Tristeza,,,,Melancolía,,,,Tristeza,Incomprensión,,,Sorpresa,,,,Sorpresa,Confusión,,,Confusión,,,,Sorpresa,Alegría,,,Sorpresa,Incredulidad,,,Confusión,,,,Sorpresa,,,,Sorpresa,Alegría,,,Confusión,,,,,,,,Felicidad,Orgullo,,,Confusión,,,,Sorpresa,,,,,,,,Confusión,,,,Alegría,,,,Tristeza,,,,Enojo,,,,Enojo,,,,,,,,Desaprobación,,,,Enojo,,,,Enojo,,,,Concetración,,,,,,,,Enojo,Repulsión,,,,,,,Desaprobación,,,,Confusión,,,,Asco,,,,,,,,Sorpresa,Miedo,,,Asco,,,,Sorpresa,Repulsión,,,Sorpresa,Incertidumbre,,,Confusión,,,,Tristeza,Miedo,Incertidumbre,,Miedo,Asco,,,Confusión,,,,Terror,Sorpresa,,,Sorpresa,Incredulidad,,,Felicidad,,,,Felicidad,Orgullo,,,Felicidad,,,,Alegría,,,,Felicidad,,,,Felicidad,,,,Alegría,,,,Felicidad,,,,Anhelo,,,,Tranquilidad,,,,Indiferencia,,,,Curiosidad,,,,Desafiante,,,,Indiferencia,,,,,,,,,,,,Melancolía,,,,Nostalgia,Tristeza,,,Tristeza,Impotencia,,,Melancolía,,,,Tristeza,,,,Tristeza,,,,Confusión,,,,Tristeza,,,,Sorpresa,,,,Sorpresa,Felicidad,,,Miedo,Sorpresa,,,Sorpresa,,,,Sorpresa,,,,Sorpresa,,,,Sorpresa,,,,Confusión,,,,Provocación,,,,Felicidad,,,,Confusión,,,,,,,,Confusión,,,,,,,,Desaprobación,,,,Indiferencia,,,,66630
2022-02-09 10:54:20,2022-02-09 11:37:35,IP Address,73.145.245.48,100,2595,True,2022-02-09 11:37:36,R_31jtMilnPDXrzCy,,,,,42.3914031982421875,-83.14929962158203125,anonymous,ES,Yo Consiento,Masculino,28,Hispana o Latina,Título profesional,30211,Colombia,"Inglés,Español",,"Calificar lo que creo la persona en la imagen está experimentando,Ingresar ""NA"" en el cuadro de texto con la opción ""Ninguna"",Ingresar una sola palabra por cada cuadro de texto",Disgusto,Ira,,,Furia,Agresividad,,,Ira,Agresividad,,,inconformidad,decepción,,,Enojo,Agresividad,,,tristeza,Decepción,,,Ira,Decepción,,,Furia,Enojo,,,desaprobación,confusión,,,Repudio,Rechazo,,,Disgusto,Asco,,,Sorpresa,Asco,Repugnancia ,,Asco,Disgusto,repugnancia,,Decepción,Inconformidad,,,Desaprobación,Repudio,,,Asco,,,,Miedo,sorpresa,,,Sorpresa,Miedo,Angustia,,disgusto,asco,,,Sorpresa,,,,Sorpresa,Felicidad,,,Tristeza,Dolor,Desesperación,,Miedo,,,,repelencia ,,,,Comodidad,,,,Felicidad,Agrado,,,Felicidad,Tranquilidad,,,Felicidad ,alegría ,,,Felicidad,Agrado,,,Felicidad,,,,Sorpresa,Felicidad,,,Felicidad,Tranquilidad,,,Decepción,Tristeza,Confusión,,,,,,Rechazo,,,,,,,,,,,,Incomodidad,tristeza,,,,,,,,,,,Tristeza,dolor,,,Tristeza,Miedo,,,Tristeza,,,,,,,,Tristeza,Disgusto,Asco,,Tristeza,Sufrimiento,,,Tristeza,,,,Tristeza,Decepción,,,Sopresa,Felicidad,,,sorpresa,,,,Sorpresa,Desaprobación ,,,Sorpresa ,,,,Sorpresa,Aprovación,,,Sorpresa,Miedo,,,Sopresa,,,,sorpresa ,,,,Disgusto,Asco,,,Disgusto,,,,Desorientación,,,,Desorientación,,,,Repudio,Rabia,,,decepción,,,,Incredulidad,Disgusto,,,Desaprobación,,,,Tristeza,dolor,,,Decepción,Disgusto,,,Decepción,Desaprobación,,,Desaprobación,Rabia,,,Desaprobación,Disgusto,,,Ira,Rabia,Agresividad,,Disgusto,,,,Ira,Agresividad,,,ira,disgusto,agresividad,,Repudio,Inconformidad,Desaprobación,,Confución,inconformidad,,,Disgusto,Asco,desaprobación,,Disgusto,Desaprobación,,,Asco,Desorientación,Repudio,,Disgusto,Desaprobación,,,Asco,Disgusto,Desaprobación,,Asco,Desaprobación,,,Tristeza,Dolor,Miedo,,miedo,Disgusto,,,Sorpresa,Decepción,,,Confusión,,,,Sorpresa,,,,sorpresa,,,,Desaprobación,Repudio,Rechazo,,Tristeza,,,,Felicidad,aprobación,,,felicidad,aprobación,,,Felicidad,,,,Complacido,,,,aprobación,,,,Felicidad,,,,felicidad,,,,felicidad,,,,,,,,Tristeza,,,,Arrepentimiento,,,,,,,,Desaprobación,Incredulidad,,,Confusión,,,,Confusión,,,,,,,,Tristeza,Dolor,,,Tristeza,Sufrimiento,,,Tristeza,Dolor,,,miedo,dolor,,,Tristeza,Rabia,,,trsiteza,,,,Decepción,Tristeza,,,trsiteza,miedo,,,Sorpresa,Aprobación,,,Incredulidad,,,,Confución,,,,Sorpresa,Miedo,,,Sorpresa,Aprobación,,,Confución,incredulidad,,,Sorpresa,Miedo,,,Ira,Agresividad,,,Desaprobación,,,,Desaprobación,,,,Felicidad,Agresividad,,,Decepción,,,,Sorpresa,,,,,,,,Desaprobación,Disgusto,,,,,,,miedo,dolor,,,Ira,Desaprobaación,,,Furia,Desaprobación,,,Desaprobación,Ira,,,Ira,Desaprobación,,,Ira,Agresividad,,,Ira,Agresividad,Desaprobación,,Decepción,Ira,,,Ira,Agresividad,disgusto,,Disgusto,asco,Desaprobación,,Ira,Agresividad,,,Disgusto,Asco,Desaprobación,,Desaprobación,Asco ,Disgusto,,Aasco,Disgusto,,,Asco,Disgusto,,,Sorpresa,Miedo,Terror,,Asco,Repudio,Desaprobación,,Sorpresa,Asco,Desaprobación,,Sopresa,Desaprobación,,,Tristeza,Disgusto,,,Tristeza,Dolor,Desesperación,,sorpresa,miedo,disgusto,,Sorpresa,miedo,,,Sorpresa,miedo,,,sorpresa,miedo,,,Aprobación,Felicidad,,,Felicidad,,,,Complacencia,Felicidad,,,Felicidad,Sorpresa,,,Felicidad,Aprobación,,,Felicidad,Sopresa,,,Felicidad,,,,felicidad,,,,Aprobación,Felicidad,,,,,,,Desaprobación,,,,,,,,,,,,dECEPCIÓN,,,,,,,,Concentración,,,,Desaprobación,Disgusto,,,desaprobación,,,,Tristeza,Dolor,,,Tristeza,,,,tristeza,Dolor,,,Tristeza,Decepción,,,Decepción,Desaprobación,,,Tristeza,Dolor,,,Sorpresa,Flelicidad,,,Sorpresa,Aprobación,,,Sorpresa,Disgusto,,,Sorpresa,,,,sorpresa,,,,Sorpresa,,,,sorpresa,,,,,,,,Felicidad,,,,Felicidad,,,,Desaprobación,,,,,,,,Incredulidad,Confusión,,,Ira,Agresividad,,,dESORIENTACIÓN,,,,Desaprobación,Decepción,,,89278
2022-02-17 13:58:54,2022-02-17 14:20:58,IP Address,181.175.137.242,100,1323,True,2022-02-17 14:20:58,R_2cBhkEP0rXGAoQJ,,,,,-0.21429443359375,-78.50170135498046875,anonymous,ES,Yo Consiento,Masculino,26,Hispana o Latina,Grado de educación superior de 4 años o más,37394,Ecuatoriano,"Inglés,Español",,"Calificar lo que creo la persona en la imagen está experimentando,Ingresar ""NA"" en el cuadro de texto con la opción ""Ninguna"",Ingresar una sola palabra por cada cuadro de texto",Enojo,Molestia,,,Ira,Enojo,,,Ira,enojo,,,Enojo,Irritado,,,Molesta,Enojada,,,Enojo,Sueño,,,Cansancio,,,,Juguetón,Contento,,,Disgusto,,,,Disgustada,,,,Enojo,Disgusto,,,Disgusto,Broma,,,Disgusto,Acidez,,,Disgusto,Broma,,,Disgusto,,,,Disgusto,Broma,,,Disgusto,,,,asustada,sorprendida,expectante,,Burla,,,,Sorpresa,Alegria,,,Sorpresa,Confusión,Hipocrecía,,Hambre,,,,Broma,Ironía,Sarcasmo,,Molestoso,Jugueton,,,Neutralidad,,,,Alegría,,,,Alegría,Jocoso,,,Risa,Alegría,,,Falsedad,Tensión,,,Alegría,Comodidad,,,Feliz,,,,Alegría,,,,Irritada,,,,Alegría,Contenta,,,Molestia,,,,Disgusto,,,,Enojo,Irritación,,,Neutralidad,,,,Molestía,,,,Disgusto,,,,Dolor,Preocupación,,,Dolor,,,,Preocupación,,,,Dolor,,,,Disgusto,dolor,,,Triste,,,,Neutralidad,,,,Tristeza,Dolor,,,Molestia,Preocupación,,,Fascinación,,,,Sorprendido,Admirado,,,Alegría,Juego,,,Broma,Ironía,,,Sorpresa,Confusión,,,Sorpresa,,,,Interesado,Analítico,,,Felicidad,Exhibicionismo,,,Tristeza,Dolor,,,Felicidad,Broma,,,Sueño,,,,Molesta,,,,Broma,Sueño,,,Broma,Ironía,,,Preocupación,,,,Dolor,Hambre,,,ira,,,,disgusto,molestia,,,molestia,disgusto,,,molestia,disgusto,,,disgusto,,,,disgusto,,,,ira,,,,ira,molestia,,,disgusto,,,,disgusto,,,,dolor,incomodidad,,,disgusto,,,,burla,ironía,,,disgusto,,,,disgusto,exhibicionismo,inmadurez,,disgusto,,,,Dolor,sufrimiento,,,dolor,sufrimiento,,,Ironía,broma,falsedad,,Sorpresa,Molestia,,,sorpresa,,,,sorpresa,,,,dolor,preocupación,,,admiración,,,,alegria,,,,felicidad,,,,alegria,,,,felicidad,,,,burla,,,,alegria,picardia,,,comodidad,,,,felicidad,,,,molestia,disgusto,,,Libido,,,,seriedad,,,,neutralidad,,,,ebriedad,,,,confusion,,,,sorpresa,,,,neutralidad,,,,dolor,sufrimiento,,,Dolor,hambre,,,dolor,,,,dolor,,,,enojo,,,,Berrinche,,,,dolor,pena,,,dolor,,,,sorpresa,,,,sorpresa,confusión,,,Confusión,,,,alegria,euforia,,,sorpresa,,,,confusión,,,,falsedad,ironía,exhibicionismo,,juego,sorpresa,admiracion,,Incomodidad,,,,ironía,,,,Manía,locura,,,molestia,disgusto,,,sorpresa,acidez,,,Picardía,,,,sueño,,,,felicidad,,,,dolor,sufrimiento,,,enojo,,,,enojo,,,,enojo,,,,enojo,,,,enojo,,,,ira,,,,enojo,,,,enojo,,,,broma,juego,,,disgusto,,,,disgusto,,,,disgusto,,,,disgusto,,,,disgusto,,,,sorpresa,susto,,,disgusto,,,,enojo,,,,sorpresa,disgusto,,,disgusto,,,,sufrimiento,,,,preocupación,,,,sorpresa,,,,sorpresa,,,,sorpresa,,,,alegria,,,,felicidad,,,,felicidad,orgullo,,,alegria,,,,alegria,,,,alegria,,,,alegria,,,,felicidad,,,,disgusto,,,,alegria,,,,molestia,,,,disgusto,,,,disgusto,,,,neutralidad,,,,alegria,,,,neutralidad,,,,disgusto,,,,disgusto,,,,dolor,,,,disgusto,,,,dolor,sufrimiento,,,disgusto,,,,disgusto,,,,dolor,,,,sorpresa,,,,alegria,,,,confusión,,,,sorpresa,,,,sorpresa,,,,alegria,,,,sorpresa,,,,sorpresa,,,,orgullo,,,,alegria,juego,,,preocupación,,,,coqueteria,,,,sorpresa,,,,alegria,,,,disgusto,,,,disgusto,,,,98419
2022-02-17 14:35:09,2022-02-17 15:08:45,IP Address,34.100.9.107,100,2016,True,2022-02-17 15:08:45,R_1GK5jugPNXI800K,,,,,-23.5334930419921875,-46.635894775390625,anonymous,ES,Yo Consiento,Masculino,40,Hispana o Latina,Título profesional,32958,México,"Inglés,Español",,"Calificar lo que creo la persona en la imagen está experimentando,Ingresar ""NA"" en el cuadro de texto con la opción ""Ninguna"",Ingresar una sola palabra por cada cuadro de texto",enojo,,,,enojo,,,,enojo,,,,sorpresa,,,,enojo,,,,tristeza,,,,,,,,felicidad,,,,desagrado,,,,desagrado,enojo,,,enojo,,,,Asombro ,Desagrado,,,desagrado,,,,sorpresa,,,,desagrado,sorpresa,,,sorepresa,,,,miedo,desagrado,,,sorpresa,incredulidad,,,miedo,sorpresa,,,sorpresa,,,,asombro,,,,tristeza,enojo,,,miedo,asombro,,,sorpresa,felicidad,,,alegria,,,,felicidad,,,,alegria,,,,Felicidad,,,,asombro,,,,alegria,,,,asombro,alegría,,,alegria,,,,tristeza,,,,,,,,,,,,,,,,,,,,,,,,,,,,pensativo,,,,tristeza,,,,tristeza,,,,tristeza,descepción ,,,tristeza,,,,tristeza,,,,tristeza,descepción ,,,tristeza,,,,tristeza,,,,asombro,felicidad,,,sorpresa,asombro,,,sorpresa,incredulidad,,,felicidad,asombro,,,sorpresa,desagrado,,,sorpresa,,,,asombro,miedo,,,,,,,felicidad,jugueteo,,,,,,,RECORDANDO,,,,,,,,incredulidad,,,,tristeza,,,,asombro,,,,asombro,,,,tristeza,,,,enojo,descepción,,,tristeza,enojo,,,enojo,,,,enojo,,,,enojo,,,,enojada,sorprendida,,,enojado,,,,enojo,,,,desagrado,,,,desagrado,,,,enojo,,,,desagrado,,,,desagrado,,,,desagrado,,,,desagrado,,,,desagrado,,,,miedo,,,,tristeza,,,,sorprendido,,,,sorpresa,,,,asombro,,,,asombro,sorpresa,,,desagrado,,,,triste,,,,felicidad,,,,felicidad,,,,felicidad,,,,feliz,,,,descepción,,,,felicidad,,,,felicidad,,,,felicidad,,,,,,,,descepción,,,,tristeza,,,,,,,,,,,,descepción,,,,,,,,,,,,tristeza,,,,tristeza,,,,tristeza,,,,tristeza,,,,tristeza,,,,tristeza,,,,,,,,tristeza,,,,sorpresa,,,,,,,,sorpresa,,,,sorprendido,feliz,,,sorpresa,,,,asombro,,,,sorpresa,,,,sorpresa,,,,confundida,,,,desagrado,,,,,,,,descepción,,,,sorpresa,,,,sorprendida,,,,asombro,,,,feliz,sorpresa,,,tristeza,,,,enojo,,,,desagrado,enojo,,,enojo,,,,enojo,,,,enojo,,,,enojo,,,,,,,,enojo,,,,enojo,,,,desagrado,,,,desagradable,,,,desagrado,,,,desagrado,,,,desagrado,,,,miedo,desagrado,,,desagrado,,,,desagrado,,,,tristeza,,,,tristeza,,,,tristeza,,,,miedo,desagradable,,,sopresa,,,,sorpresa,,,,sorpresa,incredulidad,,,alegria,,,,alegria,,,,alegría,,,,alegría,,,,felicidad,,,,alegria,,,,alegria,,,,alegria,,,,,,,,felicidad,,,,descepción,,,,,,,,sorpresa,picardia,,,,,,,,,,,,,,,tristeza,descepción,,,tristeza,,,,tristeza,,,,tristeza,,,,tristeza,,,,descepción,,,,tristeza,,,,tristeza,,,,sorpresa,,,,sorpresa,felicidad,,,miedo,,,,sorpresa,,,,sorpresa,,,,sorpresa,felicidad,,,sorpresa,,,,miedo,,,,felicidad,jugueteo,,,alegria,,,,desagrado,,,,Asombro,incredulidad,,,desagrado,,,,enojo,,,,descepción,,,,descepción,,,,42860
2022-02-23 18:51:49,2022-02-23 19:33:37,IP Address,186.167.250.218,100,2507,True,2022-02-23 19:33:37,R_1mmdC34yvpDXCFu,,,,,8,-66,anonymous,ES,Yo Consiento,Masculino,43,Hispana o Latina,Grado de educación superior de 4 años o más,6549,VENEZUELA,"Inglés,Español,Portugués",,"Calificar lo que creo la persona en la imagen está experimentando,Ingresar ""NA"" en el cuadro de texto con la opción ""Ninguna"",Ingresar una sola palabra por cada cuadro de texto",IRONICO,,,,RECHAZO,,,,ENOJO,IRA,,,TRISTEZA,,,,MOLESTO,,,,TRISTEZA,,,,INTUICIÓN,,,,IRA,,,,EXTRAÑADA,,,,RECHAZO,,,,RECHAZO,,,,,,,,RECHAZO,,,,ALEGRÍA,,,,MIEDO,,,,EXTRAÑADO,,,,MIEDO,,,,EXTRAÑADO,,,,MIEDO,,,,ASOMBRO,,,,SUSTO,,,,TRISTEZA,,,,,,,,MUESCA,,,,,,,,ALEGRÍA,,,,ALEGRÍA,,,,ALEGRÍA,,,,ALEGRÍA,,,,ALEGRÍA,,,,ALEGRÍA,,,,ALEGRÍA,,,,,,,,,,,,,,,,TRISTEZA,,,,,,,,,,,,,,,,,,,,TRISTEZA,,,,TRISTEZA,,,,TRISTEZA,,,,TRISTEZA,,,,TRISTEZA,,,,TRISTEZA,,,,SUSPICAZ,,,,TRISTEZA,,,,ALEGRÍA,,,,SORPRESA,,,,SORPRESA,,,,ALEGRÍA,,,,SORPRESA,ASOMBRO,,,ASOMBRO,,,,SORPRESA,,,,SORPRESA,,,,MUESCA,,,,,,,,,,,,ALEGRÍA,,,,SUSPICAZ,,,,SUSPICAZ,,,,,,,,,,,,TRISTEZA,,,,TRISTEZA,,,,TRISTEZA,,,,,,,,RECHAZO,,,,ODIO,,,,,,,,EUFORIA,,,,MOLESTO,,,,IRONIA,,,,TRISTEZA,,,,RECHAZO,,,,IRONICO,,,,TRISTE,,,,PICARO,,,,RECHAZO,,,,RECHAZO,,,,TRISTEZA,,,,TRISTEZA,,,,EXTRAÑADO,,,,MIEDOSO,,,,SUSTO,,,,SORPRENDIDO,,,,ALERTA,,,,TRISTE,,,,ALEGRÍA,,,,ALEGRÍA,,,,ALEGRÍA,,,,ALEGRE,,,,SUSPICAZ,,,,ALEGRÍA,,,,ALEGRE,,,,ALEGRÍA,,,,,,,,,,,,,,,,TRISTEZA,,,,,,,,,,,,,,,,,,,,TRISTEZA,,,,TRISTEZA,,,,TRISTEZA,,,,TRISTEZA,,,,TRISTEZA,,,,TRISTEZA,,,,TRISTEZA,,,,TRISTE,,,,SORPRENDIDO,,,,,,,,ASUSTADO,,,,SORPRENDIDO,,,,SORPRESA,,,,,,,,SORPRENDIDO,,,,SORPRENDIDO,,,,,,,,MOLESTA,,,,INTRIGANTE,,,,TRISTE,,,,SORPRENDIDO,,,,,,,,EXTRAÑADO,,,,SUSPICAZ,,,,TRISTE,,,,MOLESTA,,,,MOLESTA,,,,MOLESTO,,,,TRISTEZA,,,,RECHAZO,,,,MOLESTA,,,,,,,,MOLESTO,,,,RECHAZO,,,,SORPRESA,,,,RECHAZO,,,,IRONICO,,,,SORPRESA,,,,SORPRENDIDA,,,,ASUSTADO,,,,MOLESTO,,,,MOLESTA,,,,SORPRENDIDO,,,,TRISTE,,,,TRISTE,,,,ASUSTADA,,,,,,,,SORPRENDIDO,,,,SORPRENDIDO,,,,ALEGRE,,,,FELIZ,,,,ALEGRE,,,,ALEGRE,,,,ALEGRE,,,,ALEGRE,,,,ALEGRE,,,,ALEGRE,,,,,,,,ALEGRE,,,,TRISTE,,,,,,,,SUSPICAZ,,,,,,,,,,,,,,,,TRISTEZA,,,,TRISTE,,,,TRSITE,,,,TRISTEZA,,,,TRISTE,,,,MOLESTA,,,,TRISTE,,,,TRISTEZA,,,,SORPRESA,,,,ALEGRE,,,,SORPRESA,,,,SORPRESA,,,,SORPRENDIDA,,,,ALEGRE,,,,SORPRESA,,,,SORPRENDIDO,,,,ALEGRE,,,,ALEGRE,,,,DUDOSO,,,,EXTRAÑADO,,,,ASUSTADA,,,,SUSPICAZ,,,,IRONICO,,,,,,,,56167
2022-02-24 06:12:33,2022-02-24 08:50:08,IP Address,37.120.202.201,100,9455,True,2022-02-24 08:50:09,R_3ew3wBG2p59vARl,,,,,40.78759765625,-74.05999755859375,anonymous,ES,Yo Consiento,Masculino,35,Hispana o Latina,Título profesional,97119,Venezuela,"Inglés,Español",,"Calificar lo que creo la persona en la imagen está experimentando,Ingresar ""NA"" en el cuadro de texto con la opción ""Ninguna"",Ingresar una sola palabra por cada cuadro de texto",Desacuerdo ,Negación ,Rechazo ,,Protesta ,Reclamación ,Enojo,,Reclamación ,Protesta,Reivindicar ,,Extrañado ,Desagrado,Negación ,,Enojo,Desgrado,Desacuerdo ,,Enojo,Desacuerdo ,Negación ,,Serio,Desagrado,Desaprobación ,,Alegría ,Diversión ,Emocionado ,,Negación ,Desaprobación ,Desacuerdo ,,Asco,Desagrado,Desaprobación ,,Desaprobación ,Negación ,Descontento ,,Asco,Sorprendido,Rechazo,,Asqueado,Desagrado,Rechazo,,Picardia ,Travesura,Alegría ,,Rechazo,Negación ,Desaprobación ,,Broma,Diversión ,Felicidad ,,Preoupacion,Miedo,Asombro ,,Horrorizada ,Atemorizada,Sorprendida,,Asustado,Horrorizado,Sorprendido ,,Emocionado ,Sorprendido ,Alegría ,,Sorprendida,Horrorizada ,Temor,,Desconsolada ,Tristeza ,Desilusionada ,,Horrorizado ,Asustado,Sorprendido ,,Sorprendido ,Efusivo,Miedo,,Sereno,Atento,Observador ,,Contento,Felicidad,Divertido ,,Alegre,Emocionado,Contento,,Alegría ,Felicidad ,Emocionado ,,Alegría ,Felicidad ,Diversión ,,Alegría ,Emocionada,Felicidad,,Efusivo ,Sorprendido,Alegre,,Alegría ,Felicidad ,Placer,,Atento ,Expectativa,Examinando ,,Alegre,Felicidad ,Tranquila ,,Confuso,Atento,Sereno,,Sospecha ,Serenidad,Tranquilidad ,,Atención ,Cooperación ,Serenidad ,,Atento,Sereno,Tranquila ,,Atento,Sereno,Tranquilidad ,,Atento,Sereno,Riendo,,Tristeza,Melancolía ,Afligida ,,Tristeza,Desilusion,Desánimo ,,Tristeza,Desilusionado,Miedo ,,Tristeza ,Desconsolado,Desilusionado,,Tristeza ,Desilusionada ,Temor,,Desconsolada,Tristeza ,Desilusionada ,,Confundido,Sospecha,Negación ,,Tristeza ,Desilusionado,Negación ,,Riendo,Observando,Contento,,Sorprendida,Asustada,Atemorizada,,Sorprendido ,Sospecha ,Temor,,Sorprendido,Impresionado,Agradado,,Sorprendido ,Incrédulo ,Horrorizada ,,Sorprendida,Austada,Aterrorizada ,,Sorprendido ,Horrorizado,Asustado,,Emocionado,Sorprendido ,Felicidad ,,Divivertida,Festejando,Broma,,Impresión ,Atención ,Temor,,Burla,Irreverencia ,Confusión ,,Disfrute ,Placer,Deseo ,,Suspicaz ,Incredulidad ,Rechazo,,Sospecha ,Desacuerdo ,Desaprobación ,,Incredulidad,Escepticismo,Incredulidad,,Confundido ,Sospecha ,Sorprendido ,,Desconsolado ,Tristeza ,Desilusionado,,Rechazo ,Negación ,Enojo,,Enojo,Desaprobación ,Sorprendido,,Sospecha,Tranquilo ,Sereno,,Enojo,Rechazo,Negación ,,Protesta ,Negación ,Enojo,,Deprimida,Negación ,Tristeza ,,Enojo,Rechazo ,Desacuerdo ,,Rabia,Enojo,Rechazo ,,Soprendida,Impresionada ,Temor,,Confundido ,Sospecha ,Sorprendida ,,Rechazo ,Negación ,Sorprendido ,,Negación ,Rechazo,Desaprobación ,,Sorprendida,Rechazo,Asco,,Rechazo ,Asco ,Negación ,,Asco,Rechazo,Negación ,,Rechazo ,Negación ,Asco,,Horrorizada ,Atemorizada,Sorprendida,,Horrorizada ,Temor,Pánico ,,Sorprendido ,Horrorizado ,Miedo,,Sorprendido ,Confundido ,Temor,,Sorprendida,Efusiva ,Atemorizada ,,Sorprendida ,Temor,Horrorizada ,,Miedo ,Aterrorizado,Confundido ,,Tristeza ,Desilusionado ,Miedo ,,Alegría ,Felicidad ,Diversión ,,Alegría ,Felicidad ,Emocionada,,Alegría ,Felicidad ,Emocionado ,,Felicidad ,Alegría ,Diversión ,,Alegre,Felicidad,Diversión ,,Alegría ,Felicidad ,Emocionada,,Alegría ,Felicidad,Contento ,,Alegría ,Felicidad ,Diversión ,,Serenidad ,Tranquila ,Rechazo ,,Sorprendida ,Preocupación ,Serenidad ,,Sorprendido ,Confuso ,Sereno,,Sorprendido,Tranquilo,Atento,,Rechazo,Negación ,Desaprobación ,,Atento ,Confundida,Tranquila ,,Atento,Serenidad,Tranquilidad ,,Sereno,Tranquilidad,Alegría ,,Tristeza ,Temor,Horrorizada ,,Tristeza ,Protesta ,Enojo,,Tristeza ,Desilusionado ,Abrumado ,,Desconsolado ,Tristeza ,Deprimido,,Tristeza ,Negación ,Rechazo ,,Tristeza ,Desconsolado ,Desilusionado,,Preocupación ,Temor,Seriedad,,Tristeza ,Desilusionado ,Desconsolado ,,Emocionada,Alegría ,Diversión ,,Preocupación ,Sorprendida ,Atenta ,,Confusión ,Sospecha ,Atento ,,Sorprendido ,Alegre,Emocionado ,,Sorprendida ,Emocionada,Diversión ,,Confundida,Sorprendida,Atenta ,,Sorprendido ,Horrorizado,Atemorizado ,,Alegría ,Emocionado ,Celebración ,,Desaprobación ,Rechazo ,Incredulidad ,,Desaprobación ,Rechazo,Preocupación ,,Emocionado ,Efusividad,Felicidad ,,Atento,Sereno,Sorprendido ,,Sorprendida,Sospecha ,Temor,,Sospecha ,Preocupación ,Temor,,Preocupación ,Sorprendido ,Rechazo ,,Agrado,Emocionado ,Felicidad ,,Tristeza ,Desconsolada,Desilusionada ,,Protesta ,Enojo ,Descontento ,,Enojo,Protesta,Desacuerdo ,,Rechazo ,Negación ,Descontento ,,Rechazo ,Negación ,Desacuerdo ,,Enojo,Protesta,Negación ,,Enojo,Protesta,Desacuerdo ,,Seriedad ,Decisión ,Determinación ,,Enojo,Rabia,Rechazo,,Asco,Rechazo ,Negación ,,Broma,Diversión ,Alegría ,,Enojo,Rechazo ,Desacuerdo ,,Rechazo ,Confundido ,Negación ,,Sorprendida ,Preocupada ,Asustada ,,Rechazo,Negación ,Desacuerdo ,,Horrorizado,Sorprendido ,Miedo ,,Rechazo ,Negación ,Asco,,Miedo,Enojo ,Preocupación ,,Sorprendida ,Preocupación ,Miedo,,Confundido ,Negación ,Desacuerdo ,,Tristeza ,Enojo,Protesta ,,Horrorizada ,Atemorizada,Sorprendida ,,Sorprendida,Preocupación ,Miedo,,Sorprendido ,Enojo ,Atemorizado ,,Atemorizado ,Miedo ,Sorprendido ,,Alegria,Felicidad,Diversión ,,Alegría ,Felicidad ,Tranquilidad ,,Alegré ,Felicidad ,Diversión ,,Felicidad ,Alegría ,Diversión ,,Alegría ,Diversión ,Felicidad ,,Diversión ,Alegría ,Emocionada,,Alegría ,Felicidad ,Diversión ,,Alegría ,Diversión ,Emocionado ,,Seriedad ,Tranquilidad ,Atento ,,Alegría ,Nervio ,Confusión ,,Enojo ,Negación ,Seriedad ,,Rechazo,Atento,Seriedad ,,Serenidad ,Tranquilidad ,Atento ,,Felicidad ,Tranquilidad ,Serenidad ,,Nervio ,Preocupación ,Miedo ,,Sorprendido,Miedo ,Preocupación ,,Nervisa,Miedo,Preocupación ,,Preocupación ,Miedo,Sorprendida,,Tristeza ,Desconsolado ,Preocupación ,,Tristeza ,Preocupación ,Miedo,,Miedo,Preocupación ,Desconsolada,,Negación ,Rechazo ,Desaprobación ,,Preocupación ,Negacion,Desacuerdo ,,Tristeza ,Desconsolado ,Desilusionado ,,Emocionada ,Sorprendida ,Preocupación ,,Diversión ,Alegría ,Emocionada,,Miedo,Atemorizado,Sorprendido ,,Sorprendido ,Atemorizado ,Preocupación ,,Sorprendido ,Preocupación ,Miedo,,Miedo ,Aterrorizada ,Sorprendida ,,Sorprendido ,Preocupación ,Atemorizado ,,Preocupación ,Sorprendido ,Confundido ,,Diversión ,Alegría ,Felicidad ,,Alegría ,Diversión ,Felicidad,,Sospecha ,Confusión ,Preocupación ,,Sospecha ,Rechazo ,Preocupación ,,Confundida ,Sorprendido ,Preocupación ,,Broma,Enojo,Burla,,Irritado ,Enojado ,Obstinado ,,Incredulidad ,Negación ,Desacuerdo ,,46088
2022-02-25 07:06:22,2022-02-25 07:56:31,IP Address,186.54.252.173,100,3008,True,2022-02-25 07:56:31,R_2WScQMMBOHVt8xI,,,,,-34.85760498046875,-56.170196533203125,anonymous,ES,Yo Consiento,Masculino,32,Hispana o Latina,Magister o Master,114296,Uruguay,"Inglés,Español,Portugués",,"Calificar lo que creo la persona en la imagen está experimentando,Ingresar ""NA"" en el cuadro de texto con la opción ""Ninguna"",Ingresar una sola palabra por cada cuadro de texto",Concentración,,,,Enojo,,,,Enojo,Desaprobación,,,Preocupación,Tristeza,,,Sorpresa,Enojo,,,Desacuerdo,Desaprobación,,,Concentración,Seriedad,,,Atención,,,,Desacuerdo,Negatividad,,,Confusión,Pensamiento,Indecisión,,Indecisión,Furia,,,Sorpresa,Incredulidad,,,Desacuerdo,,,,Diversión,Complicidad,,,Preocupación,,,,Cuestionamiento,,,,Susto,Miedo,,,Sorpresa,Incredulidad,,,Miedo,Susto,Preocupación,,Sorpresa,Felicidad,,,Actuación,Diversión,,,Sorpresa,Preocupación,,,Sorpresa,Preocupación,,,Diversión,,,,Aprobación,Atención,,,Felicidad,,,,Aprobación,Felicidad,,,Felicidad,Alegría,,,Felicidad,Sorpresa,,,Felicidad,Tranquilidad,,,Diversión,Felicidad,,,Felicidad,Alegría,,,Atención,Seriedad,,,Tranquilidad,,,,Atención,Seriedad,,,Seriedad,Enojo,,,Atención,Seriedad,,,Seriedad,Tranquilidad,,,Seriedad,Atención,,,Tranquilidad,,,,Tristeza,,,,Tristeza,Decepción,,,Preocupación,Tristeza,,,Tristeza,,,,Tristeza,Sorpresa,,,Tristeza,,,,Pensamiento,Indecisión,,,Tristeza,,,,Gracia,Sorpresa,,,Sorpresa,,,,Sorpresa,,,,Diversión,,,,Reacción,Sorpresa,,,Sorpresa,,,,Sorpresa,,,,Sorpresa,,,,Diversión,,,,Seriedad,,,,Pensamiento,Disfrute,,,Tranquilidad,,,,Atención,Reflexión,,,Indiferencia,Tristeza,,,Sorpresa,,,,Pensamiento,Reflexión,,,Llanto,Tristeza,,,Seriedad,Enojo,,,Enojo,Desconfianza,,,Preocupación,,,,Enojo,,,,Enojo,,,,Desconfianza,,,,Enojo,,,,Furia,Enojo,,,Desaprobación,Desentendimiento,,,Confusión,,,,Dolor,,,,Desconfianza,,,,Actuación,Simulación,,,Reflexión,Confusión,Diversión,,Asco,,,,Desaprobación,,,,Miedo,Preocupación,,,Tristeza,,,,Sorpresa,,,,Concentración,,,,Sorpresa,Felicidad,,,Sorpresa,Incredulidad,,,Miedo,Preocupación,Tristeza,,Desilusión,Tristeza,,,Felicidad,,,,Alegría,,,,Felicidad,,,,Alegría,,,,Tranquilidad,,,,Alegria,,,,Tranquilidad,Alegría,,,Felicidad,,,,Seriedad,,,,Expresión,,,,Seriedad,,,,,,,,Tranquilidad,,,,Pensamiento,,,,Tranquilidad,,,,Tranquilidad,Calma,,,Tristeza,,,,Tristeza,Furia,,,Tristeza,,,,Tristeza,,,,Seriedad,,,,Tristeza,,,,Aburrimiento,,,,Tristeza,,,,Sorpresa,Felicidad,,,Concentración,,,,Concentración,,,,Sorpresa,Felicidad,,,Sospresa,,,,Sorpresa,,,,Sorpresa,Incredulidad,,,Sorpresa,Felicidad,,,,,,, Cariño,,,,Excitación,Ansiedad,,,Reflexión,,,,Picardía,,,,Complicidad,,,,Incredulidad,,,,Diversión,,,,Tristeza,,,,Enojo,Determinación,,,Enojo,Preocupación,,,Dureza,,,,Enojo,,,,Enojo,Rabia,,,Enojo,Furia,,,Seriedad,Concentración,,,Confusión,,,,Desaprobación,Desilusión,,,Diversión,,,,Confusión,,,,Confusión,,,,Sorpresa,Miedo,,,Desconfianza,,,,Miedo,Pánico,,,Desilusión,,,,Miedo,Preocupación,Sorpresa,,Sorpresa,,,,Desilusión,,,,Tristeza,,,,Sorpresa,Miedo,,,Diversión,,,,Susto,Miedo,,,Sorpresa,Incredulidad,,,Sensualidad,,,,Tranquilidad,,,,Confianza,,,,Felicidad,,,,Felicidad,,,,Felicidad,,,,Felicidad,,,,Felicidad,,,,Tranquilidad,,,,Tranquilidad,,,,Tranquilidad,,,,Seriedad,,,,Sensualidad,,,,Tranquilidad,,,,Tranquilidad,,,,Concentración,,,,Preocupación,,,,Preocupación,,,,Tristeza,,,,Tristeza,,,,Tristeza,Desilusión,,,Seriedad,,,,,,,,Tristeza,,,,Sorpresa,,,,Sorpresa,Felicidad,,,Sorpresa,Preocupación,,,Sorpresa,Incredulidad,,,Sorpresa,,,,Sorpresa,Felicidad,,,Sorpresa,,,,Atención,,,,Sensualidad,,,,Felicidad,,,,Desconfianza,,,,Desconfianza,,,,Sopresa,Confusión,,,Enojo,,,,Cansancio,,,,Aburrimiento,,,,64098
2022-02-25 10:19:10,2022-02-25 11:42:50,IP Address,190.36.13.167,100,5019,True,2022-02-25 11:42:51,R_2YLA6454o98cc1Q,,,,,9.75750732421875,-63.1768035888671875,anonymous,ES,Yo Consiento,Masculino,41,Blanca o caucásica,Título profesional,2958,venezuela,Español,,"Calificar lo que creo la persona en la imagen está experimentando,Ingresar ""NA"" en el cuadro de texto con la opción ""Ninguna"",Ingresar una sola palabra por cada cuadro de texto",brava,ira,,,rabia,,,,ira,,,,desapruebo,,,,ira,,,,brava,triste,,,ira,,,,ira,,,,desagrado,,,,desagrado,rabia,,,ira,desagrado,,,desagrado,,,,despresio,,,,repudio,,,,ira,,,,desagrado,,,,sorpresa,desorientada,,,sorpresa,,,,triste,,,,sorpresa,,,,sorpresa,,,,llanto,triste,,,triste,,,,feliz,,,,feliz,,,,feliz,alegria,,,alegria,,,,feliz,alegre,,,alegria,felicidad,,,feicidad,,,,alegre,feliz,,,feliz,,,,,,,na,,,,na,,,,na,serio,,,,,,,na,,,,na,,,,na,,,,na,triste,,,,triste,llanto,,,triste,,,,llanto,triste,,,triste,,,,triste,,,,triste,,,,triste,,,,aprecio,,,,sorpresa,,,,sorpresa,,,,sorprendido,,,,sorpresa,,,,sorpresa,,,,sorpresa,,,,sorpresa,,,,graaciosa,,,,,,,na,gracioso,,,,seguridad,aprobacion,,,desagrado,repudio,,,triste,,,,desorientado,,,,desorientado,,,,ira,llanto,,,ira,,,,,,,na,,,,na,ira,,,,ira,,,,ira,,,,ira,,,,ira,,,,sorpresa,,,,,,,na,dolor,,,,ira,,,,,,,na,repudio,,,,despresio,,,,ira,,,,triste,,,,triste,,,,sorpresa,,,,sorpresa,,,,ira,,,,sorpresa,,,,desorientado,,,,triste,,,,feliz,,,,feliz,,,,feliz,,,,feliz,,,,feliz,,,,feliz,,,,feliz,,,,feliz,,,,seria,,,,,,,na,,,,na,,,,na,,,,na,,,,na,,,,na,,,,na,triste,,,,triste,,,,triste,,,,ira,llanto,,,ira,,,,triste,,,,,,,na,triste,llanto,,,sorpresa,,,,anonadada,,,,sorpresa,,,,sorpresa,feliz,,,sorpresa,,,,sorpresa,,,,sorpresa,,,,sorpresa,,,,sorpresa,,,,desapruebo,,,,feliz,,,,,,,na,sorpresa,,,,,,,na,cauteloso,,,,feliz,,,,triste,,,,ira,,,,ira,,,,ira,,,,ira,,,,ira,,,,ira,,,,ira,,,,ira,,,,ira,,,,alegre,,,,ira,,,,,,,na,desagrado,,,,feliz,,,,sorpresa,horror,,,triste,,,,triste,,,,sorpresa,,,,triste,,,,triste,,,,triste,,,,sorpresa,,,,sorpresa,,,,sorpresa,,,,feliz,,,,feliz,,,,alegre,,,,feliz,,,,feliz,,,,feliz,,,,feliz,,,,feliz,,,,,,,na,,,,na,ira,,,,,,,na,,,,na,,,,na,,,,na,,,,na,triste,,,,,,,na,triste,,,,triste,,,,triste,,,,,,,na,triste,,,,triste,,,,sorpresa,,,,feliz,,,,sorpresa,,,,sorpresa,,,,sorpresa,,,,sorpresa,,,,sorpresa,,,,sorpresa,,,,feliz,,,,feliz,,,,ira,,,,dudativo,,,,sorpresa,,,,alegre,,,,,,,na,,,,na,39175
2022-03-01 20:38:18,2022-03-01 21:43:53,IP Address,189.127.167.211,100,3935,True,2022-03-01 21:43:54,R_w1yq6LMtftKNroZ,,,,,10.072601318359375,-69.32070159912109375,anonymous,ES,Yo Consiento,Masculino,25,Hispana o Latina,Título profesional,10141,Venezuela,"Inglés,Español",,"Calificar lo que creo la persona en la imagen está experimentando,Ingresar ""NA"" en el cuadro de texto con la opción ""Ninguna"",Ingresar una sola palabra por cada cuadro de texto",,,,,Enojo,,,,Enojo,Ira,,,Enojo,Confusión,,,,,,,Enojo,Ira,,,Enojo,,,,Gruñón,Enojado,,,Confusión,,,,Enojo,Frustración,Disgusto,,Enojo,Frustración,,,Asombro,Sorpresa,,,Asco,Molestia,,,Diversión,,,,Confusión,Asco,,,Enojo,,,,Confusión,Molestia,,,Asombrado,Sorprendido,,,Triste,Sorprendido,Asco,,Sorpresa,Alegría,,,Incomodidad,Sorpresa,,,Molestia,Tristeza,Asco,,Miedo,Sorpresa,,,Alegría,Diversión,,,Alegre,,,,Contenta,Alegría,,,Alegría,,,,Felicidad,Risas,Diversión,,Alegría,,,,Alegría,,,,Feliz,Distraído,,,Felicidad,Alegría,,,,,,,,,,,,,,,,,,,,,,,,,,,,,,,Pensativo,Distraído,,,Triste,Enojada,,,Tristeza,,,,Triste,Decepcionado,,,Llorar,Dolor,Tristeza,,Infeliz,Triste,,,Sospecha,Molestia,,,Molesto,Enojado,Pensativo,,Tristeza,,,,Alegría,Diversión,,,Sorpresa,Miedo,,,Asombro,,,,Asombro,Alegría,Contento,,Sorpresa,,,,Sorpresa,Alegría,,,Asombro,Sorpresa,,,,,,,Diversión,,,,Enojo,,,,Hambre,Distracción,,,Contento,,,,Sorpresa,,,,Molesto,,,,Disgusto,Molestia,,,Pensativo,Confundido,,,Llanto,Tristeza,,,Enojo,Ira,,,Enojado,,,,Enojado,,,,Enojado,,,,Enojo,Ira,,,Enojada,,,,Ira,Enojo,,,Enojo,Ira,Furioso,,Asco,Confundida,,,Confusión,,,,Enojo,,,,Enojo,,,,Asco,Molestia,,,Molestia,Disgusto,Enojo,,Asco,,,,Disgusto,Asco,Enojo,,Miedo,,,,Tristeza,,,,Miedo,Asombro,Asco,,Confundido,Sorprendido,,,Sorpresa,,,,Asombrada,Sorprendida,,,Distraído,Confundido,Dudoso,,Triste,,,,Alegría,Felicidad,,,Contenta,Alegre,,,Feliz,,,,Alegría,,,,Contenta,,,,Alegría,,,,Feliz,,,,Alegría,,,,,,,,,,,,Indiferencia,,,,,,,,,,,,Confusión,Pensativa,,,,,,,,,,,Triste,,,,Tristeza,,,,Tristeza,Dolor,,,Triste,,,,Disgusto,,,,Triste,,,,,,,,Triste,,,,Sorpresa,Asombro,,,Distraída,,,,Confusión,,,,Felicidad,Sorpresa,Asombro,,Sorprendida,,,,Sorpresa,Distracción,,,Asombrado,,,,Asombro,Felicidad,,,Confusión,Disgusto,,,Molesta,,,,Alegría,,,,Confundido,Distraído,,,Asombrada,,,,Distraída,,,,Confundido,,,,Contento,Divertido,,,Tristeza,,,,Enojo,,,,Enojado,Molesto,,,Enojo,,,,Enojo,,,,Enojo,Molestia,,,Ira,Enojo,,,Molestia,,,,Enojo,,,,Asco,Molestia,,,Enojo,,,,Molestia,Enojo,,,Confusión,Molestia,,,Miedo,Sorpresa,Asco,,Enojada,,,,Miedo,Asco,Sorpresa,,Asco,Confusión,,,Asco,Molestia,Asombro,,Sorpresa,,,,Enojo,Confusión,,,Tristeza,,,,Miedo,Asco,,,Sorprendida,,,,Sorpresa,Miedo,,,Miedo,Asombro,,,Contenta,,,,Felicidad,,,,Sorpresa,Divertido,,,Feliz,,,,Alegría,,,,Feliz,,,,Feliz,,,,Contento,,,,Alegre,,,,,,,,,,,,,,,,,,,,,,,,,,,,,,,,Enojada,Dudosa,,,Miedo,Tristeza,,,Triste,,,,Triste,,,,Triste,,,,,,,,,,,,Triste,Molesto,,,Asombro,,,,Sorpresa,Felicidad,,,Miedo,Sorpresa,,,Sorpresa,,,,Sorpresa,Miedo,,,Asombrada,Alegre,,,Asombro,,,,Distraído,,,,Alegría,,,,Feliz,,,,Confundido,,,,,,,,Confusión,,,,Enojo,,,,Molesto,,,,,,,,17202
2022-03-01 22:32:00,2022-03-01 23:10:01,IP Address,189.127.167.222,100,2280,True,2022-03-01 23:10:01,R_1OPmye1jtJqI9kK,,,,,10.072601318359375,-69.32070159912109375,anonymous,ES,Yo Consiento,Femenino,28,Hispana o Latina,Título profesional,15445,Venezuela,"Inglés,Español",,"Calificar lo que creo la persona en la imagen está experimentando,Ingresar ""NA"" en el cuadro de texto con la opción ""Ninguna"",Ingresar una sola palabra por cada cuadro de texto",,,,,Enojada,,,,Enojo,,,,Enojado,,,,,,,,Enojada,,,,Enojado,Molesto,,,Enojado,,,,Enojada,confundida,,,Enojada,,,,Enojado,Asqueado,,,Sorprendido,Asombrado,,,Asco,Molestia,,,Contenta,,,,Asqueado,Confundido,,,Enojado,,,,Sorpresa,Confusión,Molestia,,Sorprendida,,,,Miedo,Triste,,,Sorprendido,Alegre,,,Asombrada,Miedosa,,,Triste,Afligida,Miedo,,Miedoso,Sorprendido,,,Feliz,Divertido,,,Contenta,,,,Feliz,,,,Contento,Alegre,,,Divertido,Alegre,Feliz,,Feliz,,,,Contenta,,,,Feliz,,,,Feliz,,,,,,,,Contenta,,,,,,,,,,,,,,,,,,,,,,,,,,,,Enojada,Molesta,Triste,,Afligida,Triste,,,Triste,Enojado,,,Dolor,Tristeza,,,Triste,Afligida,,,Triste,Confundida,,,Enojado,,,,Triste,,,,Contenta,,,,Asombrada,,,,Asombrado,,,,Contento,,,,Confundida,Sorprendida,,,Sorprendida,,,,Asombrado,,,,Asombrado,Distraído,,,Feliz,Divertida,,,Enojada,,,,Pensativo,,,,Contento,,,,Confundida,,,,Enojado,,,,Confundido,,,,Pensativo,,,,Triste,,,,Enojada,,,,Enojado,,,,Enojado,,,,Enojado,,,,enojada,,,,Enojada,,,,Enojo,Molestia,,,Furioso,Enojado,,,Confundida,,,,Enojada,,,,Molesto,Asqueado,Enojado,,Enojado,Molesto,,,Asco,,,,Enojada,,,,Asqueado,,,,Enojado,,,,Miedo,Sorpresa,Terror,,Triste,Miedo,,,Miedo,Asombro,Confusión,,Confundido,,,,Asombrada,,,,Asombro,Miedo,,,Confundido,Intrigado,,,Triste,,,,Feliz,,,,Feliz,,,,Feliz,,,,Alegre,,,,Contenta,,,,Contenta,,,,Feliz,,,,Feliz,,,,,,,,Distraída,,,,Aburrido,,,,,,,,,,,,Sorprendida,Distraída,,,Confundido,,,,,,,,Aburrida,Afligida,,,Enojo,Miedo,,,Triste,Afligido,,,Triste,Enojado,,,Enojada,Triste,,,Triste,,,,,,,,Triste,,,,Asombrada,,,,Distraída,,,,Confundido,Asombrado,Distraído,,Asombrado,,,,Asombrada,,,,Sorprendida,Distraída,,,Asombrado,Sorprendido,,,Asombrado,,,,Confundida,Aburrida,,,Triste,,,,Feliz,,,,Confundido,,,,Sorprendida,,,,,,,,Confundido,Cansado,,,Contento,,,,Triste,,,,Enojo,,,,Enojo,,,,Enojo,,,,Enojado,,,,Enojada,,,,Enojada,,,,Enojo,,,,Enojado,,,,Enojada,Asqueada,,,Enojo,,,,Enojo,Confusión,,,Confusión,Enojo,,,Confundida,Sorprendida,Asco,,Enojo,,,,Miedo,Asco,Sorpresa,,Asco,Confusión,,,Sorprendida,Molesta,Asqueada,,Miedo,Sorpresa,,,Enojo,,,,Triste,Afligido,,,Miedo,Sorpresa,Terror,,Sorpresa,,,,Sorpresa,Terror,,,Miedo,Sorpresa,,,Alegre,,,,Contenta,,,,Contento,,,,Feliz,,,,Feliz,,,,Feliz,,,,Feliz,,,,Feliz,,,,,,,,,,,,Enojado,,,,,,,,Contenta,,,,,,,,,,,,,,,,Enojada,Pensativa,,,Triste,,,,Triste,Afligido,,,Triste,,,,Enojada,Triste,,,,,,,Pensativo,,,,Triste,,,,Sorpresa,,,,Felicidad,Asombro,,,Miedo,Asombro,,,Sorprendido,,,,Miedo,Asombro,,,Sorpresa,,,,Asombro,,,,Miedo,,,,Alegre,,,,Feliz,,,,Confundido,,,,Pensativo,Dudoso,,,Confusión,,,,Enojo,,,,Molesto,,,,Aburrido,,,,80909
2022-03-04 07:10:09,2022-03-04 08:42:05,IP Address,201.188.130.123,100,5515,True,2022-03-04 08:42:05,R_pse6ayJH8V2l6PD,,,,,-33.465301513671875,-70.59369659423828125,anonymous,ES,Yo Consiento,Femenino,34,Hispana o Latina,Título profesional,30000,Chile,"Inglés,Otro",Español,"Calificar lo que creo la persona en la imagen está experimentando,Ingresar ""NA"" en el cuadro de texto con la opción ""Ninguna"",Ingresar una sola palabra por cada cuadro de texto",Seriedad,Atención,,,enojo,rabia,,,rabia,enojo,,,enojo,,,,enojo,molestia,rabia,,Enojo,Rabia,Molestia,,enojo,molestia,,,enojo,molestia,,,disgusto,asco,,,disgusto,molestia,,,enojo,molestia,disgusto,,sorpresa,disgusto,,,Disgusto,Asco,,Na,Disgusto,Molestia,,,disgusto,asco,molestia,,Enojo,Molestia,Incomodidad,,miedo,temor,,,Sorpresa,Impacto,,,Miedo,Temor,Terror,,Sorpresa,Incredulidad,,,Locura,,,,Miedo,Enojo,Tristeza,,miedo,temor,,,Bromas,Locura,Juego,,tranquilidad,,,,felicidad,tranquilidad,amor,,felicidad,tranquilidad,,,felicidad,tranquilidad,amor,,Felicidad,,,,Felicidad,Tranquilidad,,,Felicidad,Diversión,,,Felicidad,Amor,Armonía,,incomodidad,disgusto,,,tranquilidad,felicidad,,,aburrimiento,serio,tranquilo,,seriedad,,,,Seriedad,molestia,incomodidad,,Tranquilidad,Serenidad,,,Aburrimiento,Seriedad,,,incredulidad,,,,Enojo,Pena,Tristeza,,pena,tristeza,,,Pena,Tristeza,,,Tristeza,Pena,,,Tristeza,Pena,Enojo,,tristeza,pena,,,disgusto ,molestia,,,Tristeza,Molestia,,,sorpresa,incredulidad,,,Sorpresa,molestia,,,sorpresa,impresión,,,sorpresa,felicidad,,,Sorpresa,Extrañeza,,,sorpresa,impresion,,,sorpresa,molestia,,,sorpresa,impresion,,,locura,juego,,,molestia,enojo,,,locura,,,,Sueño,Cansancio,Hambre,,molestia,disgusto,,,enojo,molestia,,,sorpresa,,,,sorpresa,disgusto,,,Pena,tristeza,enojo,,Enojo,Rabia,,,enojo,molestia,,,Molestia,Disgusto,,,Disgusto,Asco,Molestia,,Enojo,Rabia,,,Enojo,molestia,na,na,Enojo,Rabia,,,Enojo,Rabia,,,Disgusto,Asco,Molestia,,Incredulidad,Disgusto,Asco,,Incomodidad,Disgusto,,,Disgusto,Asco,,,Asco,Disgusto,,,Asco,Disgusto,,,Asco,Disgusto,Molestia,,Disgusto,Asco,,,Enojo,rabia,,,Pena,Tristeza,Miedo,,Sorpresa,Miedo,,,Sorpresa,Extrañeza,Miedo,,Sorpresa,Impacto,,,Sorpresa,,,,Miedo,Incomodidad,Temor,,Pena,Tristeza,,,Felicidad,Serenidad,,,Felicidad,Emoción,,,Felicidad,Tranquilidad,,,Tranquilidad,Serenidad,,,Molestia,Sorpresa,,,Felicidad,Serenidad,,,Felicidad,Serenidad,Tranquilidad,,Felicidad,,,,Seriedad,Enojo,,,Molestia,Enojo,,,Seriedad,Molestia,,,Tranquilidad,,,,Molestia,Seriedad,Enojo,,Seriedad,Confusión,,,Incredulidad,,,,Tristeza,temor,,,Tristeza,Pena,,Na,Tristeza,Pena,Enojo,,Tristeza,Pena,Temor,,Pena,Tristeza,,,Rabia,Enojo,,,Pena,Tristeza,,,Tristeza,Pena,,,Tristeza,Pena,,,Sorpresa,Impresión,,,Seriedad,,,,Miedo,Temor,,,Felicidad,Sorpresa,,,Sorpresa,Incredulidad,,,Sorpresa,Miedo,,,Sorpresa,Incredulidad,,,Enojo,Rabia,Molestia,,Molestia,Disgusto,,,Amor,,,,Locura,Enojo,,,Seriedad,,,,Sorpresa,,,Na,Sorpresa,,,,Confusión,Dudoso,,,Felicidad,,,,Pena,Tristeza,,,Enojo,Rabia,,,Rabia,Enojo,,,Enojo,Rabia,,,Enojo,Molestia,,,Enojo,Rabia,,,Enojo,Rabia,,,Seriedad,Concentración,,,Enojo,Rabia,,,Enojo,Rabia,,,Aburrimiento,Disgusto,,,Disgusto,Asco,,,Disgusto,Asco,,,Disgusto,Asco,,,Disgusto,Enojo,,,Miedo,Temor,,,Disgusto,Asco,,,Miedo,Sorpresa,,,Sorpresa,,,,Tristeza,Pena,,,Miedo,Pena,Tristeza,,Miedo,Temor,,,Sorpresa,Asombro,,,Sorpresa,Miedo,,,Sorpresa,Asombro,,,Felicidad,,,,Felicidad,,,,Tranquilidad,,,,Felicidad,,,,Felicidad,,,,Felicidad,Emoción,,,Felicidad,Tranquildad,,,Felicidad,,,,Seriedad,,,,Tranquilidad,Serenidad,,,Aburrimiento,Seriedad,,,Seriedad,Aburrimiento,,,Seriedad,Concentración,,,Aburrimiento,,,,Aburrimiento,,,,Concentración,,,,Disgusto,Asco,,,Temor,Miedo,,,Tristeza,Pena,,,Tristeza,,,,Tristeza,Pena,,,Enojo,Molestia,,,Tristeza,,,,Pena,Tristeza,,,Sorpresa,,,,Sorpresa,Felicidad,,,Sorpresa,,,,Sorpresa,Incredulidad,,,Sorpresa,Asombro,,,Sorpresa,Miedo,,,Sorpresa,Incredulidad,,,Miedo,Temor,,,Coquetería,,,,Felicidad,,,,Aburrimiento,Disgusto,,,Sueño,Cansancio,,,Sorpresa,Disgusto,,,Enojo,Molestia,,,Aburrimiento,,,,Aburrimiento,,,,33106
2022-03-08 11:18:36,2022-03-08 11:57:28,IP Address,191.95.147.73,100,2332,True,2022-03-08 11:57:29,R_2WG947upqEC3gMU,,,,,6.252899169921875,-75.56459808349609375,anonymous,ES,Yo Consiento,Masculino,34,Hispana o Latina,Título profesional,55775,Colombiano,"Inglés,Español",,"Calificar lo que creo la persona en la imagen está experimentando,Ingresar ""NA"" en el cuadro de texto con la opción ""Ninguna"",Ingresar una sola palabra por cada cuadro de texto",ira,furia,enojo,,enojo,ira,regaño,,enojado,,,,regañada,,,,enojo,advertencia,,,enojo,decepción,,,serio,rudo,,,enojo,ira,furia,,incognita,,,,actitud mala,,,,enojo,,,,sorprendido,asombrado,fascinado,,desagrado,asco,,,jocosa,divertida,chistosa,,desilución,tristeza,,,incognita,,,,tristeza,traición,por que,,asombrp,sobresalto,,,tristeza,desilución,,,euforia,alegria,,,euforia,,,,tristeza,Llanto,,,asustado,,,,euforia,,,,optimista,,,,alegria,felicidad,,,alegre,ilusión,felicidad,,felicidad,alegre,,,felicidad,ilusión,alegria,,sonriente,,,,alegria,felicidad,chance,,feliz,alegre,sonriente,,pensativa,reflexiva,,,contenta,alegre,,,persuacion,,,,seguridad,concentrado,,,audaz,,,,seria,observadora,,,serio,,,,sonriente,optimista,,,tristeza,traición,desilución,,tristeza,llanto,,,tristeza,lamentado,,,tristeza,llanto,,,tristeza,,,,llanto,triste,desilucion,,traicionado,,,,tristeza,aburrido,,,asombro,,,,divertida,jocosa,,,claridad,,,,optimista,cierto,,,reacción,asombro,,,asombro,,,,asombro,asustado,,,motivado,atención,,,poco apetito,desagrado,,,pensativa,reflexiva,,,delicioso,sabroso,encantado,,oprtimista,,,,regaño,persuadir,,,ejemplar,,,,extrañado,,,,asombro,cautivado,,,tristeza,llanto,grito,,profunda,,,,enojo,,,,enojo,,,,enojo,,,,enojo,,,,directa,,,,enojo,,,,enojo,,,,desagrado,,,,tristeza,,,,enojo,,,,enojo,,,,desagrado,,,,picardia,,,,desagrado,,,,enojo,,,,llanto,,,,tristeza,,,,aterrorizado,,,,sorprendida,,,,euforia,,,,asombro,,,,tristeza,,,,llanto,,,,alegria,,,,Alegria,,,,alegre,,,,Alegria,,,,sonrisa,,,,alegria,,,,superman,clark kent,man of steel in desguise,,sonrisa,alegria,,,seriedad,,,,audaz,,,,desilución,,,,alegria,,,,enamorada,,,,observadora,,,,genio,,,,seriedad,,,,tristeza,,,,llanto,,,,tristeza,,,,Llanto,,,,tristeza,profunda,,,tristeza,,,,seriedad,,,,llanto,tristeza,,,asombro,,,,emocionada,,,,percatarse,,,,euforia,,,,asombro,,,,pensativa,,,,euforia,,,,alegria,,,,mala jugada,no lo esperaba de ti,,,desilusion,,,,euforia,,,,percatarse,,,,emocion,,,,coqueta,,,,sosprendido,,,,emoción,,,,llanto,,,,,,,,enojo,,,,enojo,,,,enojo,,,,enojo,,,,enojo,,,,Seriedad,,,,,,,,desagrado,,,,enojo,,,,enojo,,,,extrañado,,,,desagrado,,,,enojo,,,,aterrorizado,,,,desagrado,,,,aterrorizada,,,,picardia,,,,indignado,,,,tristeza,,,,,,,,,,,,euforia,,,,aterrorizado,,,,alegria,sonriente,,,alegre,,,,alegre,,,,alegria,,,,Alegria,,,,euforia,,,,alegria,,,,felicidad,,,,malevola,,,,alegria,,,,profundo,,,,seriedad,,,,sabia,,,,seriedad,,,,de acuerdo,,,,picardia,,,,desagrado,,,,asombro,,,,tristeza,,,,esperanza,,,,tristeza,,,,,,,na,sorprendido,,,,llanto,tristeza,,,percatada,,,,alegria,,,,desagrado,,,,asombro,,,,enojo,,,,euforia,,,,asombro,,,,asustado,,,,coqueta,,,,alegria,felicidad,,,preocupado,,,,jocoso,,,,,,,,amaneza,,,,extasis,,,,travieso,,,,67209
2022-03-08 11:30:58,2022-03-08 12:23:36,IP Address,190.69.224.9,100,3157,True,2022-03-08 12:23:36,R_aYlCN8NTAnFwuw9,,,,,4.64959716796875,-74.063201904296875,anonymous,ES,Yo Consiento,Masculino,50,Hispana o Latina,Título profesional,2746,Colombia,Español,,"Calificar lo que creo la persona en la imagen está experimentando,Ingresar ""NA"" en el cuadro de texto con la opción ""Ninguna"",Ingresar una sola palabra por cada cuadro de texto",,,,,Rabia,,,,Rabia,,,,Tristeza,,,,Rabia,,,,Tristeza,,,,Seriedad,,,,Rabia,,,,Disgusto,,,,Rabia,,,,Rabia,,,,Asombro,,,,Asco,,,,Rabia,,,,Asco,,,,Asco,,,,Miedo,,,,Sorpresa,,,,Miedo,,,,felicidad,,,,Sorpresa,Alegria,,,Tristeza,,,,Asombro,,,,Asombro,,,,Apacible,,,,Felicidad,,,,Felicidad,,,,Felicidad,,,,Alegria,,,,Alegria,,,,Alegria,,,,Alegria,,,,Inexpresivo,,,,Felicidad,,,,Apacible,,,,Sospecha,,,,Incertidumbre,,,,Apacible,,,,,,,,Apacible,,,,Tristeza,,,,Tristeza,,,,Tristeza,,,,Tristeza,,,,Tristeza,,,,Tristeza,,,,Incertidumbre,,,,Tristeza,,,,Felicidad,,,,Sorpresa,,,,Asombro,,,,Felicidad,,,,Sorpresa,,,,Asombro,,,,Sorpresa,,,,Atento,,,,Burla,,,,Tristeza,,,,Burlon,,,,Simpatico,,,,Inquisitivo,,,,Contestatario,,,,Fanfarron,,,,Asombro,,,,Tristeza,,,,Presumido,,,,Disgusto,,,,Inexpresivo,,,,Rabia,,,,Rabia,,,,Indignacion,,,,Rabia,,,,Rabia,,,,Asombro,,,,Incertidumbre,,,,Disgusto,,,,Disgusto,,,,Sorpresa,,,,Disgusto,,,,Tristeza,,,,Disgusto,,,,Miedo,,,,Tristeza,,,,Asombro,,,,Asombro,,,,Alegria,,,,Asombro,,,,Incertidumbre,,,,Tristeza,,,,Alegria,,,,Felicidad,,,,Alegria,,,,Simpatia,,,,Felicidad,,,,Alegria,,,,Alegria,,,,Alegria,,,,Tristeza,,,,Inexpresivo,,,,Incertidumbre,,,,Inexpresivo,,,,Apacible,,,,Incertidumbre,,,,Amabilidad,,,,Tristeza,,,,Tristeza,,,,Rabia,Tristeza,,,Tristeza,,,,Tristeza,Rabia,,,Tristeza,,,,Tristeza,,,,Inexpresivo,,,,Tristeza,,,,Sorpresa,,,,Inexpresivo,,,,Incertidumbre,,,,Alegria,,,,Asombro,,,,Asombro,,,,Asombro,,,,Alegria,,,,Incredulo,,,,Burla,,,,Alegria,,,,Inexpresivo,,,,Burla,,,,Simpatico,,,,Tristeza,,,,Burlón,,,,Gruñon,,,,Intimidante,,,,Rabia,,,,Gruñon,,,,Disgusto,,,,Rabia,,,,Rabia,,,,Seriedad,,,,Intimidante,,,,Rabia,,,,Disgusto,,,,Rabia,,,,Apacible,,,,Disgusto,,,,Burla,Fanfarrón,,,Miedo,Asombro,,,Disgusto,,,,Asombro,Miedo,,,Asombro,,,,Incertidumbre,,,,Miedo,Tristeza,,,Asombro,,,,Asombro,,,,Asombro,Miedo,,,Asombro,,,,Alegria,,,,Apacible,,,,Felicidad,,,,Alegria,,,,Alegria,,,,Alegria,,,,Alegria,,,,Felicidad,,,,Inexpresivo,,,,Alegria,,,,Insolente,,,,Inexpresivo,,,,Apacible,,,,Apacible,,,,Inexpresivo,,,,Inexpresivo,,,,Incertidumbre,,,,Tristeza,,,,Tristeza,,,,Tristeza,,,,Tristeza,,,,Tristeza,,,,Apacible,,,,Tristeza,,,,Asombro,,,,Sorpresa,Alegria,,,Asombro,Miedo,,,Asombro,,,,Asombro,,,,Alegria,,,,Asombro,,,,Inexpresivo,,,,Malicioso,,,,Felicidad,,,,Incredulidad,,,,Malicioso,,,,Incredulidad,,,,Fanfarrón,,,,Burlón,,,,Fanfarrón,,,,70945
