StartDate,EndDate,Status,IPAddress,Progress,Duration (in seconds),Finished,RecordedDate,ResponseId,RecipientLastName,RecipientFirstName,RecipientEmail,ExternalReference,LocationLatitude,LocationLongitude,DistributionChannel,UserLanguage,Q1.1,Q1.2,Q1.3_1,Q1.4,Q1.5,Q1.6_1,Q1.7,Q1.8,Q1.8_8_TEXT,Q1.10,Q2.1,Q3.1,Q4.1,Q5.1,Q6.1,Q7.1,Q8.1,Q9.1,Q10.1,Q11.1,Q12.1,Q13.1,Q14.1,Q15.1,Q16.1,Q17.1,Q18.1,Q19.1,Q20.1,Q21.1,Q22.1,Q23.1,Q24.1,Q25.1,Q26.1,Q27.1,Q28.1,Q29.1,Q30.1,Q31.1,Q32.1,Q33.1,Q34.1,Q35.1,Q36.1,Q37.1,Q38.1,Q39.1,Q40.1,Q41.1,Q42.1,Q43.1,Q44.1,Q45.1,Q46.1,Q47.1,Q48.1,Q49.1,Q50.1,Q51.1,Q52.1,Q53.1,Q54.1,Q55.1,Q56.1,Q57.1,Q58.1,Q59.1,Q60.1,Q61.1,Q62.1,Q63.1,Q64.1,Q65.1,Q66.1,Q67.1,Q68.1,Q69.1,Q70.1,Q71.1,Q72.1,Q73.1,Q74.1,Q75.1,Q76.1,Q77.1,Q78.1,Q79.1,Q80.1,Q81.1,Q82.1,Q83.1,Q84.1,Q85.1,Q86.1,Q87.1,Q88.1,Q89.1,Q90.1,Q91.1,Q92.1,Q93.1,Q94.1,Q95.1,Q96.1,Q97.1,Q98.1,Q99.1,Q100.1,Q101.1,Q102.1,Q103.1,Q104.1,Q105.1,Q106.1,Q107.1,Q108.1,Q109.1,Q110.1,Q111.1,Q112.1,Q113.1,Q114.1,Q115.1,Q116.1,Q117.1,Q118.1,Q119.1,Q120.1,Q121.1,Q122.1,Q123.1,Q124.1,Q125.1,Q126.1,Q127.1,Q128.1,Q129.1,Q130.1,Q131.1,Q132.1,Q133.1,Q134.1,Q135.1,Q136.1,Q137.1,Q138.1,Q139.1,Q140.1,Q141.1,Q142.1,Q143.1,Q144.1,Q145.1,Q146.1,Q147.1,Q148.1,Q149.1,Q150.1,Q151.1,Q152.1,Q153.1,Q154.1,Q155.1,Q156.1,Q157.1,Q158.1,Q159.1,Q160.1,Q161.1,Q162.1,Q163.1,Q164.1,Q165.1,Q166.1,Q167.1,Q168.1,Q169.1,Q170.1,Q171.1,Q172.1,Q173.1,Q174.1,Q175.1,Q176.1,Q177.1,Q178.1,Q179.1,Q180.1,Q181.1,Q182.1,Q183.1,Q184.1,Q185.1,Q186.1,Q187.1,Q188.1,Q189.1,Q190.1,Q191.1,Q192.1,Q193.1,Q194.1,Q195.1,random
Start Date,End Date,Response Type,IP Address,Progress,Duration (in seconds),Finished,Recorded Date,Response ID,Recipient Last Name,Recipient First Name,Recipient Email,External Data Reference,Location Latitude,Location Longitude,Distribution Channel,User Language,"UNIVERSITY OF WISCONSIN-MADISON

Formulario de información y consentimiento del participante

Título del estudio: Aprendiendo el significado de palabras y objetos

Investigator principal: Tim Rogers (ttrogers@wisc.edu)

DESCRIPCION DE LA INVESTIGACION

Te invitamos a participar en una investigación acerca de los procesos por los cuales las personas aprender a reconocer y entender los significados de palabras e imágenes. Este estudio recluta a trabajadores de Amazon Mechanical Turk mayores de 18 años. Tu participación es voluntaria. Esta investigación será conducida en línea a través de un navegador web.

¿QUE IMPLICARA MI PARTICIPACION?

Los participantes deberán completar una sesión de menos de media hora. Durante este tiempo, veras palabras o imágenes en la pantalla del computador y deberá presionar teclas en el computador o el ratón del computador como respuesta.

¿COMO SERE COMPENSADO POR PARTICIPAR?

Serás compensado con un pago equivalente a $8 dólares americanos por hora basado en el tiempo esperado para completar la sesión. Por ejemplo, un HIT que se espera tome 12 minutos en completar será compensado con $1.60 dólares americanos. Los fondos serán transferidos a tu cuenta de Amazon Mechanical Turk cuando ingreses el código de finalización.

¿HAY RIESGOS PARA MI?

Los participantes pueden arriesgar brechas accidentales de confidencialidad. No hay otros riesgos anticipados para los sujetos participado de este experimento.

¿HAY BENEFICIOS PARA MI?

No hay beneficios directos por participar en este estudio.

¿COMO SERA PROTEGIDA MI CONFIDENCIALIDAD?

Todos los datos serán identificados solo con un numero de participante generado aleatoriamente y no con tu nombre u otra información de identificación. Mientras que probablemente haya publicaciones como resultado de este estudio, tú nombre no será usado. Solo características grupales serán publicadas.

¿A QUIEN DEBO CONTACTAR SI ES QUE TENGO PREGUNTAS?

Tú puedes realizar cualquier pregunta acerca de la investigación en cualquier momento enviando un correo electrónico al Investigador Principal Tim Rogers a ttrogers@wisc.edu. Si tienes preguntas acerca de tus derechos como sujeto de investigación debes contactar al Social & Behavioral Science IRB de UW Madison al (+1) (608) 263-2320.



Apretando “Yo consiento” bajo indica que has leído este documento y voluntariamente consentido a participar en el estudio.","Por favor, seleccione la identidad género con la cual usted se identifica:",Por favor deslice la barra para seleccionar su edad: - Edad en años,Por favor seleccione la etnicidad o raza con la cual usted se identifica:,Seleccione el nivel más alto de educación que haya completado:,Por favor deslice la barra para seleccionar el ingreso aproximado de su hogar: - In US Dollars,País de origen (nacionalidad),Por favor seleccione todos los idiomas que habla con fluidez: - Selected Choice,Por favor seleccione todos los idiomas que habla con fluidez: - Otro - Texto,En esta encuesta tengo que (seleccione todas las opciones que apliquen):,Q2.1,Q3.1,Q4.1,Q5.1,Q6.1,Q7.1,Q8.1,Q9.1,Q10.1,Q11.1,Q12.1,Q13.1,Q14.1,Q15.1,Q16.1,Q17.1,Q18.1,Q19.1,Q20.1,Q21.1,Q22.1,Q23.1,Q24.1,Q25.1,Q26.1,Q27.1,Q28.1,Q29.1,Q30.1,Q31.1,Q32.1,Q33.1,Q34.1,Q35.1,Q36.1,Q37.1,Q38.1,Q39.1,Q40.1,Q41.1,Q42.1,Q43.1,Q44.1,Q45.1,Q46.1,Q47.1,Q48.1,Q49.1,Q50.1,Q51.1,Q52.1,Q53.1,Q54.1,Q55.1,Q56.1,Q57.1,Q58.1,Q59.1,Q60.1,Q61.1,Q62.1,Q63.1,Q64.1,Q65.1,Q66.1,Q67.1,Q68.1,Q69.1,Q70.1,Q71.1,Q72.1,Q73.1,Q74.1,Q75.1,Q76.1,Q77.1,Q78.1,Q79.1,Q80.1,Q81.1,Q82.1,Q83.1,Q84.1,Q85.1,Q86.1,Q87.1,Q88.1,Q89.1,Q90.1,Q91.1,Q92.1,Q93.1,Q94.1,Q95.1,Q96.1,Q97.1,Q98.1,Q99.1,Q100.1,Q101.1,Q102.1,Q103.1,Q104.1,Q105.1,Q106.1,Q107.1,Q108.1,Q109.1,Q110.1,Q111.1,Q112.1,Q113.1,Q114.1,Q115.1,Q116.1,Q117.1,Q118.1,Q119.1,Q120.1,Q121.1,Q122.1,Q123.1,Q124.1,Q125.1,Q126.1,Q127.1,Q128.1,Q129.1,Q130.1,Q131.1,Q132.1,Q133.1,Q134.1,Q135.1,Q136.1,Q137.1,Q138.1,Q139.1,Q140.1,Q141.1,Q142.1,Q143.1,Q144.1,Q145.1,Q146.1,Q147.1,Q148.1,Q149.1,Q150.1,Q151.1,Q152.1,Q153.1,Q154.1,Q155.1,Q156.1,Q157.1,Q158.1,Q159.1,Q160.1,Q161.1,Q162.1,Q163.1,Q164.1,Q165.1,Q166.1,Q167.1,Q168.1,Q169.1,Q170.1,Q171.1,Q172.1,Q173.1,Q174.1,Q175.1,Q176.1,Q177.1,Q178.1,Q179.1,Q180.1,Q181.1,Q182.1,Q183.1,Q184.1,Q185.1,Q186.1,Q187.1,Q188.1,Q189.1,Q190.1,Q191.1,Q192.1,Q193.1,Q194.1,Q195.1,random
"{""ImportId"":""startDate"",""timeZone"":""America/Denver""}","{""ImportId"":""endDate"",""timeZone"":""America/Denver""}","{""ImportId"":""status""}","{""ImportId"":""ipAddress""}","{""ImportId"":""progress""}","{""ImportId"":""duration""}","{""ImportId"":""finished""}","{""ImportId"":""recordedDate"",""timeZone"":""America/Denver""}","{""ImportId"":""_recordId""}","{""ImportId"":""recipientLastName""}","{""ImportId"":""recipientFirstName""}","{""ImportId"":""recipientEmail""}","{""ImportId"":""externalDataReference""}","{""ImportId"":""locationLatitude""}","{""ImportId"":""locationLongitude""}","{""ImportId"":""distributionChannel""}","{""ImportId"":""userLanguage""}","{""ImportId"":""QID209""}","{""ImportId"":""QID210""}","{""ImportId"":""QID211_1""}","{""ImportId"":""QID212""}","{""ImportId"":""QID213""}","{""ImportId"":""QID214_1""}","{""ImportId"":""QID218_TEXT""}","{""ImportId"":""QID215""}","{""ImportId"":""QID215_8_TEXT""}","{""ImportId"":""QID217""}","{""ImportId"":""QID14""}","{""ImportId"":""QID15""}","{""ImportId"":""QID16""}","{""ImportId"":""QID17""}","{""ImportId"":""QID18""}","{""ImportId"":""QID19""}","{""ImportId"":""QID20""}","{""ImportId"":""QID21""}","{""ImportId"":""QID22""}","{""ImportId"":""QID23""}","{""ImportId"":""QID24""}","{""ImportId"":""QID25""}","{""ImportId"":""QID26""}","{""ImportId"":""QID27""}","{""ImportId"":""QID28""}","{""ImportId"":""QID29""}","{""ImportId"":""QID30""}","{""ImportId"":""QID31""}","{""ImportId"":""QID32""}","{""ImportId"":""QID33""}","{""ImportId"":""QID34""}","{""ImportId"":""QID35""}","{""ImportId"":""QID36""}","{""ImportId"":""QID37""}","{""ImportId"":""QID38""}","{""ImportId"":""QID39""}","{""ImportId"":""QID40""}","{""ImportId"":""QID41""}","{""ImportId"":""QID42""}","{""ImportId"":""QID43""}","{""ImportId"":""QID44""}","{""ImportId"":""QID45""}","{""ImportId"":""QID46""}","{""ImportId"":""QID47""}","{""ImportId"":""QID48""}","{""ImportId"":""QID49""}","{""ImportId"":""QID50""}","{""ImportId"":""QID51""}","{""ImportId"":""QID52""}","{""ImportId"":""QID53""}","{""ImportId"":""QID54""}","{""ImportId"":""QID55""}","{""ImportId"":""QID56""}","{""ImportId"":""QID57""}","{""ImportId"":""QID58""}","{""ImportId"":""QID59""}","{""ImportId"":""QID60""}","{""ImportId"":""QID61""}","{""ImportId"":""QID62""}","{""ImportId"":""QID63""}","{""ImportId"":""QID64""}","{""ImportId"":""QID65""}","{""ImportId"":""QID66""}","{""ImportId"":""QID67""}","{""ImportId"":""QID68""}","{""ImportId"":""QID69""}","{""ImportId"":""QID70""}","{""ImportId"":""QID71""}","{""ImportId"":""QID72""}","{""ImportId"":""QID77""}","{""ImportId"":""QID73""}","{""ImportId"":""QID74""}","{""ImportId"":""QID75""}","{""ImportId"":""QID76""}","{""ImportId"":""QID78""}","{""ImportId"":""QID79""}","{""ImportId"":""QID80""}","{""ImportId"":""QID81""}","{""ImportId"":""QID82""}","{""ImportId"":""QID83""}","{""ImportId"":""QID84""}","{""ImportId"":""QID85""}","{""ImportId"":""QID86""}","{""ImportId"":""QID87""}","{""ImportId"":""QID88""}","{""ImportId"":""QID89""}","{""ImportId"":""QID90""}","{""ImportId"":""QID91""}","{""ImportId"":""QID92""}","{""ImportId"":""QID93""}","{""ImportId"":""QID94""}","{""ImportId"":""QID95""}","{""ImportId"":""QID96""}","{""ImportId"":""QID97""}","{""ImportId"":""QID98""}","{""ImportId"":""QID99""}","{""ImportId"":""QID100""}","{""ImportId"":""QID101""}","{""ImportId"":""QID102""}","{""ImportId"":""QID103""}","{""ImportId"":""QID104""}","{""ImportId"":""QID105""}","{""ImportId"":""QID106""}","{""ImportId"":""QID107""}","{""ImportId"":""QID108""}","{""ImportId"":""QID109""}","{""ImportId"":""QID110""}","{""ImportId"":""QID114""}","{""ImportId"":""QID111""}","{""ImportId"":""QID112""}","{""ImportId"":""QID113""}","{""ImportId"":""QID115""}","{""ImportId"":""QID116""}","{""ImportId"":""QID117""}","{""ImportId"":""QID118""}","{""ImportId"":""QID119""}","{""ImportId"":""QID120""}","{""ImportId"":""QID121""}","{""ImportId"":""QID122""}","{""ImportId"":""QID123""}","{""ImportId"":""QID124""}","{""ImportId"":""QID125""}","{""ImportId"":""QID126""}","{""ImportId"":""QID127""}","{""ImportId"":""QID128""}","{""ImportId"":""QID129""}","{""ImportId"":""QID130""}","{""ImportId"":""QID131""}","{""ImportId"":""QID132""}","{""ImportId"":""QID133""}","{""ImportId"":""QID134""}","{""ImportId"":""QID135""}","{""ImportId"":""QID136""}","{""ImportId"":""QID137""}","{""ImportId"":""QID138""}","{""ImportId"":""QID139""}","{""ImportId"":""QID140""}","{""ImportId"":""QID141""}","{""ImportId"":""QID142""}","{""ImportId"":""QID192""}","{""ImportId"":""QID144""}","{""ImportId"":""QID145""}","{""ImportId"":""QID146""}","{""ImportId"":""QID147""}","{""ImportId"":""QID148""}","{""ImportId"":""QID149""}","{""ImportId"":""QID150""}","{""ImportId"":""QID151""}","{""ImportId"":""QID152""}","{""ImportId"":""QID153""}","{""ImportId"":""QID154""}","{""ImportId"":""QID155""}","{""ImportId"":""QID156""}","{""ImportId"":""QID157""}","{""ImportId"":""QID158""}","{""ImportId"":""QID159""}","{""ImportId"":""QID160""}","{""ImportId"":""QID161""}","{""ImportId"":""QID162""}","{""ImportId"":""QID163""}","{""ImportId"":""QID164""}","{""ImportId"":""QID165""}","{""ImportId"":""QID166""}","{""ImportId"":""QID167""}","{""ImportId"":""QID168""}","{""ImportId"":""QID169""}","{""ImportId"":""QID170""}","{""ImportId"":""QID171""}","{""ImportId"":""QID172""}","{""ImportId"":""QID173""}","{""ImportId"":""QID174""}","{""ImportId"":""QID175""}","{""ImportId"":""QID176""}","{""ImportId"":""QID177""}","{""ImportId"":""QID178""}","{""ImportId"":""QID179""}","{""ImportId"":""QID180""}","{""ImportId"":""QID181""}","{""ImportId"":""QID182""}","{""ImportId"":""QID183""}","{""ImportId"":""QID184""}","{""ImportId"":""QID185""}","{""ImportId"":""QID186""}","{""ImportId"":""QID187""}","{""ImportId"":""QID188""}","{""ImportId"":""QID189""}","{""ImportId"":""QID190""}","{""ImportId"":""QID191""}","{""ImportId"":""QID193""}","{""ImportId"":""QID194""}","{""ImportId"":""QID195""}","{""ImportId"":""QID196""}","{""ImportId"":""QID197""}","{""ImportId"":""QID198""}","{""ImportId"":""QID199""}","{""ImportId"":""QID200""}","{""ImportId"":""QID201""}","{""ImportId"":""QID202""}","{""ImportId"":""QID203""}","{""ImportId"":""QID204""}","{""ImportId"":""QID205""}","{""ImportId"":""QID206""}","{""ImportId"":""QID207""}","{""ImportId"":""QID208""}","{""ImportId"":""random""}"
2022-01-28 14:26:51,2022-01-28 15:11:07,IP Address,200.68.140.109,100,2655,True,2022-01-28 15:11:07,R_1Kqz7P4kyz5TtBp,,,,,19.437103271484375,-99.01110076904296875,anonymous,ES,Yo Consiento,Femenino,30,Hispano o Latino,Doctorado,14834,,"Inglés,Español",,"Califica lo que creo que la persona de la imagen está experimentando,Seleccionar ""otro"" si la palabra que tengo en mente no aparece entre las opciones de respuesta,Seleccionar ""incierto"" si no sé lo que la persona en la imagen está experimentando",Otra,Incertidumbre,Enfado,Otra,Enfado,Enfado,Otra,Enfado,Asco,Asco,Asco,Sorpresa,Asco,Otra,Asco,Incertidumbre,Miedo,Sorpresa,Miedo,Miedo,Incertidumbre,Enfado,Sorpresa,Miedo,Neutral,Felicidad,Neutral,Felicidad,Felicidad,Felicidad,Felicidad,Felicidad,Neutral,Neutral,Otra,Incertidumbre,Otra,Neutral,Neutral,Neutral,Tristeza,Tristeza,Tristeza,Tristeza,Tristeza,Tristeza,Tristeza,Tristeza,Sorpresa,Incertidumbre,Sorpresa,Otra,Otra,Sorpresa,Sorpresa,Sorpresa,Asco,Incertidumbre,Otra,Neutral,Incertidumbre,Incertidumbre,Otra,Otra,Tristeza,Otra,Neutral,Enfado,Enfado,Enfado,Incertidumbre,Enfado,Enfado,Asco,Incertidumbre,Otra,Asco,Asco,Incertidumbre,Asco,Incertidumbre,Miedo,Tristeza,Miedo,Sorpresa,Incertidumbre,Sorpresa,Incertidumbre,Tristeza,Felicidad,Felicidad,Neutral,Felicidad,Neutral,Felicidad,Neutral,Felicidad,Neutral,Neutral,Otra,Neutral,Neutral,Neutral,Neutral,Neutral,Tristeza,Enfado,Tristeza,Enfado,Tristeza,Tristeza,Neutral,Tristeza,Sorpresa,Neutral,Sorpresa,Miedo,Sorpresa,Neutral,Sorpresa,Sorpresa,Otra,Otra,Incertidumbre,Neutral,Incertidumbre,Otra,Neutral,Otra,Tristeza,Enfado,Enfado,Incertidumbre,Otra,Enfado,Enfado,Neutral,Incertidumbre,Enfado,Otra,Incertidumbre,Asco,Asco,Incertidumbre,Miedo,Asco,Asco,Neutral,Incertidumbre,Tristeza,Incertidumbre,Neutral,Miedo,Sorpresa,Neutral,Neutral,Otra,Felicidad,Incertidumbre,Felicidad,Neutral,Felicidad,Neutral,Neutral,Neutral,Neutral,Neutral,Neutral,Neutral,Neutral,Incertidumbre,Incertidumbre,Tristeza,Incertidumbre,Tristeza,Incertidumbre,Otra,Tristeza,Sorpresa,Felicidad,Incertidumbre,Sorpresa,Sorpresa,Sorpresa,Sorpresa,Neutral,Otra,Incertidumbre,Asco,Neutral,Otra,Otra,Incertidumbre,Neutral,
2022-01-28 14:47:07,2022-01-28 15:13:45,IP Address,181.28.211.119,100,1597,True,2022-01-28 15:13:45,R_1JDVoChVhiSCaZW,,,,,-34.602203369140625,-58.38449859619140625,anonymous,ES,Yo Consiento,Femenino,57,Blanco o caucásico,Grado de educación superior de 4 años o más,65704,,"Inglés,Español",,"Califica lo que creo que la persona de la imagen está experimentando,Seleccionar ""otro"" si la palabra que tengo en mente no aparece entre las opciones de respuesta,Seleccionar ""incierto"" si no sé lo que la persona en la imagen está experimentando",Neutral,Enfado,Enfado,Incertidumbre,Enfado,Enfado,Neutral,Otra,Incertidumbre,Asco,Asco,Asco,Asco,Asco,Asco,Otra,Miedo,Sorpresa,Tristeza,Miedo,Sorpresa,Tristeza,Miedo,Otra,Neutral,Felicidad,Felicidad,Felicidad,Felicidad,Felicidad,Felicidad,Felicidad,Neutral,Neutral,Neutral,Neutral,Neutral,Neutral,Neutral,Neutral,Otra,Tristeza,Neutral,Tristeza,Tristeza,Tristeza,Enfado,Tristeza,Neutral,Sorpresa,Sorpresa,Felicidad,Incertidumbre,Sorpresa,Sorpresa,Neutral,Otra,Neutral,Otra,Neutral,Otra,Otra,Incertidumbre,Otra,Tristeza,Enfado,Neutral,Neutral,Enfado,Otra,Otra,Otra,Otra,Asco,Neutral,Otra,Asco,Asco,Asco,Asco,Asco,Miedo,Tristeza,Miedo,Neutral,Miedo,Sorpresa,Tristeza,Neutral,Felicidad,Felicidad,Felicidad,Felicidad,Neutral,Felicidad,Felicidad,Felicidad,Neutral,Neutral,Neutral,Neutral,Neutral,Neutral,Neutral,Neutral,Tristeza,Tristeza,Tristeza,Enfado,Tristeza,Tristeza,Neutral,Tristeza,Sorpresa,Neutral,Incertidumbre,Sorpresa,Sorpresa,Neutral,Sorpresa,Sorpresa,Incertidumbre,Otra,Felicidad,Neutral,Sorpresa,Neutral,Neutral,Otra,Tristeza,Enfado,Asco,Enfado,Neutral,Otra,Enfado,Neutral,Otra,Enfado,Otra,Asco,Neutral,Asco,Incertidumbre,Asco,Asco,Asco,Neutral,Neutral,Tristeza,Asco,Neutral,Miedo,Sorpresa,Felicidad,Neutral,Neutral,Felicidad,Felicidad,Felicidad,Felicidad,Felicidad,Neutral,Neutral,Neutral,Neutral,Neutral,Neutral,Neutral,Neutral,Neutral,Neutral,Tristeza,Neutral,Tristeza,Neutral,Neutral,Enfado,Sorpresa,Sorpresa,Sorpresa,Sorpresa,Neutral,Sorpresa,Sorpresa,Neutral,Otra,Felicidad,Incertidumbre,Neutral,Incertidumbre,Otra,Otra,Neutral,
2022-01-28 18:31:22,2022-01-28 19:18:27,IP Address,186.24.252.210,100,2825,True,2022-01-28 19:18:27,R_6DSBfplrdgx2Atr,,,,,9.0485992431640625,-69.75319671630859375,anonymous,ES,Yo Consiento,Masculino,44,Hispano o Latino,Título profesional,5915,Venezuela,"Inglés,Español",,"Califica lo que creo que la persona de la imagen está experimentando,Seleccionar ""otro"" si la palabra que tengo en mente no aparece entre las opciones de respuesta,Seleccionar ""incierto"" si no sé lo que la persona en la imagen está experimentando",Neutral,Enfado,Enfado,Enfado,Enfado,Tristeza,Enfado,Enfado,Enfado,Asco,Enfado,Asco,Asco,Asco,Asco,Enfado,Miedo,Sorpresa,Miedo,Sorpresa,Miedo,Tristeza,Sorpresa,Sorpresa,Neutral,Felicidad,Felicidad,Felicidad,Felicidad,Felicidad,Sorpresa,Felicidad,Neutral,Felicidad,Neutral,Neutral,Neutral,Neutral,Neutral,Neutral,Tristeza,Tristeza,Tristeza,Tristeza,Tristeza,Tristeza,Tristeza,Tristeza,Felicidad,Sorpresa,Sorpresa,Sorpresa,Sorpresa,Sorpresa,Sorpresa,Sorpresa,Otra,Miedo,Otra,Felicidad,Incertidumbre,Incertidumbre,Incertidumbre,Sorpresa,Tristeza,Enfado,Otra,Enfado,Enfado,Enfado,Enfado,Enfado,Enfado,Miedo,Miedo,Asco,Enfado,Asco,Asco,Asco,Enfado,Miedo,Miedo,Sorpresa,Sorpresa,Miedo,Sorpresa,Miedo,Miedo,Felicidad,Felicidad,Felicidad,Felicidad,Felicidad,Felicidad,Felicidad,Felicidad,Neutral,Neutral,Neutral,Neutral,Neutral,Neutral,Neutral,Neutral,Tristeza,Enfado,Tristeza,Enfado,Enfado,Tristeza,Neutral,Tristeza,Sorpresa,Incertidumbre,Incertidumbre,Miedo,Sorpresa,Sorpresa,Sorpresa,Felicidad,Incertidumbre,Otra,Otra,Neutral,Sorpresa,Otra,Incertidumbre,Felicidad,Tristeza,Incertidumbre,Enfado,Enfado,Enfado,Enfado,Enfado,Enfado,Enfado,Enfado,Otra,Enfado,Asco,Asco,Asco,Miedo,Asco,Miedo,Miedo,Tristeza,Tristeza,Miedo,Sorpresa,Miedo,Miedo,Felicidad,Felicidad,Felicidad,Felicidad,Felicidad,Felicidad,Felicidad,Felicidad,Neutral,Felicidad,Neutral,Neutral,Neutral,Neutral,Neutral,Neutral,Asco,Tristeza,Tristeza,Tristeza,Tristeza,Tristeza,Neutral,Tristeza,Sorpresa,Sorpresa,Sorpresa,Miedo,Sorpresa,Sorpresa,Sorpresa,Miedo,Felicidad,Asco,Miedo,Otra,Miedo,Otra,Otra,Otra,80141
2022-01-28 20:50:10,2022-01-28 21:06:17,IP Address,189.147.93.28,100,967,True,2022-01-28 21:06:18,R_3O8ELsnjl7s74cl,,,,,19.383697509765625,-99.17569732666015625,anonymous,ES,Yo Consiento,Masculino,44,Hispano o Latino,Grado de educación superior de 4 años o más,43732,Mexico,"Inglés,Español",,"Califica lo que creo que la persona de la imagen está experimentando,Seleccionar ""otro"" si la palabra que tengo en mente no aparece entre las opciones de respuesta,Seleccionar ""incierto"" si no sé lo que la persona en la imagen está experimentando",Neutral,Enfado,Enfado,Incertidumbre,Enfado,Enfado,Enfado,Enfado,Incertidumbre,Asco,Enfado,Asco,Asco,Felicidad,Asco,Asco,Miedo,Incertidumbre,Miedo,Sorpresa,Sorpresa,Enfado,Miedo,Enfado,Felicidad,Felicidad,Felicidad,Felicidad,Felicidad,Felicidad,Felicidad,Felicidad,Neutral,Felicidad,Neutral,Incertidumbre,Neutral,Neutral,Neutral,Neutral,Tristeza,Tristeza,Tristeza,Tristeza,Tristeza,Tristeza,Incertidumbre,Tristeza,Felicidad,Sorpresa,Sorpresa,Felicidad,Sorpresa,Sorpresa,Sorpresa,Sorpresa,Otra,Incertidumbre,Otra,Otra,Otra,Otra,Incertidumbre,Incertidumbre,Tristeza,Enfado,Incertidumbre,Neutral,Enfado,Enfado,Enfado,Enfado,Enfado,Asco,Incertidumbre,Asco,Asco,Tristeza,Otra,Asco,Asco,Miedo,Tristeza,Miedo,Incertidumbre,Sorpresa,Sorpresa,Incertidumbre,Enfado,Felicidad,Felicidad,Felicidad,Felicidad,Felicidad,Felicidad,Felicidad,Felicidad,Neutral,Neutral,Neutral,Neutral,Neutral,Neutral,Neutral,Neutral,Tristeza,Tristeza,Tristeza,Tristeza,Tristeza,Tristeza,Neutral,Tristeza,Sorpresa,Incertidumbre,Incertidumbre,Sorpresa,Sorpresa,Incertidumbre,Sorpresa,Sorpresa,Incertidumbre,Otra,Enfado,Incertidumbre,Sorpresa,Neutral,Incertidumbre,Felicidad,Tristeza,Enfado,Enfado,Enfado,Enfado,Enfado,Enfado,Neutral,Enfado,Enfado,Asco,Incertidumbre,Asco,Asco,Asco,Miedo,Asco,Asco,Sorpresa,Tristeza,Tristeza,Miedo,Sorpresa,Miedo,Sorpresa,Felicidad,Felicidad,Felicidad,Felicidad,Felicidad,Felicidad,Felicidad,Felicidad,Neutral,Felicidad,Enfado,Neutral,Neutral,Neutral,Neutral,Neutral,Enfado,Incertidumbre,Tristeza,Tristeza,Tristeza,Neutral,Tristeza,Tristeza,Sorpresa,Sorpresa,Miedo,Sorpresa,Sorpresa,Sorpresa,Sorpresa,Incertidumbre,Felicidad,Felicidad,Incertidumbre,Incertidumbre,Incertidumbre,Otra,Otra,Otra,36519
2022-01-29 03:48:25,2022-01-29 04:29:36,IP Address,186.188.34.58,100,2470,True,2022-01-29 04:29:37,R_2e44JPtU1yuXKFh,,,,,10.0706024169921875,-66.48470306396484375,anonymous,ES,Yo Consiento,Masculino,48,Hispano o Latino,Título profesional,50493,Cuba,"Inglés,Español,Francés",,"Califica lo que creo que la persona de la imagen está experimentando,Seleccionar ""otro"" si la palabra que tengo en mente no aparece entre las opciones de respuesta,Seleccionar ""incierto"" si no sé lo que la persona en la imagen está experimentando",Enfado,Enfado,Enfado,Tristeza,Enfado,Tristeza,Otra,Enfado,Incertidumbre,Asco,Enfado,Asco,Asco,Asco,Asco,Enfado,Miedo,Miedo,Miedo,Felicidad,Miedo,Miedo,Neutral,Sorpresa,Neutral,Felicidad,Felicidad,Felicidad,Felicidad,Felicidad,Felicidad,Felicidad,Neutral,Neutral,Neutral,Tristeza,Neutral,Neutral,Neutral,Neutral,Tristeza,Tristeza,Tristeza,Tristeza,Tristeza,Tristeza,Incertidumbre,Tristeza,Felicidad,Sorpresa,Sorpresa,Felicidad,Otra,Sorpresa,Sorpresa,Sorpresa,Felicidad,Tristeza,Felicidad,Felicidad,Otra,Felicidad,Incertidumbre,Incertidumbre,Tristeza,Tristeza,Tristeza,Neutral,Enfado,Enfado,Tristeza,Enfado,Enfado,Tristeza,Otra,Asco,Enfado,Tristeza,Asco,Tristeza,Asco,Miedo,Tristeza,Miedo,Neutral,Miedo,Sorpresa,Incertidumbre,Miedo,Felicidad,Felicidad,Felicidad,Felicidad,Felicidad,Felicidad,Felicidad,Felicidad,Neutral,Neutral,Neutral,Neutral,Neutral,Neutral,Otra,Neutral,Tristeza,Otra,Tristeza,Tristeza,Neutral,Tristeza,Neutral,Tristeza,Sorpresa,Neutral,Incertidumbre,Miedo,Sorpresa,Sorpresa,Sorpresa,Enfado,Incertidumbre,Otra,Felicidad,Neutral,Sorpresa,Incertidumbre,Otra,Felicidad,Tristeza,Enfado,Enfado,Enfado,Tristeza,Otra,Enfado,Neutral,Enfado,Enfado,Felicidad,Asco,Otra,Asco,Asco,Miedo,Asco,Miedo,Sorpresa,Tristeza,Tristeza,Miedo,Neutral,Miedo,Miedo,Felicidad,Felicidad,Felicidad,Felicidad,Felicidad,Felicidad,Felicidad,Felicidad,Neutral,Neutral,Neutral,Neutral,Neutral,Neutral,Neutral,Neutral,Tristeza,Tristeza,Tristeza,Tristeza,Tristeza,Neutral,Neutral,Tristeza,Sorpresa,Felicidad,Miedo,Sorpresa,Sorpresa,Felicidad,Sorpresa,Neutral,Felicidad,Felicidad,Otra,Neutral,Enfado,Otra,Incertidumbre,Neutral,36443
2022-01-29 05:02:15,2022-01-29 05:29:04,IP Address,190.38.150.112,100,1608,True,2022-01-29 05:29:04,R_2rNq7hgNvLUoFeY,,,,,10.5048065185546875,-66.92079925537109375,anonymous,ES,Yo Consiento,Masculino,50,Hispano o Latino,Título profesional,50070,Venezuela,"Inglés,Español",,"Califica lo que creo que la persona de la imagen está experimentando,Seleccionar ""otro"" si la palabra que tengo en mente no aparece entre las opciones de respuesta,Seleccionar ""incierto"" si no sé lo que la persona en la imagen está experimentando",Enfado,Enfado,Enfado,Enfado,Enfado,Enfado,Enfado,Enfado,Incertidumbre,Asco,Enfado,Enfado,Asco,Felicidad,Asco,Enfado,Miedo,Miedo,Tristeza,Felicidad,Miedo,Tristeza,Miedo,Sorpresa,Felicidad,Felicidad,Felicidad,Felicidad,Felicidad,Felicidad,Felicidad,Felicidad,Neutral,Felicidad,Neutral,Neutral,Tristeza,Neutral,Neutral,Enfado,Tristeza,Tristeza,Tristeza,Tristeza,Tristeza,Tristeza,Enfado,Tristeza,Felicidad,Sorpresa,Sorpresa,Felicidad,Incertidumbre,Sorpresa,Sorpresa,Sorpresa,Felicidad,Tristeza,Felicidad,Felicidad,Incertidumbre,Tristeza,Incertidumbre,Incertidumbre,Tristeza,Enfado,Neutral,Tristeza,Enfado,Enfado,Enfado,Enfado,Enfado,Miedo,Incertidumbre,Otra,Enfado,Incertidumbre,Enfado,Asco,Enfado,Tristeza,Tristeza,Miedo,Neutral,Enfado,Sorpresa,Miedo,Tristeza,Felicidad,Felicidad,Felicidad,Felicidad,Felicidad,Felicidad,Felicidad,Felicidad,Enfado,Neutral,Neutral,Neutral,Neutral,Neutral,Neutral,Tristeza,Tristeza,Tristeza,Tristeza,Tristeza,Enfado,Tristeza,Neutral,Tristeza,Sorpresa,Neutral,Neutral,Miedo,Sorpresa,Neutral,Sorpresa,Enfado,Incertidumbre,Incertidumbre,Felicidad,Neutral,Sorpresa,Incertidumbre,Incertidumbre,Felicidad,Tristeza,Enfado,Enfado,Enfado,Enfado,Enfado,Enfado,Neutral,Enfado,Enfado,Enfado,Enfado,Enfado,Miedo,Felicidad,Miedo,Asco,Miedo,Neutral,Tristeza,Tristeza,Miedo,Sorpresa,Miedo,Sorpresa,Felicidad,Felicidad,Neutral,Felicidad,Felicidad,Felicidad,Felicidad,Felicidad,Felicidad,Felicidad,Enfado,Neutral,Neutral,Neutral,Neutral,Neutral,Enfado,Neutral,Tristeza,Tristeza,Tristeza,Enfado,Neutral,Tristeza,Sorpresa,Felicidad,Sorpresa,Sorpresa,Sorpresa,Miedo,Sorpresa,Neutral,Felicidad,Felicidad,Incertidumbre,Incertidumbre,Incertidumbre,Felicidad,Enfado,Neutral,87105
2022-01-29 05:41:32,2022-01-29 06:15:06,IP Address,201.248.111.69,100,2013,True,2022-01-29 06:15:06,R_3RsZrfNs3WxpMNM,,,,,10.5048065185546875,-66.92079925537109375,anonymous,ES,Yo Consiento,Masculino,51,Hispano o Latino,Grado de educación superior de 4 años o más,41197,Venezuela,"Inglés,Español",,"Califica lo que creo que la persona de la imagen está experimentando,Seleccionar ""otro"" si la palabra que tengo en mente no aparece entre las opciones de respuesta,Seleccionar ""incierto"" si no sé lo que la persona en la imagen está experimentando",Enfado,Enfado,Enfado,Enfado,Enfado,Enfado,Enfado,Enfado,Asco,Asco,Asco,Asco,Asco,Asco,Asco,Asco,Asco,Sorpresa,Sorpresa,Sorpresa,Sorpresa,Miedo,Sorpresa,Enfado,Felicidad,Felicidad,Felicidad,Felicidad,Felicidad,Felicidad,Felicidad,Felicidad,Neutral,Neutral,Enfado,Neutral,Tristeza,Neutral,Neutral,Tristeza,Tristeza,Tristeza,Incertidumbre,Tristeza,Tristeza,Tristeza,Enfado,Tristeza,Felicidad,Sorpresa,Sorpresa,Felicidad,Asco,Sorpresa,Sorpresa,Neutral,Asco,Tristeza,Otra,Felicidad,Enfado,Enfado,Asco,Sorpresa,Tristeza,Enfado,Enfado,Enfado,Enfado,Enfado,Tristeza,Enfado,Enfado,Asco,Asco,Enfado,Asco,Asco,Asco,Asco,Enfado,Miedo,Tristeza,Sorpresa,Enfado,Enfado,Sorpresa,Incertidumbre,Felicidad,Felicidad,Felicidad,Felicidad,Felicidad,Incertidumbre,Felicidad,Felicidad,Felicidad,Neutral,Neutral,Neutral,Neutral,Neutral,Neutral,Neutral,Neutral,Tristeza,Enfado,Tristeza,Tristeza,Tristeza,Tristeza,Tristeza,Tristeza,Sorpresa,Tristeza,Enfado,Sorpresa,Sorpresa,Neutral,Sorpresa,Sorpresa,Asco,Tristeza,Felicidad,Tristeza,Sorpresa,Tristeza,Incertidumbre,Felicidad,Tristeza,Enfado,Enfado,Enfado,Enfado,Enfado,Enfado,Enfado,Enfado,Enfado,Felicidad,Asco,Asco,Asco,Asco,Sorpresa,Asco,Sorpresa,Miedo,Tristeza,Tristeza,Sorpresa,Neutral,Sorpresa,Sorpresa,Felicidad,Felicidad,Felicidad,Felicidad,Felicidad,Felicidad,Felicidad,Felicidad,Neutral,Felicidad,Neutral,Neutral,Incertidumbre,Neutral,Neutral,Tristeza,Incertidumbre,Tristeza,Tristeza,Incertidumbre,Tristeza,Tristeza,Incertidumbre,Tristeza,Sorpresa,Felicidad,Sorpresa,Sorpresa,Sorpresa,Sorpresa,Sorpresa,Miedo,Felicidad,Felicidad,Asco,Otra,Enfado,Enfado,Otra,Tristeza,86992
2022-01-29 09:19:58,2022-01-29 09:40:15,IP Address,190.217.13.201,100,1217,True,2022-01-29 09:40:16,R_1QcONpm2CsYbm3A,,,,,10.5048065185546875,-66.92079925537109375,anonymous,ES,Yo Consiento,Masculino,29,Hispano o Latino,Título profesional,20493,Venezolano,"Inglés,Español",,"Califica lo que creo que la persona de la imagen está experimentando,Seleccionar ""otro"" si la palabra que tengo en mente no aparece entre las opciones de respuesta,Seleccionar ""incierto"" si no sé lo que la persona en la imagen está experimentando",Neutral,Enfado,Enfado,Tristeza,Enfado,Enfado,Neutral,Enfado,Otra,Asco,Enfado,Enfado,Asco,Felicidad,Asco,Otra,Miedo,Sorpresa,Miedo,Sorpresa,Miedo,Miedo,Sorpresa,Sorpresa,Neutral,Felicidad,Neutral,Felicidad,Miedo,Felicidad,Otra,Felicidad,Otra,Neutral,Neutral,Neutral,Neutral,Neutral,Neutral,Neutral,Tristeza,Tristeza,Tristeza,Tristeza,Tristeza,Tristeza,Neutral,Tristeza,Otra,Sorpresa,Sorpresa,Felicidad,Sorpresa,Sorpresa,Sorpresa,Sorpresa,Otra,Neutral,Incertidumbre,Neutral,Enfado,Felicidad,Otra,Otra,Tristeza,Enfado,Neutral,Neutral,Enfado,Enfado,Otra,Enfado,Enfado,Asco,Otra,Enfado,Enfado,Asco,Asco,Tristeza,Enfado,Tristeza,Tristeza,Sorpresa,Neutral,Sorpresa,Sorpresa,Otra,Tristeza,Felicidad,Felicidad,Felicidad,Neutral,Felicidad,Felicidad,Felicidad,Felicidad,Neutral,Neutral,Neutral,Neutral,Neutral,Otra,Neutral,Neutral,Tristeza,Enfado,Tristeza,Tristeza,Neutral,Tristeza,Neutral,Tristeza,Sorpresa,Neutral,Otra,Miedo,Sorpresa,Otra,Sorpresa,Sorpresa,Otra,Incertidumbre,Felicidad,Neutral,Sorpresa,Otra,Otra,Felicidad,Tristeza,Enfado,Enfado,Enfado,Enfado,Enfado,Enfado,Enfado,Enfado,Enfado,Enfado,Otra,Otra,Asco,Enfado,Asco,Asco,Tristeza,Neutral,Tristeza,Tristeza,Miedo,Sorpresa,Miedo,Sorpresa,Incertidumbre,Neutral,Felicidad,Felicidad,Felicidad,Felicidad,Felicidad,Felicidad,Neutral,Neutral,Neutral,Neutral,Neutral,Neutral,Neutral,Neutral,Asco,Tristeza,Tristeza,Tristeza,Tristeza,Neutral,Neutral,Tristeza,Sorpresa,Sorpresa,Sorpresa,Sorpresa,Sorpresa,Sorpresa,Sorpresa,Miedo,Otra,Felicidad,Otra,Incertidumbre,Otra,Incertidumbre,Otra,Incertidumbre,95561
2022-01-29 09:17:51,2022-01-29 09:40:36,IP Address,187.160.102.28,100,1364,True,2022-01-29 09:40:36,R_UyIbNjArUbHEkLL,,,,,25.6920013427734375,-100.21520233154296875,anonymous,ES,Yo Consiento,Femenino,37,Hispano o Latino,Título profesional,15000,Mexico,"Inglés,Español",,"Califica lo que creo que la persona de la imagen está experimentando,Seleccionar ""otro"" si la palabra que tengo en mente no aparece entre las opciones de respuesta,Seleccionar ""incierto"" si no sé lo que la persona en la imagen está experimentando",Enfado,Enfado,Enfado,Enfado,Enfado,Enfado,Neutral,Enfado,Incertidumbre,Otra,Enfado,Sorpresa,Asco,Felicidad,Asco,Enfado,Miedo,Sorpresa,Miedo,Sorpresa,Miedo,Miedo,Miedo,Sorpresa,Neutral,Felicidad,Neutral,Felicidad,Felicidad,Neutral,Felicidad,Felicidad,Neutral,Neutral,Neutral,Neutral,Neutral,Neutral,Neutral,Neutral,Tristeza,Tristeza,Tristeza,Tristeza,Tristeza,Tristeza,Tristeza,Tristeza,Felicidad,Sorpresa,Sorpresa,Felicidad,Otra,Sorpresa,Sorpresa,Sorpresa,Otra,Neutral,Otra,Neutral,Enfado,Enfado,Otra,Sorpresa,Enfado,Enfado,Enfado,Neutral,Enfado,Enfado,Enfado,Enfado,Enfado,Asco,Incertidumbre,Enfado,Asco,Miedo,Otra,Asco,Enfado,Miedo,Miedo,Miedo,Neutral,Miedo,Sorpresa,Tristeza,Tristeza,Felicidad,Felicidad,Felicidad,Felicidad,Felicidad,Felicidad,Felicidad,Felicidad,Neutral,Neutral,Neutral,Neutral,Neutral,Neutral,Neutral,Neutral,Tristeza,Miedo,Tristeza,Miedo,Neutral,Tristeza,Neutral,Tristeza,Sorpresa,Sorpresa,Sorpresa,Miedo,Sorpresa,Sorpresa,Miedo,Sorpresa,Neutral,Neutral,Felicidad,Neutral,Sorpresa,Neutral,Neutral,Felicidad,Tristeza,Enfado,Enfado,Enfado,Enfado,Enfado,Enfado,Neutral,Enfado,Enfado,Otra,Enfado,Asco,Incertidumbre,Enfado,Miedo,Asco,Miedo,Sorpresa,Tristeza,Miedo,Miedo,Neutral,Miedo,Sorpresa,Felicidad,Felicidad,Felicidad,Felicidad,Felicidad,Felicidad,Felicidad,Felicidad,Neutral,Neutral,Neutral,Neutral,Neutral,Neutral,Neutral,Neutral,Asco,Tristeza,Tristeza,Tristeza,Neutral,Neutral,Neutral,Miedo,Sorpresa,Sorpresa,Sorpresa,Sorpresa,Sorpresa,Sorpresa,Sorpresa,Neutral,Otra,Felicidad,Incertidumbre,Neutral,Enfado,Enfado,Incertidumbre,Neutral,45904
2022-01-29 09:10:23,2022-01-29 09:49:07,IP Address,200.84.199.14,100,2323,True,2022-01-29 09:49:07,R_3FPcDR5MTH5xi4W,,,,,7.763702392578125,-72.223297119140625,anonymous,ES,Yo Consiento,Femenino,46,Hispano o Latino,Título profesional,31479,venezuela,"Inglés,Español",,"Califica lo que creo que la persona de la imagen está experimentando,Seleccionar ""otro"" si la palabra que tengo en mente no aparece entre las opciones de respuesta,Seleccionar ""incierto"" si no sé lo que la persona en la imagen está experimentando",Incertidumbre,Enfado,Enfado,Tristeza,Sorpresa,Enfado,Incertidumbre,Felicidad,Asco,Asco,Asco,Asco,Asco,Asco,Enfado,Asco,Miedo,Sorpresa,Miedo,Sorpresa,Miedo,Tristeza,Miedo,Sorpresa,Felicidad,Felicidad,Felicidad,Felicidad,Felicidad,Felicidad,Felicidad,Felicidad,Neutral,Neutral,Neutral,Incertidumbre,Neutral,Neutral,Neutral,Neutral,Tristeza,Tristeza,Tristeza,Tristeza,Tristeza,Tristeza,Tristeza,Tristeza,Felicidad,Sorpresa,Sorpresa,Sorpresa,Sorpresa,Sorpresa,Sorpresa,Sorpresa,Otra,Incertidumbre,Felicidad,Incertidumbre,Asco,Incertidumbre,Incertidumbre,Incertidumbre,Tristeza,Enfado,Enfado,Neutral,Enfado,Enfado,Enfado,Enfado,Enfado,Miedo,Neutral,Asco,Asco,Tristeza,Asco,Asco,Asco,Tristeza,Tristeza,Miedo,Incertidumbre,Miedo,Sorpresa,Incertidumbre,Tristeza,Felicidad,Felicidad,Felicidad,Felicidad,Felicidad,Felicidad,Felicidad,Felicidad,Neutral,Incertidumbre,Neutral,Neutral,Neutral,Neutral,Incertidumbre,Neutral,Tristeza,Tristeza,Tristeza,Tristeza,Felicidad,Tristeza,Tristeza,Tristeza,Sorpresa,Incertidumbre,Incertidumbre,Sorpresa,Sorpresa,Neutral,Sorpresa,Sorpresa,Incertidumbre,Incertidumbre,Felicidad,Neutral,Sorpresa,Incertidumbre,Incertidumbre,Felicidad,Tristeza,Enfado,Enfado,Enfado,Enfado,Enfado,Enfado,Neutral,Asco,Enfado,Asco,Asco,Enfado,Asco,Asco,Miedo,Enfado,Miedo,Miedo,Tristeza,Tristeza,Miedo,Sorpresa,Sorpresa,Sorpresa,Felicidad,Felicidad,Felicidad,Felicidad,Felicidad,Sorpresa,Felicidad,Felicidad,Neutral,Felicidad,Neutral,Neutral,Neutral,Neutral,Neutral,Neutral,Tristeza,Incertidumbre,Tristeza,Tristeza,Tristeza,Tristeza,Incertidumbre,Tristeza,Sorpresa,Sorpresa,Sorpresa,Sorpresa,Sorpresa,Sorpresa,Sorpresa,Incertidumbre,Felicidad,Felicidad,Incertidumbre,Incertidumbre,Incertidumbre,Enfado,Enfado,Neutral,33217
2022-01-29 11:46:07,2022-01-29 12:10:56,IP Address,177.232.81.202,100,1489,True,2022-01-29 12:10:57,R_ey3BlJsSJ4kzOA9,,,,,18.89410400390625,-96.93489837646484375,anonymous,ES,Yo Consiento,Masculino,35,Blanco o caucásico,Magister o Master,125070,Mexicana,"Inglés,Español",,"Califica lo que creo que la persona de la imagen está experimentando,Seleccionar ""otro"" si la palabra que tengo en mente no aparece entre las opciones de respuesta,Seleccionar ""incierto"" si no sé lo que la persona en la imagen está experimentando",Otra,Tristeza,Miedo,Neutral,Sorpresa,Enfado,Neutral,Incertidumbre,Enfado,Asco,Enfado,Felicidad,Enfado,Asco,Asco,Incertidumbre,Otra,Incertidumbre,Sorpresa,Sorpresa,Sorpresa,Tristeza,Sorpresa,Miedo,Neutral,Sorpresa,Otra,Felicidad,Sorpresa,Incertidumbre,Sorpresa,Felicidad,Otra,Sorpresa,Otra,Enfado,Sorpresa,Felicidad,Otra,Enfado,Enfado,Tristeza,Asco,Miedo,Sorpresa,Tristeza,Neutral,Felicidad,Felicidad,Incertidumbre,Sorpresa,Felicidad,Incertidumbre,Incertidumbre,Neutral,Neutral,Incertidumbre,Incertidumbre,Incertidumbre,Sorpresa,Asco,Otra,Miedo,Otra,Miedo,Enfado,Sorpresa,Asco,Enfado,Incertidumbre,Enfado,Enfado,Enfado,Enfado,Sorpresa,Miedo,Enfado,Asco,Miedo,Tristeza,Neutral,Neutral,Felicidad,Sorpresa,Incertidumbre,Miedo,Asco,Incertidumbre,Sorpresa,Felicidad,Otra,Felicidad,Sorpresa,Asco,Neutral,Enfado,Sorpresa,Sorpresa,Otra,Felicidad,Sorpresa,Incertidumbre,Enfado,Neutral,Tristeza,Tristeza,Enfado,Tristeza,Tristeza,Sorpresa,Tristeza,Otra,Incertidumbre,Otra,Incertidumbre,Incertidumbre,Sorpresa,Otra,Sorpresa,Enfado,Incertidumbre,Neutral,Incertidumbre,Otra,Enfado,Felicidad,Tristeza,Tristeza,Neutral,Tristeza,Sorpresa,Asco,Sorpresa,Asco,Sorpresa,Asco,Felicidad,Sorpresa,Asco,Asco,Felicidad,Otra,Miedo,Asco,Enfado,Neutral,Miedo,Otra,Otra,Incertidumbre,Miedo,Enfado,Sorpresa,Asco,Otra,Miedo,Neutral,Incertidumbre,Felicidad,Sorpresa,Felicidad,Incertidumbre,Felicidad,Asco,Tristeza,Otra,Otra,Miedo,Incertidumbre,Asco,Asco,Tristeza,Tristeza,Tristeza,Miedo,Sorpresa,Felicidad,Tristeza,Otra,Tristeza,Incertidumbre,Incertidumbre,Incertidumbre,Felicidad,Miedo,Miedo,Otra,Tristeza,Tristeza,Enfado,Incertidumbre,Felicidad,Asco,Felicidad,58998
2022-01-29 18:43:41,2022-01-29 20:25:06,IP Address,186.185.88.247,100,6085,True,2022-01-29 20:25:07,R_22sJlkl8v8N12Hi,,,,,10.5048065185546875,-66.92079925537109375,anonymous,ES,Yo Consiento,Femenino,43,Multiples etnicidades,Grado de educación superior de 2 años,26620,Venezuela,"Inglés,Español",,"Califica lo que creo que la persona de la imagen está experimentando,Seleccionar ""otro"" si la palabra que tengo en mente no aparece entre las opciones de respuesta,Seleccionar ""incierto"" si no sé lo que la persona en la imagen está experimentando",Enfado,Enfado,Enfado,Tristeza,Miedo,Enfado,Otra,Felicidad,Incertidumbre,Asco,Asco,Enfado,Asco,Asco,Asco,Incertidumbre,Enfado,Miedo,Miedo,Sorpresa,Sorpresa,Tristeza,Miedo,Felicidad,Neutral,Felicidad,Felicidad,Felicidad,Felicidad,Felicidad,Felicidad,Felicidad,Otra,Felicidad,Neutral,Incertidumbre,Neutral,Tristeza,Neutral,Neutral,Tristeza,Tristeza,Asco,Tristeza,Tristeza,Tristeza,Enfado,Tristeza,Felicidad,Sorpresa,Miedo,Sorpresa,Incertidumbre,Sorpresa,Sorpresa,Neutral,Incertidumbre,Neutral,Otra,Neutral,Enfado,Otra,Incertidumbre,Otra,Tristeza,Enfado,Otra,Enfado,Enfado,Enfado,Enfado,Enfado,Enfado,Enfado,Incertidumbre,Asco,Asco,Asco,Asco,Asco,Asco,Miedo,Asco,Miedo,Enfado,Miedo,Sorpresa,Miedo,Tristeza,Felicidad,Felicidad,Felicidad,Felicidad,Felicidad,Tristeza,Felicidad,Felicidad,Tristeza,Neutral,Neutral,Neutral,Enfado,Neutral,Neutral,Neutral,Tristeza,Enfado,Tristeza,Tristeza,Tristeza,Tristeza,Tristeza,Tristeza,Sorpresa,Neutral,Miedo,Miedo,Sorpresa,Neutral,Sorpresa,Sorpresa,Enfado,Asco,Felicidad,Neutral,Sorpresa,Neutral,Tristeza,Asco,Tristeza,Enfado,Asco,Enfado,Enfado,Enfado,Enfado,Enfado,Enfado,Enfado,Otra,Otra,Enfado,Incertidumbre,Enfado,Miedo,Asco,Enfado,Miedo,Tristeza,Tristeza,Miedo,Miedo,Miedo,Miedo,Felicidad,Felicidad,Felicidad,Felicidad,Felicidad,Felicidad,Felicidad,Felicidad,Incertidumbre,Felicidad,Neutral,Neutral,Neutral,Neutral,Felicidad,Tristeza,Tristeza,Tristeza,Tristeza,Tristeza,Tristeza,Enfado,Tristeza,Tristeza,Sorpresa,Sorpresa,Sorpresa,Neutral,Sorpresa,Miedo,Sorpresa,Tristeza,Felicidad,Felicidad,Miedo,Incertidumbre,Enfado,Otra,Felicidad,Felicidad,69979
2022-01-28 11:43:32,2022-01-28 11:44:49,IP Address,107.208.176.119,4,77,False,2022-01-30 11:44:55,R_1FPOHVb38GVo0rK,,,,,,,anonymous,ES,Yo Consiento,No binario u otro genero,33,Hispano o Latino,Magister o Master,30493,,"Inglés,Español",,"Califica lo que creo que la persona de la imagen está experimentando,Seleccionar ""otro"" si la palabra que tengo en mente no aparece entre las opciones de respuesta,Seleccionar ""incierto"" si no sé lo que la persona en la imagen está experimentando",,,,,,,,,,,,,,,,,,,,,,,,,,,,,,,,,,,,,,,,,,,,,,,,,,,,,,,,,,,,,,,,,,,,,,,,,,,,,,,,,,,,,,,,,,,,,,,,,,,,,,,,,,,,,,,,,,,,,,,,,,,,,,,,,,,,,,,,,,,,,,,,,,,,,,,,,,,,,,,,,,,,,,,,,,,,,,,,,,,,,,,,,,,,,,,,,,,
2022-01-30 23:19:00,2022-01-30 23:37:19,IP Address,187.160.102.28,100,1098,True,2022-01-30 23:37:19,R_3R3kEfuEldV8RPl,,,,,25.6920013427734375,-100.21520233154296875,anonymous,ES,Yo Consiento,Femenino,37,Hispano o Latino,Título profesional,15000,Mexicana,"Inglés,Español",,"Califica lo que creo que la persona de la imagen está experimentando,Seleccionar ""otro"" si la palabra que tengo en mente no aparece entre las opciones de respuesta,Seleccionar ""incierto"" si no sé lo que la persona en la imagen está experimentando",Enfado,Enfado,Enfado,Tristeza,Enfado,Enfado,Neutral,Enfado,Asco,Otra,Enfado,Sorpresa,Asco,Otra,Asco,Enfado,Miedo,Sorpresa,Miedo,Miedo,Miedo,Enfado,Miedo,Sorpresa,Neutral,Felicidad,Felicidad,Felicidad,Felicidad,Neutral,Felicidad,Felicidad,Neutral,Neutral,Neutral,Neutral,Neutral,Neutral,Neutral,Neutral,Tristeza,Tristeza,Tristeza,Tristeza,Tristeza,Tristeza,Enfado,Tristeza,Felicidad,Sorpresa,Sorpresa,Felicidad,Sorpresa,Sorpresa,Sorpresa,Sorpresa,Otra,Neutral,Otra,Neutral,Enfado,Enfado,Asco,Sorpresa,Tristeza,Neutral,Enfado,Neutral,Enfado,Enfado,Enfado,Enfado,Enfado,Asco,Otra,Asco,Asco,Asco,Otra,Asco,Asco,Miedo,Tristeza,Miedo,Neutral,Miedo,Sorpresa,Tristeza,Miedo,Felicidad,Felicidad,Felicidad,Felicidad,Neutral,Felicidad,Felicidad,Felicidad,Neutral,Neutral,Neutral,Neutral,Neutral,Neutral,Neutral,Neutral,Tristeza,Miedo,Tristeza,Tristeza,Neutral,Tristeza,Neutral,Tristeza,Sorpresa,Neutral,Sorpresa,Sorpresa,Sorpresa,Neutral,Miedo,Sorpresa,Otra,Otra,Felicidad,Neutral,Sorpresa,Neutral,Neutral,Otra,Tristeza,Enfado,Enfado,Enfado,Enfado,Enfado,Enfado,Neutral,Enfado,Enfado,Otra,Enfado,Enfado,Asco,Enfado,Miedo,Asco,Miedo,Neutral,Tristeza,Tristeza,Miedo,Neutral,Miedo,Miedo,Felicidad,Felicidad,Felicidad,Felicidad,Felicidad,Felicidad,Felicidad,Felicidad,Neutral,Neutral,Neutral,Neutral,Neutral,Neutral,Neutral,Neutral,Asco,Tristeza,Tristeza,Tristeza,Tristeza,Neutral,Neutral,Tristeza,Sorpresa,Felicidad,Miedo,Sorpresa,Sorpresa,Miedo,Sorpresa,Neutral,Felicidad,Felicidad,Enfado,Neutral,Enfado,Otra,Otra,Neutral,13650
2022-01-29 05:04:13,2022-01-29 06:39:24,IP Address,190.38.150.112,4,5711,False,2022-01-31 06:39:25,R_Z91K0alyFnGKXF7,,,,,,,anonymous,ES,Yo Consiento,Masculino,50,Hispano o Latino,Grado de educación superior de 4 años o más,50704,Venezuela,"Inglés,Español",,,,,,,,,,,,,,,,,,,,,,,,,,,,,,,,,,,,,,,,,,,,,,,,,,,,,,,,,,,,,,,,,,,,,,,,,,,,,,,,,,,,,,,,,,,,,,,,,,,,,,,,,,,,,,,,,,,,,,,,,,,,,,,,,,,,,,,,,,,,,,,,,,,,,,,,,,,,,,,,,,,,,,,,,,,,,,,,,,,,,,,,,,,,,,,,,,,,,28081
2022-01-31 07:35:13,2022-01-31 07:51:23,IP Address,189.211.204.83,100,970,True,2022-01-31 07:51:24,R_3ssuXFtJIKNTXRn,,,,,25.6759033203125,-100.32080078125,anonymous,ES,Yo Consiento,Masculino,27,Hispano o Latino,Magister o Master,49437,Mexicana,"Inglés,Español",,"Califica lo que creo que la persona de la imagen está experimentando,Seleccionar ""otro"" si la palabra que tengo en mente no aparece entre las opciones de respuesta,Seleccionar ""incierto"" si no sé lo que la persona en la imagen está experimentando",Incertidumbre,Enfado,Enfado,Tristeza,Enfado,Enfado,Enfado,Enfado,Incertidumbre,Enfado,Asco,Asco,Asco,Otra,Asco,Asco,Miedo,Miedo,Miedo,Sorpresa,Sorpresa,Tristeza,Miedo,Sorpresa,Neutral,Felicidad,Felicidad,Felicidad,Felicidad,Felicidad,Sorpresa,Felicidad,Incertidumbre,Neutral,Neutral,Neutral,Neutral,Neutral,Neutral,Neutral,Tristeza,Tristeza,Tristeza,Tristeza,Tristeza,Tristeza,Tristeza,Tristeza,Incertidumbre,Sorpresa,Sorpresa,Felicidad,Sorpresa,Sorpresa,Sorpresa,Sorpresa,Otra,Tristeza,Felicidad,Neutral,Tristeza,Tristeza,Incertidumbre,Incertidumbre,Tristeza,Enfado,Enfado,Enfado,Enfado,Enfado,Enfado,Enfado,Enfado,Asco,Incertidumbre,Asco,Enfado,Asco,Enfado,Tristeza,Enfado,Tristeza,Tristeza,Sorpresa,Incertidumbre,Sorpresa,Sorpresa,Asco,Tristeza,Felicidad,Felicidad,Felicidad,Neutral,Felicidad,Felicidad,Felicidad,Felicidad,Neutral,Neutral,Neutral,Neutral,Neutral,Incertidumbre,Incertidumbre,Neutral,Tristeza,Tristeza,Tristeza,Tristeza,Neutral,Tristeza,Neutral,Tristeza,Sorpresa,Incertidumbre,Sorpresa,Sorpresa,Sorpresa,Incertidumbre,Sorpresa,Enfado,Incertidumbre,Incertidumbre,Felicidad,Neutral,Sorpresa,Otra,Otra,Felicidad,Tristeza,Sorpresa,Enfado,Enfado,Enfado,Enfado,Enfado,Neutral,Enfado,Asco,Enfado,Enfado,Asco,Asco,Enfado,Asco,Asco,Sorpresa,Sorpresa,Tristeza,Tristeza,Miedo,Incertidumbre,Sorpresa,Sorpresa,Felicidad,Neutral,Neutral,Felicidad,Felicidad,Felicidad,Felicidad,Felicidad,Neutral,Neutral,Neutral,Neutral,Neutral,Neutral,Incertidumbre,Neutral,Asco,Tristeza,Tristeza,Tristeza,Tristeza,Enfado,Incertidumbre,Tristeza,Sorpresa,Felicidad,Sorpresa,Sorpresa,Sorpresa,Sorpresa,Sorpresa,Incertidumbre,Neutral,Felicidad,Incertidumbre,Otra,Incertidumbre,Enfado,Otra,Otra,47614
2022-01-31 07:26:55,2022-01-31 08:16:33,IP Address,181.53.57.99,100,2978,True,2022-01-31 08:16:34,R_1pnHAj5wIur6Ny8,,,,,11.5424041748046875,-72.9019012451171875,anonymous,ES,Yo Consiento,Masculino,36,Hispano o Latino,Magister o Master,11197,Colombia,"Inglés,Español",,"Califica lo que creo que la persona de la imagen está experimentando,Seleccionar ""otro"" si la palabra que tengo en mente no aparece entre las opciones de respuesta,Seleccionar ""incierto"" si no sé lo que la persona en la imagen está experimentando",Enfado,Enfado,Enfado,Otra,Enfado,Enfado,Enfado,Enfado,Incertidumbre,Asco,Enfado,Felicidad,Asco,Otra,Miedo,Incertidumbre,Miedo,Sorpresa,Miedo,Sorpresa,Sorpresa,Enfado,Miedo,Sorpresa,Neutral,Felicidad,Felicidad,Felicidad,Felicidad,Felicidad,Felicidad,Felicidad,Neutral,Neutral,Neutral,Neutral,Tristeza,Neutral,Neutral,Neutral,Tristeza,Tristeza,Tristeza,Tristeza,Miedo,Tristeza,Incertidumbre,Tristeza,Neutral,Sorpresa,Sorpresa,Sorpresa,Incertidumbre,Sorpresa,Sorpresa,Neutral,Asco,Neutral,Otra,Neutral,Incertidumbre,Otra,Incertidumbre,Otra,Tristeza,Enfado,Neutral,Neutral,Enfado,Enfado,Incertidumbre,Enfado,Enfado,Asco,Incertidumbre,Asco,Incertidumbre,Asco,Asco,Asco,Asco,Miedo,Tristeza,Sorpresa,Incertidumbre,Sorpresa,Sorpresa,Miedo,Incertidumbre,Felicidad,Felicidad,Felicidad,Neutral,Incertidumbre,Neutral,Felicidad,Felicidad,Neutral,Neutral,Neutral,Neutral,Neutral,Neutral,Neutral,Neutral,Tristeza,Tristeza,Tristeza,Tristeza,Enfado,Tristeza,Neutral,Tristeza,Sorpresa,Neutral,Otra,Sorpresa,Sorpresa,Sorpresa,Sorpresa,Sorpresa,Incertidumbre,Incertidumbre,Felicidad,Neutral,Sorpresa,Neutral,Neutral,Felicidad,Tristeza,Enfado,Enfado,Enfado,Enfado,Enfado,Enfado,Incertidumbre,Enfado,Asco,Enfado,Enfado,Incertidumbre,Asco,Asco,Miedo,Asco,Asco,Incertidumbre,Miedo,Miedo,Sorpresa,Incertidumbre,Sorpresa,Sorpresa,Felicidad,Neutral,Otra,Felicidad,Felicidad,Felicidad,Felicidad,Felicidad,Neutral,Neutral,Neutral,Neutral,Neutral,Neutral,Neutral,Neutral,Tristeza,Neutral,Tristeza,Tristeza,Tristeza,Neutral,Neutral,Tristeza,Sorpresa,Sorpresa,Sorpresa,Sorpresa,Sorpresa,Sorpresa,Sorpresa,Incertidumbre,Felicidad,Otra,Incertidumbre,Incertidumbre,Incertidumbre,Incertidumbre,Otra,Incertidumbre,92669
2022-01-29 09:10:24,2022-01-29 09:14:29,IP Address,190.217.13.201,4,245,False,2022-01-31 09:14:31,R_1Kq16GDRbXp7GP9,,,,,,,anonymous,ES,Yo Consiento,Masculino,29,Hispano o Latino,Título profesional,20915,Venezuela,Español,,,,,,,,,,,,,,,,,,,,,,,,,,,,,,,,,,,,,,,,,,,,,,,,,,,,,,,,,,,,,,,,,,,,,,,,,,,,,,,,,,,,,,,,,,,,,,,,,,,,,,,,,,,,,,,,,,,,,,,,,,,,,,,,,,,,,,,,,,,,,,,,,,,,,,,,,,,,,,,,,,,,,,,,,,,,,,,,,,,,,,,,,,,,,,,,,,,,,85796
2022-01-29 09:13:25,2022-01-29 09:19:25,IP Address,190.217.13.201,21,359,False,2022-01-31 09:19:25,R_2P1lBZMZxzNUYOJ,,,,,,,anonymous,ES,Yo Consiento,Masculino,29,Hispano o Latino,Título profesional,20704,Venezolano,"Inglés,Español",,"Califica lo que creo que la persona de la imagen está experimentando,Seleccionar ""otro"" si la palabra que tengo en mente no aparece entre las opciones de respuesta,Seleccionar ""incierto"" si no sé lo que la persona en la imagen está experimentando",,Enfado,,,,Enfado,Enfado,,Incertidumbre,Enfado,,Enfado,Enfado,Felicidad,Asco,Incertidumbre,Miedo,Sorpresa,Incertidumbre,Incertidumbre,,,Miedo,,Otra,,Neutral,Felicidad,Felicidad,,Incertidumbre,Felicidad,Incertidumbre,,Incertidumbre,,Neutral,Neutral,,,,,,Tristeza,Tristeza,,Otra,Tristeza,,,,,,Sorpresa,,,,,Otra,Neutral,Enfado,,,,,,,,,,,,,,,,,,,,,,,,,,,,,,,,,,,,,,,,,,,,,,,,,,,,,,,,,,,,,,,,,,,,,,,,,,,,,,,,,,,,,,,,,,,,,,,,,,,,,,,,,,,,,,,,,,,,,,,,,,,,,,,,,,,,,,10199
2022-01-29 09:20:18,2022-01-29 09:20:50,IP Address,187.160.102.28,4,32,False,2022-01-31 09:21:41,R_2SdalhMqEcF5A3G,,,,,,,anonymous,ES,Yo Consiento,Femenino,37,Hispano o Latino,Título profesional,15000,Mexico,"Inglés,Español",,,,,,,,,,,,,,,,,,,,,,,,,,,,,,,,,,,,,,,,,,,,,,,,,,,,,,,,,,,,,,,,,,,,,,,,,,,,,,,,,,,,,,,,,,,,,,,,,,,,,,,,,,,,,,,,,,,,,,,,,,,,,,,,,,,,,,,,,,,,,,,,,,,,,,,,,,,,,,,,,,,,,,,,,,,,,,,,,,,,,,,,,,,,,,,,,,,,,19593
2022-01-31 09:09:49,2022-01-31 09:46:25,IP Address,189.217.56.111,100,2195,True,2022-01-31 09:46:25,R_27DSoeXmZGVovXF,,,,,19.485504150390625,-99.17949676513671875,anonymous,ES,Yo Consiento,Femenino,51,Hispano o Latino,Título profesional,40775,Mexico,"Inglés,Español",,"Califica lo que creo que la persona de la imagen está experimentando,Seleccionar ""otro"" si la palabra que tengo en mente no aparece entre las opciones de respuesta,Seleccionar ""incierto"" si no sé lo que la persona en la imagen está experimentando",Enfado,Enfado,Enfado,Otra,Enfado,Neutral,Incertidumbre,Otra,Enfado,Otra,Asco,Sorpresa,Asco,Otra,Asco,Asco,Miedo,Sorpresa,Miedo,Sorpresa,Sorpresa,Miedo,Miedo,Miedo,Neutral,Felicidad,Otra,Felicidad,Felicidad,Felicidad,Sorpresa,Felicidad,Incertidumbre,Felicidad,Tristeza,Incertidumbre,Neutral,Neutral,Neutral,Neutral,Tristeza,Tristeza,Tristeza,Tristeza,Tristeza,Tristeza,Incertidumbre,Tristeza,Otra,Sorpresa,Sorpresa,Sorpresa,Sorpresa,Sorpresa,Sorpresa,Sorpresa,Enfado,Neutral,Otra,Otra,Enfado,Otra,Incertidumbre,Otra,Tristeza,Enfado,Enfado,Incertidumbre,Enfado,Enfado,Incertidumbre,Enfado,Enfado,Otra,Incertidumbre,Otra,Asco,Asco,Otra,Asco,Asco,Miedo,Miedo,Sorpresa,Sorpresa,Sorpresa,Sorpresa,Incertidumbre,Incertidumbre,Felicidad,Felicidad,Felicidad,Felicidad,Felicidad,Felicidad,Felicidad,Felicidad,Enfado,Neutral,Neutral,Incertidumbre,Neutral,Neutral,Neutral,Neutral,Tristeza,Otra,Tristeza,Enfado,Otra,Tristeza,Otra,Miedo,Sorpresa,Sorpresa,Incertidumbre,Miedo,Sorpresa,Sorpresa,Sorpresa,Sorpresa,Otra,Otra,Otra,Incertidumbre,Sorpresa,Otra,Otra,Felicidad,Enfado,Sorpresa,Enfado,Otra,Enfado,Enfado,Enfado,Neutral,Otra,Asco,Otra,Otra,Otra,Asco,Otra,Miedo,Asco,Miedo,Sorpresa,Incertidumbre,Tristeza,Miedo,Sorpresa,Miedo,Sorpresa,Felicidad,Felicidad,Felicidad,Felicidad,Felicidad,Felicidad,Felicidad,Felicidad,Neutral,Neutral,Neutral,Neutral,Otra,Neutral,Incertidumbre,Neutral,Incertidumbre,Otra,Tristeza,Otra,Neutral,Enfado,Incertidumbre,Tristeza,Sorpresa,Sorpresa,Sorpresa,Sorpresa,Sorpresa,Sorpresa,Sorpresa,Incertidumbre,Otra,Tristeza,Incertidumbre,Neutral,Otra,Otra,Otra,Neutral,72021
2022-01-29 10:35:59,2022-01-29 10:36:10,IP Address,208.203.218.64,0,11,False,2022-01-31 10:37:04,R_2cqNPS6Ws98Y5Gg,,,,,,,anonymous,ES,Yo Consiento,,,,,,,,,,,,,,,,,,,,,,,,,,,,,,,,,,,,,,,,,,,,,,,,,,,,,,,,,,,,,,,,,,,,,,,,,,,,,,,,,,,,,,,,,,,,,,,,,,,,,,,,,,,,,,,,,,,,,,,,,,,,,,,,,,,,,,,,,,,,,,,,,,,,,,,,,,,,,,,,,,,,,,,,,,,,,,,,,,,,,,,,,,,,,,,,,,,,,,,,,,,,19418
2022-01-31 10:27:47,2022-01-31 10:46:36,IP Address,187.252.206.104,100,1129,True,2022-01-31 10:46:37,R_3L5MCAgNp8KlykJ,,,,,21.0554962158203125,-86.84619903564453125,anonymous,ES,Yo Consiento,Masculino,29,Blanco o caucásico,Educación superior incompleta,10563,Mexico,"Inglés,Español",,"Califica lo que creo que la persona de la imagen está experimentando,Seleccionar ""otro"" si la palabra que tengo en mente no aparece entre las opciones de respuesta,Seleccionar ""incierto"" si no sé lo que la persona en la imagen está experimentando",Enfado,Otra,Enfado,Incertidumbre,Enfado,Enfado,Neutral,Otra,Incertidumbre,Asco,Asco,Asco,Asco,Felicidad,Asco,Asco,Sorpresa,Miedo,Asco,Sorpresa,Miedo,Enfado,Miedo,Felicidad,Felicidad,Felicidad,Felicidad,Felicidad,Incertidumbre,Felicidad,Felicidad,Felicidad,Neutral,Neutral,Neutral,Neutral,Neutral,Neutral,Neutral,Neutral,Tristeza,Tristeza,Miedo,Tristeza,Tristeza,Tristeza,Incertidumbre,Tristeza,Sorpresa,Sorpresa,Sorpresa,Sorpresa,Sorpresa,Sorpresa,Sorpresa,Sorpresa,Otra,Neutral,Otra,Otra,Enfado,Otra,Incertidumbre,Otra,Enfado,Tristeza,Enfado,Neutral,Enfado,Enfado,Enfado,Enfado,Enfado,Asco,Incertidumbre,Otra,Enfado,Tristeza,Felicidad,Asco,Enfado,Tristeza,Tristeza,Incertidumbre,Incertidumbre,Sorpresa,Sorpresa,Incertidumbre,Tristeza,Felicidad,Felicidad,Felicidad,Felicidad,Felicidad,Felicidad,Felicidad,Felicidad,Enfado,Neutral,Neutral,Neutral,Neutral,Neutral,Neutral,Neutral,Tristeza,Tristeza,Tristeza,Enfado,Tristeza,Tristeza,Tristeza,Tristeza,Sorpresa,Neutral,Incertidumbre,Sorpresa,Sorpresa,Incertidumbre,Sorpresa,Sorpresa,Incertidumbre,Otra,Otra,Otra,Sorpresa,Otra,Incertidumbre,Felicidad,Tristeza,Enfado,Enfado,Enfado,Enfado,Enfado,Enfado,Neutral,Enfado,Enfado,Asco,Incertidumbre,Asco,Otra,Asco,Miedo,Asco,Asco,Sorpresa,Tristeza,Tristeza,Miedo,Sorpresa,Sorpresa,Sorpresa,Felicidad,Neutral,Felicidad,Felicidad,Felicidad,Felicidad,Felicidad,Felicidad,Neutral,Felicidad,Neutral,Neutral,Neutral,Neutral,Neutral,Neutral,Asco,Incertidumbre,Tristeza,Tristeza,Tristeza,Enfado,Incertidumbre,Enfado,Sorpresa,Sorpresa,Sorpresa,Sorpresa,Sorpresa,Sorpresa,Sorpresa,Incertidumbre,Felicidad,Felicidad,Incertidumbre,Neutral,Incertidumbre,Felicidad,Otra,Otra,50942
2022-01-29 11:48:28,2022-01-29 12:17:40,IP Address,177.232.81.202,4,1752,False,2022-01-31 12:21:44,R_2th5VV45MlMLGb5,,,,,,,anonymous,ES,Yo Consiento,Masculino,35,Blanco o caucásico,Magister o Master,120845,Mexicana,"Inglés,Español",,,,,,,,,,,,,,,,,,,,,,,,,,,,,,,,,,,,,,,,,,,,,,,,,,,,,,,,,,,,,,,,,,,,,,,,,,,,,,,,,,,,,,,,,,,,,,,,,,,,,,,,,,,,,,,,,,,,,,,,,,,,,,,,,,,,,,,,,,,,,,,,,,,,,,,,,,,,,,,,,,,,,,,,,,,,,,,,,,,,,,,,,,,,,,,,,,,,,22262
2022-01-31 17:06:39,2022-01-31 17:31:26,IP Address,189.168.2.37,100,1486,True,2022-01-31 17:31:27,R_1oC2fhLFExX5g2A,,,,,23.07000732421875,-103.1988983154296875,anonymous,ES,Yo Consiento,Masculino,43,Hispano o Latino,Magister o Master,22817,Mexico,"Inglés,Español",,"Califica lo que creo que la persona de la imagen está experimentando,Seleccionar ""otro"" si la palabra que tengo en mente no aparece entre las opciones de respuesta,Seleccionar ""incierto"" si no sé lo que la persona en la imagen está experimentando",Enfado,Enfado,Enfado,Incertidumbre,Enfado,Enfado,Enfado,Enfado,Sorpresa,Otra,Enfado,Enfado,Asco,Felicidad,Asco,Otra,Miedo,Sorpresa,Miedo,Sorpresa,Miedo,Miedo,Miedo,Felicidad,Neutral,Felicidad,Felicidad,Felicidad,Felicidad,Felicidad,Felicidad,Felicidad,Tristeza,Neutral,Neutral,Neutral,Enfado,Neutral,Neutral,Neutral,Tristeza,Tristeza,Tristeza,Tristeza,Tristeza,Tristeza,Enfado,Tristeza,Sorpresa,Sorpresa,Sorpresa,Felicidad,Sorpresa,Sorpresa,Miedo,Sorpresa,Tristeza,Neutral,Enfado,Enfado,Neutral,Enfado,Sorpresa,Sorpresa,Tristeza,Enfado,Enfado,Enfado,Enfado,Enfado,Incertidumbre,Enfado,Enfado,Asco,Miedo,Asco,Enfado,Asco,Enfado,Asco,Enfado,Miedo,Tristeza,Asco,Sorpresa,Sorpresa,Miedo,Tristeza,Tristeza,Felicidad,Tristeza,Felicidad,Neutral,Enfado,Felicidad,Felicidad,Felicidad,Enfado,Tristeza,Otra,Neutral,Neutral,Neutral,Neutral,Neutral,Tristeza,Enfado,Tristeza,Enfado,Tristeza,Tristeza,Tristeza,Tristeza,Sorpresa,Tristeza,Sorpresa,Miedo,Sorpresa,Tristeza,Sorpresa,Miedo,Enfado,Enfado,Incertidumbre,Enfado,Asco,Sorpresa,Incertidumbre,Felicidad,Tristeza,Enfado,Enfado,Enfado,Enfado,Enfado,Enfado,Enfado,Enfado,Asco,Otra,Asco,Asco,Asco,Otra,Miedo,Asco,Miedo,Miedo,Tristeza,Tristeza,Miedo,Sorpresa,Miedo,Sorpresa,Felicidad,Felicidad,Felicidad,Felicidad,Felicidad,Felicidad,Felicidad,Felicidad,Neutral,Neutral,Enfado,Neutral,Otra,Neutral,Neutral,Enfado,Enfado,Tristeza,Tristeza,Tristeza,Tristeza,Enfado,Incertidumbre,Tristeza,Sorpresa,Felicidad,Miedo,Sorpresa,Sorpresa,Miedo,Sorpresa,Sorpresa,Felicidad,Felicidad,Sorpresa,Otra,Enfado,Felicidad,Enfado,Otra,91457
2022-02-01 07:46:21,2022-02-01 08:10:59,IP Address,190.242.24.47,100,1478,True,2022-02-01 08:11:00,R_yyg9iyVFNYLzmNz,,,,,14.103302001953125,-87.2144012451171875,anonymous,ES,Yo Consiento,Masculino,37,Hispano o Latino,Título profesional,30000,Honduras,"Inglés,Español",,"Califica lo que creo que la persona de la imagen está experimentando,Seleccionar ""otro"" si la palabra que tengo en mente no aparece entre las opciones de respuesta,Seleccionar ""incierto"" si no sé lo que la persona en la imagen está experimentando",Enfado,Enfado,Enfado,Miedo,Enfado,Enfado,Enfado,Enfado,Enfado,Enfado,Asco,Asco,Asco,Felicidad,Miedo,Enfado,Miedo,Sorpresa,Miedo,Sorpresa,Sorpresa,Tristeza,Miedo,Sorpresa,Felicidad,Felicidad,Felicidad,Felicidad,Felicidad,Felicidad,Felicidad,Felicidad,Incertidumbre,Neutral,Neutral,Neutral,Neutral,Neutral,Neutral,Neutral,Tristeza,Tristeza,Tristeza,Tristeza,Tristeza,Tristeza,Neutral,Tristeza,Sorpresa,Sorpresa,Sorpresa,Sorpresa,Sorpresa,Sorpresa,Sorpresa,Sorpresa,Otra,Tristeza,Otra,Neutral,Enfado,Tristeza,Sorpresa,Incertidumbre,Tristeza,Tristeza,Otra,Enfado,Enfado,Enfado,Enfado,Enfado,Enfado,Asco,Incertidumbre,Enfado,Enfado,Asco,Enfado,Asco,Asco,Tristeza,Tristeza,Sorpresa,Enfado,Enfado,Sorpresa,Miedo,Tristeza,Felicidad,Felicidad,Felicidad,Felicidad,Felicidad,Sorpresa,Felicidad,Felicidad,Neutral,Tristeza,Neutral,Neutral,Otra,Otra,Sorpresa,Neutral,Tristeza,Tristeza,Tristeza,Tristeza,Tristeza,Tristeza,Tristeza,Tristeza,Sorpresa,Otra,Sorpresa,Sorpresa,Sorpresa,Sorpresa,Sorpresa,Felicidad,Incertidumbre,Enfado,Incertidumbre,Incertidumbre,Sorpresa,Otra,Incertidumbre,Felicidad,Tristeza,Enfado,Enfado,Enfado,Enfado,Enfado,Enfado,Enfado,Enfado,Asco,Asco,Enfado,Enfado,Asco,Asco,Miedo,Asco,Miedo,Miedo,Tristeza,Tristeza,Miedo,Sorpresa,Sorpresa,Sorpresa,Felicidad,Neutral,Felicidad,Felicidad,Felicidad,Felicidad,Felicidad,Felicidad,Incertidumbre,Incertidumbre,Otra,Neutral,Otra,Neutral,Neutral,Neutral,Asco,Tristeza,Tristeza,Tristeza,Tristeza,Tristeza,Otra,Enfado,Sorpresa,Sorpresa,Sorpresa,Sorpresa,Sorpresa,Sorpresa,Sorpresa,Tristeza,Felicidad,Asco,Sorpresa,Otra,Enfado,Enfado,Incertidumbre,Neutral,55427
2022-02-01 09:04:43,2022-02-01 09:25:28,IP Address,181.56.35.210,100,1245,True,2022-02-01 09:25:29,R_3Olau4beVTEazTw,,,,,4.335601806640625,-74.3607025146484375,anonymous,ES,Yo Consiento,Masculino,31,Hispano o Latino,Grado de educación superior de 2 años,29366,Colombia,"Inglés,Español",,"Califica lo que creo que la persona de la imagen está experimentando,Seleccionar ""otro"" si la palabra que tengo en mente no aparece entre las opciones de respuesta,Seleccionar ""incierto"" si no sé lo que la persona en la imagen está experimentando",Neutral,Enfado,Enfado,Incertidumbre,Neutral,Enfado,Neutral,Otra,Enfado,Asco,Asco,Asco,Asco,Otra,Asco,Asco,Incertidumbre,Sorpresa,Miedo,Sorpresa,Miedo,Miedo,Miedo,Sorpresa,Felicidad,Felicidad,Felicidad,Felicidad,Felicidad,Felicidad,Felicidad,Felicidad,Neutral,Felicidad,Neutral,Neutral,Neutral,Neutral,Neutral,Neutral,Tristeza,Tristeza,Incertidumbre,Tristeza,Tristeza,Tristeza,Incertidumbre,Tristeza,Sorpresa,Sorpresa,Sorpresa,Felicidad,Sorpresa,Sorpresa,Sorpresa,Sorpresa,Asco,Incertidumbre,Otra,Felicidad,Asco,Tristeza,Otra,Sorpresa,Tristeza,Enfado,Tristeza,Neutral,Enfado,Enfado,Enfado,Enfado,Enfado,Asco,Asco,Asco,Asco,Asco,Otra,Asco,Asco,Incertidumbre,Tristeza,Miedo,Incertidumbre,Felicidad,Sorpresa,Incertidumbre,Sorpresa,Felicidad,Felicidad,Felicidad,Felicidad,Felicidad,Felicidad,Felicidad,Felicidad,Neutral,Neutral,Neutral,Neutral,Neutral,Neutral,Neutral,Neutral,Incertidumbre,Tristeza,Tristeza,Tristeza,Neutral,Tristeza,Neutral,Tristeza,Sorpresa,Neutral,Sorpresa,Felicidad,Sorpresa,Neutral,Sorpresa,Felicidad,Otra,Neutral,Felicidad,Otra,Sorpresa,Neutral,Sorpresa,Felicidad,Tristeza,Enfado,Enfado,Enfado,Enfado,Enfado,Enfado,Neutral,Asco,Asco,Asco,Asco,Asco,Asco,Asco,Asco,Asco,Asco,Sorpresa,Incertidumbre,Asco,Asco,Sorpresa,Sorpresa,Sorpresa,Felicidad,Felicidad,Felicidad,Felicidad,Felicidad,Felicidad,Felicidad,Felicidad,Felicidad,Neutral,Neutral,Neutral,Neutral,Neutral,Neutral,Neutral,Asco,Incertidumbre,Tristeza,Incertidumbre,Tristeza,Enfado,Neutral,Tristeza,Sorpresa,Felicidad,Sorpresa,Sorpresa,Sorpresa,Sorpresa,Sorpresa,Sorpresa,Felicidad,Felicidad,Incertidumbre,Sorpresa,Asco,Neutral,Otra,Otra,13955
2022-02-01 12:10:14,2022-02-01 12:40:36,IP Address,181.209.144.23,100,1822,True,2022-02-01 12:40:37,R_ywJoKu66fXvfsOd,,,,,14.6342926025390625,-90.5155029296875,anonymous,ES,Yo Consiento,Masculino,38,Hispano o Latino,Título profesional,2113,Guatemala,Español,,"Califica lo que creo que la persona de la imagen está experimentando,Seleccionar ""otro"" si la palabra que tengo en mente no aparece entre las opciones de respuesta,Seleccionar ""incierto"" si no sé lo que la persona en la imagen está experimentando",Tristeza,Enfado,Enfado,Incertidumbre,Enfado,Enfado,Enfado,Enfado,Enfado,Asco,Enfado,Asco,Enfado,Asco,Asco,Asco,Miedo,Sorpresa,Miedo,Sorpresa,Miedo,Miedo,Sorpresa,Miedo,Felicidad,Felicidad,Felicidad,Felicidad,Felicidad,Felicidad,Felicidad,Felicidad,Incertidumbre,Felicidad,Neutral,Incertidumbre,Neutral,Neutral,Tristeza,Neutral,Tristeza,Tristeza,Tristeza,Tristeza,Tristeza,Tristeza,Incertidumbre,Tristeza,Felicidad,Sorpresa,Sorpresa,Felicidad,Sorpresa,Sorpresa,Sorpresa,Incertidumbre,Felicidad,Miedo,Otra,Otra,Enfado,Tristeza,Sorpresa,Incertidumbre,Tristeza,Enfado,Enfado,Neutral,Enfado,Enfado,Enfado,Enfado,Enfado,Incertidumbre,Incertidumbre,Enfado,Enfado,Asco,Enfado,Tristeza,Enfado,Tristeza,Miedo,Miedo,Incertidumbre,Miedo,Sorpresa,Miedo,Miedo,Felicidad,Felicidad,Felicidad,Felicidad,Felicidad,Felicidad,Felicidad,Felicidad,Enfado,Neutral,Neutral,Neutral,Enfado,Neutral,Neutral,Neutral,Tristeza,Enfado,Tristeza,Tristeza,Tristeza,Tristeza,Neutral,Tristeza,Sorpresa,Neutral,Incertidumbre,Miedo,Sorpresa,Incertidumbre,Miedo,Miedo,Enfado,Neutral,Felicidad,Incertidumbre,Sorpresa,Incertidumbre,Sorpresa,Otra,Enfado,Enfado,Enfado,Enfado,Enfado,Enfado,Enfado,Enfado,Enfado,Enfado,Enfado,Enfado,Incertidumbre,Asco,Enfado,Miedo,Asco,Miedo,Sorpresa,Sorpresa,Tristeza,Miedo,Sorpresa,Miedo,Miedo,Felicidad,Felicidad,Felicidad,Felicidad,Felicidad,Felicidad,Felicidad,Felicidad,Neutral,Felicidad,Tristeza,Neutral,Neutral,Neutral,Neutral,Neutral,Enfado,Incertidumbre,Tristeza,Incertidumbre,Tristeza,Enfado,Incertidumbre,Miedo,Sorpresa,Felicidad,Miedo,Sorpresa,Miedo,Miedo,Sorpresa,Incertidumbre,Felicidad,Felicidad,Incertidumbre,Incertidumbre,Enfado,Enfado,Enfado,Otra,74334
2022-01-30 22:18:16,2022-01-30 22:21:26,IP Address,98.194.40.207,4,189,False,2022-02-01 22:21:26,R_1jIoNV4SpKKGOGm,,,,,,,anonymous,ES,Yo Consiento,Femenino,47,Blanco o caucásico,Grado de educación superior de 4 años o más,78380,American,Inglés,,,,,,,,,,,,,,,,,,,,,,,,,,,,,,,,,,,,,,,,,,,,,,,,,,,,,,,,,,,,,,,,,,,,,,,,,,,,,,,,,,,,,,,,,,,,,,,,,,,,,,,,,,,,,,,,,,,,,,,,,,,,,,,,,,,,,,,,,,,,,,,,,,,,,,,,,,,,,,,,,,,,,,,,,,,,,,,,,,,,,,,,,,,,,,,,,,,,,20363
2022-02-02 06:40:43,2022-02-02 07:07:17,IP Address,190.70.132.80,100,1593,True,2022-02-02 07:07:17,R_2cwONjaHjUVl1pX,,,,,6.252899169921875,-75.56459808349609375,anonymous,ES,Yo Consiento,Femenino,40,Hispano o Latino,Título profesional,50070,colombia,Español,,"Califica lo que creo que la persona de la imagen está experimentando,Seleccionar ""otro"" si la palabra que tengo en mente no aparece entre las opciones de respuesta,Seleccionar ""incierto"" si no sé lo que la persona en la imagen está experimentando",Neutral,Asco,Enfado,Enfado,Enfado,Enfado,Enfado,Otra,Incertidumbre,Asco,Neutral,Asco,Asco,Asco,Asco,Asco,Asco,Sorpresa,Miedo,Sorpresa,Sorpresa,Miedo,Miedo,Otra,Neutral,Felicidad,Felicidad,Felicidad,Felicidad,Felicidad,Felicidad,Felicidad,Otra,Neutral,Neutral,Neutral,Neutral,Neutral,Neutral,Neutral,Tristeza,Tristeza,Tristeza,Tristeza,Tristeza,Tristeza,Neutral,Tristeza,Felicidad,Sorpresa,Sorpresa,Sorpresa,Sorpresa,Sorpresa,Sorpresa,Sorpresa,Asco,Neutral,Otra,Neutral,Enfado,Tristeza,Incertidumbre,Sorpresa,Tristeza,Enfado,Neutral,Enfado,Enfado,Enfado,Enfado,Enfado,Enfado,Incertidumbre,Neutral,Asco,Asco,Asco,Asco,Asco,Asco,Incertidumbre,Tristeza,Miedo,Incertidumbre,Sorpresa,Sorpresa,Incertidumbre,Tristeza,Felicidad,Felicidad,Felicidad,Felicidad,Felicidad,Felicidad,Felicidad,Felicidad,Neutral,Neutral,Neutral,Neutral,Neutral,Neutral,Neutral,Neutral,Tristeza,Tristeza,Tristeza,Tristeza,Tristeza,Tristeza,Neutral,Tristeza,Sorpresa,Neutral,Incertidumbre,Sorpresa,Sorpresa,Neutral,Sorpresa,Sorpresa,Otra,Otra,Otra,Neutral,Sorpresa,Incertidumbre,Neutral,Otra,Tristeza,Enfado,Enfado,Enfado,Enfado,Otra,Enfado,Neutral,Neutral,Asco,Felicidad,Asco,Neutral,Asco,Asco,Miedo,Asco,Asco,Sorpresa,Neutral,Tristeza,Incertidumbre,Sorpresa,Sorpresa,Sorpresa,Felicidad,Neutral,Felicidad,Felicidad,Felicidad,Felicidad,Felicidad,Felicidad,Neutral,Neutral,Neutral,Neutral,Neutral,Neutral,Neutral,Neutral,Neutral,Incertidumbre,Tristeza,Tristeza,Tristeza,Tristeza,Neutral,Tristeza,Sorpresa,Sorpresa,Sorpresa,Sorpresa,Sorpresa,Sorpresa,Sorpresa,Neutral,Felicidad,Felicidad,Incertidumbre,Incertidumbre,Sorpresa,Otra,Enfado,Neutral,27576
2022-02-02 07:09:04,2022-02-02 07:31:24,IP Address,190.70.132.80,100,1339,True,2022-02-02 07:31:24,R_Y5qr2dTplCPGrxD,,,,,6.252899169921875,-75.56459808349609375,anonymous,ES,Yo Consiento,Masculino,40,Hispano o Latino,Grado de educación superior de 4 años o más,41831,COLOMBIANO,"Inglés,Español",,"Califica lo que creo que la persona de la imagen está experimentando,Seleccionar ""otro"" si la palabra que tengo en mente no aparece entre las opciones de respuesta,Seleccionar ""incierto"" si no sé lo que la persona en la imagen está experimentando",Enfado,Enfado,Enfado,Incertidumbre,Enfado,Enfado,Enfado,Enfado,Asco,Asco,Neutral,Asco,Asco,Asco,Asco,Asco,Asco,Sorpresa,Miedo,Sorpresa,Sorpresa,Tristeza,Miedo,Sorpresa,Felicidad,Felicidad,Felicidad,Felicidad,Felicidad,Felicidad,Felicidad,Felicidad,Neutral,Neutral,Neutral,Neutral,Neutral,Neutral,Neutral,Neutral,Tristeza,Tristeza,Enfado,Tristeza,Tristeza,Tristeza,Enfado,Tristeza,Felicidad,Sorpresa,Sorpresa,Sorpresa,Sorpresa,Sorpresa,Sorpresa,Sorpresa,Asco,Tristeza,Otra,Neutral,Incertidumbre,Tristeza,Sorpresa,Neutral,Tristeza,Neutral,Enfado,Neutral,Enfado,Enfado,Enfado,Enfado,Enfado,Miedo,Neutral,Enfado,Asco,Tristeza,Asco,Asco,Asco,Miedo,Tristeza,Miedo,Miedo,Enfado,Sorpresa,Miedo,Tristeza,Felicidad,Felicidad,Felicidad,Felicidad,Felicidad,Felicidad,Felicidad,Felicidad,Neutral,Neutral,Neutral,Neutral,Neutral,Neutral,Neutral,Neutral,Tristeza,Enfado,Tristeza,Tristeza,Neutral,Tristeza,Tristeza,Tristeza,Sorpresa,Neutral,Neutral,Sorpresa,Sorpresa,Neutral,Sorpresa,Sorpresa,Neutral,Tristeza,Felicidad,Neutral,Sorpresa,Sorpresa,Otra,Felicidad,Tristeza,Neutral,Enfado,Enfado,Neutral,Enfado,Enfado,Neutral,Neutral,Asco,Felicidad,Asco,Neutral,Asco,Asco,Asco,Asco,Asco,Sorpresa,Neutral,Tristeza,Miedo,Sorpresa,Miedo,Sorpresa,Felicidad,Neutral,Felicidad,Felicidad,Felicidad,Felicidad,Felicidad,Felicidad,Neutral,Felicidad,Neutral,Neutral,Neutral,Neutral,Neutral,Neutral,Neutral,Miedo,Tristeza,Neutral,Tristeza,Tristeza,Neutral,Tristeza,Sorpresa,Sorpresa,Sorpresa,Sorpresa,Sorpresa,Sorpresa,Sorpresa,Sorpresa,Neutral,Felicidad,Otra,Otra,Asco,Neutral,Otra,Otra,42662
2022-01-31 08:18:46,2022-01-31 08:21:28,IP Address,189.248.177.69,4,162,False,2022-02-02 08:21:29,R_3JmJ1bEj1dZzLOf,,,,,,,anonymous,ES,Yo Consiento,Masculino,40,Hispano o Latino,Educación superior incompleta,15211,Mexico,"Inglés,Español",,,,,,,,,,,,,,,,,,,,,,,,,,,,,,,,,,,,,,,,,,,,,,,,,,,,,,,,,,,,,,,,,,,,,,,,,,,,,,,,,,,,,,,,,,,,,,,,,,,,,,,,,,,,,,,,,,,,,,,,,,,,,,,,,,,,,,,,,,,,,,,,,,,,,,,,,,,,,,,,,,,,,,,,,,,,,,,,,,,,,,,,,,,,,,,,,,,,,33163
2022-02-02 09:52:44,2022-02-02 10:16:31,IP Address,179.32.0.106,100,1426,True,2022-02-02 10:16:32,R_3e1UIfgWmfqnVYd,,,,,4.635101318359375,-74.0702972412109375,anonymous,ES,Yo Consiento,Masculino,50,Hispano o Latino,Grado de educación superior de 4 años o más,2324,Colombia,Español,,"Califica lo que creo que la persona de la imagen está experimentando,Seleccionar ""otro"" si la palabra que tengo en mente no aparece entre las opciones de respuesta,Seleccionar ""incierto"" si no sé lo que la persona en la imagen está experimentando",Enfado,Enfado,Enfado,Tristeza,Enfado,Enfado,Incertidumbre,Enfado,Enfado,Enfado,Enfado,Enfado,Enfado,Enfado,Enfado,Asco,Miedo,Sorpresa,Miedo,Sorpresa,Sorpresa,Tristeza,Miedo,Sorpresa,Neutral,Felicidad,Felicidad,Felicidad,Felicidad,Felicidad,Felicidad,Felicidad,Neutral,Felicidad,Incertidumbre,Neutral,Incertidumbre,Neutral,Incertidumbre,Neutral,Tristeza,Tristeza,Incertidumbre,Tristeza,Tristeza,Tristeza,Incertidumbre,Tristeza,Felicidad,Sorpresa,Sorpresa,Felicidad,Sorpresa,Sorpresa,Sorpresa,Sorpresa,Asco,Neutral,Otra,Otra,Enfado,Enfado,Sorpresa,Sorpresa,Tristeza,Enfado,Enfado,Incertidumbre,Enfado,Enfado,Enfado,Enfado,Enfado,Asco,Incertidumbre,Asco,Enfado,Tristeza,Enfado,Asco,Enfado,Miedo,Tristeza,Sorpresa,Sorpresa,Enfado,Sorpresa,Tristeza,Tristeza,Felicidad,Felicidad,Felicidad,Felicidad,Felicidad,Felicidad,Felicidad,Felicidad,Incertidumbre,Neutral,Incertidumbre,Neutral,Neutral,Neutral,Neutral,Incertidumbre,Incertidumbre,Tristeza,Tristeza,Tristeza,Tristeza,Tristeza,Incertidumbre,Tristeza,Sorpresa,Neutral,Incertidumbre,Sorpresa,Sorpresa,Neutral,Sorpresa,Sorpresa,Incertidumbre,Incertidumbre,Felicidad,Incertidumbre,Sorpresa,Neutral,Otra,Felicidad,Tristeza,Otra,Enfado,Enfado,Incertidumbre,Enfado,Enfado,Neutral,Enfado,Enfado,Enfado,Enfado,Neutral,Asco,Enfado,Miedo,Asco,Asco,Sorpresa,Incertidumbre,Tristeza,Sorpresa,Sorpresa,Miedo,Sorpresa,Felicidad,Felicidad,Felicidad,Felicidad,Felicidad,Felicidad,Felicidad,Felicidad,Neutral,Felicidad,Neutral,Neutral,Neutral,Neutral,Neutral,Neutral,Incertidumbre,Tristeza,Tristeza,Tristeza,Tristeza,Tristeza,Neutral,Tristeza,Sorpresa,Felicidad,Miedo,Sorpresa,Sorpresa,Felicidad,Sorpresa,Incertidumbre,Felicidad,Enfado,Incertidumbre,Otra,Sorpresa,Enfado,Otra,Otra,43586
2022-01-31 10:44:46,2022-01-31 11:03:00,IP Address,201.179.65.42,81,1093,False,2022-02-02 11:03:05,R_2duzz52lCulpc9t,,,,,,,anonymous,ES,Yo Consiento,Masculino,34,Blanco o caucásico,Título profesional,30000,Argentina,"Inglés,Español",,"Califica lo que creo que la persona de la imagen está experimentando,Seleccionar ""otro"" si la palabra que tengo en mente no aparece entre las opciones de respuesta,Seleccionar ""incierto"" si no sé lo que la persona en la imagen está experimentando",Neutral,Enfado,Enfado,Tristeza,Enfado,Enfado,Neutral,Enfado,Otra,Asco,Asco,Enfado,Asco,Asco,Asco,Enfado,Miedo,Sorpresa,Miedo,Miedo,Miedo,Tristeza,Incertidumbre,Sorpresa,Neutral,Felicidad,Felicidad,Felicidad,Felicidad,Felicidad,Felicidad,Felicidad,Neutral,Neutral,Neutral,Neutral,Neutral,Neutral,Neutral,Neutral,Tristeza,Tristeza,Tristeza,Tristeza,Tristeza,Tristeza,Enfado,Tristeza,Incertidumbre,Sorpresa,Sorpresa,Felicidad,Sorpresa,Sorpresa,Sorpresa,Sorpresa,Otra,Neutral,Incertidumbre,Neutral,Incertidumbre,Enfado,Sorpresa,Incertidumbre,Tristeza,Enfado,Enfado,Tristeza,Enfado,Enfado,Enfado,Enfado,Enfado,Asco,Otra,Asco,Asco,Asco,Enfado,Asco,Asco,Miedo,Tristeza,Miedo,Miedo,Miedo,Sorpresa,Tristeza,Miedo,Felicidad,Felicidad,Felicidad,Felicidad,Neutral,Felicidad,Felicidad,Felicidad,Neutral,Neutral,Neutral,Neutral,Neutral,Neutral,Neutral,Neutral,Tristeza,Miedo,Tristeza,Tristeza,Tristeza,Tristeza,Neutral,Tristeza,Sorpresa,Neutral,Tristeza,Miedo,Sorpresa,Sorpresa,Sorpresa,Enfado,Asco,Incertidumbre,Felicidad,Neutral,Sorpresa,Otra,Otra,Felicidad,Tristeza,,,Enfado,,,,Neutral,,Incertidumbre,Enfado,Enfado,,,Asco,,,,,,Tristeza,,,,Sorpresa,,,,Felicidad,,Felicidad,Felicidad,,Neutral,,,,Neutral,,Neutral,Neutral,Asco,,Tristeza,,Tristeza,Enfado,Otra,,,Sorpresa,,,Sorpresa,,Sorpresa,Neutral,Felicidad,,,,,,,Incertidumbre,97764
2022-01-31 12:37:20,2022-01-31 12:59:28,IP Address,179.6.203.203,93,1327,False,2022-02-02 12:59:28,R_RKaJKjiI5ggmJd7,,,,,,,anonymous,ES,Yo Consiento,Femenino,48,Hispano o Latino,Magister o Master,15000,Perú,"Inglés,Español",,"Califica lo que creo que la persona de la imagen está experimentando,Seleccionar ""otro"" si la palabra que tengo en mente no aparece entre las opciones de respuesta,Seleccionar ""incierto"" si no sé lo que la persona en la imagen está experimentando",Enfado,Enfado,Enfado,Tristeza,Enfado,Enfado,Neutral,Enfado,Asco,Asco,Enfado,Enfado,Asco,Enfado,Asco,Felicidad,Miedo,Miedo,Miedo,Miedo,Miedo,Tristeza,Miedo,Enfado,Neutral,Felicidad,Felicidad,Felicidad,Felicidad,Felicidad,Felicidad,Felicidad,Neutral,Neutral,Neutral,Tristeza,Neutral,Neutral,Neutral,Neutral,Tristeza,Tristeza,Tristeza,Tristeza,Tristeza,Tristeza,Tristeza,Tristeza,Felicidad,Miedo,Sorpresa,Sorpresa,Asco,Sorpresa,Sorpresa,Sorpresa,Asco,Tristeza,Otra,Neutral,Enfado,Tristeza,Incertidumbre,Incertidumbre,Tristeza,Enfado,Tristeza,Neutral,Enfado,Enfado,Enfado,Enfado,Enfado,Asco,Asco,Asco,Asco,Asco,Enfado,Asco,Asco,Tristeza,Tristeza,Miedo,Miedo,Miedo,Sorpresa,Miedo,Miedo,Felicidad,Felicidad,Felicidad,Felicidad,Felicidad,Felicidad,Felicidad,Felicidad,Neutral,Neutral,Neutral,Neutral,Neutral,Tristeza,Neutral,Neutral,Tristeza,Tristeza,Tristeza,Tristeza,Neutral,Tristeza,Tristeza,Tristeza,Sorpresa,Incertidumbre,Miedo,Sorpresa,Sorpresa,Sorpresa,Miedo,Sorpresa,Asco,Incertidumbre,Felicidad,Tristeza,Sorpresa,Neutral,Incertidumbre,Felicidad,Tristeza,Enfado,Enfado,,Tristeza,Enfado,Enfado,Neutral,Enfado,Asco,Asco,Asco,Asco,Asco,Enfado,Miedo,,,Miedo,Tristeza,Tristeza,Miedo,Sorpresa,Miedo,Miedo,,,Felicidad,,Felicidad,Felicidad,,Felicidad,Neutral,Neutral,Neutral,Neutral,Neutral,Neutral,Neutral,Neutral,Asco,Tristeza,Tristeza,Tristeza,Tristeza,Neutral,Incertidumbre,Tristeza,Sorpresa,Felicidad,,,,,Sorpresa,Miedo,Felicidad,Felicidad,Asco,Otra,Otra,,Otra,,65026
2022-01-31 17:09:50,2022-01-31 17:28:39,IP Address,189.168.2.37,4,1128,False,2022-02-02 17:28:42,R_3DbXnjyXKCnfJto,,,,,,,anonymous,ES,Yo Consiento,Femenino,34,Asiatico,Magister o Master,37606,China,"Inglés,Español,Chino",,,,,,,,,,,,,,,,,,,,,,,,,,,,,,,,,,,,,,,,,,,,,,,,,,,,,,,,,,,,,,,,,,,,,,,,,,,,,,,,,,,,,,,,,,,,,,,,,,,,,,,,,,,,,,,,,,,,,,,,,,,,,,,,,,,,,,,,,,,,,,,,,,,,,,,,,,,,,,,,,,,,,,,,,,,,,,,,,,,,,,,,,,,,,,,,,,,,,92807
2022-02-01 07:49:41,2022-02-01 07:50:00,IP Address,190.242.24.47,4,18,False,2022-02-03 07:50:02,R_p4XqDG23fHOs3y9,,,,,,,anonymous,ES,Yo Consiento,Masculino,31,Hispano o Latino,Magister o Master,34437,Argentina,"Inglés,Español",,,,,,,,,,,,,,,,,,,,,,,,,,,,,,,,,,,,,,,,,,,,,,,,,,,,,,,,,,,,,,,,,,,,,,,,,,,,,,,,,,,,,,,,,,,,,,,,,,,,,,,,,,,,,,,,,,,,,,,,,,,,,,,,,,,,,,,,,,,,,,,,,,,,,,,,,,,,,,,,,,,,,,,,,,,,,,,,,,,,,,,,,,,,,,,,,,,,,83462
2022-02-10 06:23:43,2022-02-10 08:56:19,IP Address,148.255.18.142,100,9156,True,2022-02-10 08:56:20,R_10IRaDpbtelaAxx,,,,,18.4615020751953125,-69.8964996337890625,anonymous,ES,Yo Consiento,Femenino,40,Hispano o Latino,Título profesional,39296,Republica Dominicana,"Inglés,Español",,"Califica lo que creo que la persona de la imagen está experimentando,Seleccionar ""otro"" si la palabra que tengo en mente no aparece entre las opciones de respuesta,Seleccionar ""incierto"" si no sé lo que la persona en la imagen está experimentando",Enfado,Enfado,Otra,Tristeza,Enfado,Tristeza,Neutral,Enfado,Incertidumbre,Enfado,Enfado,Enfado,Asco,Enfado,Enfado,Enfado,Miedo,Sorpresa,Miedo,Felicidad,Miedo,Felicidad,Sorpresa,Sorpresa,Neutral,Felicidad,Felicidad,Felicidad,Felicidad,Felicidad,Felicidad,Felicidad,Neutral,Neutral,Neutral,Neutral,Neutral,Neutral,Neutral,Neutral,Tristeza,Tristeza,Tristeza,Tristeza,Tristeza,Tristeza,Neutral,Tristeza,Sorpresa,Sorpresa,Sorpresa,Sorpresa,Sorpresa,Sorpresa,Sorpresa,Neutral,Otra,Neutral,Otra,Neutral,Enfado,Enfado,Incertidumbre,Incertidumbre,Tristeza,Enfado,Neutral,Neutral,Enfado,Enfado,Enfado,Enfado,Enfado,Asco,Otra,Otra,Enfado,Otra,Enfado,Asco,Enfado,Miedo,Tristeza,Incertidumbre,Otra,Sorpresa,Sorpresa,Neutral,Tristeza,Felicidad,Felicidad,Felicidad,Felicidad,Neutral,Felicidad,Felicidad,Felicidad,Neutral,Neutral,Neutral,Neutral,Neutral,Neutral,Neutral,Neutral,Tristeza,Tristeza,Tristeza,Tristeza,Tristeza,Tristeza,Neutral,Tristeza,Sorpresa,Neutral,Otra,Sorpresa,Sorpresa,Neutral,Sorpresa,Sorpresa,Incertidumbre,Otra,Otra,Neutral,Sorpresa,Sorpresa,Incertidumbre,Otra,Tristeza,Otra,Enfado,Enfado,Neutral,Otra,Enfado,Neutral,Enfado,Enfado,Enfado,Incertidumbre,Incertidumbre,Otra,Enfado,Miedo,Asco,Miedo,Sorpresa,Tristeza,Tristeza,Sorpresa,Sorpresa,Sorpresa,Sorpresa,Felicidad,Neutral,Neutral,Felicidad,Felicidad,Felicidad,Felicidad,Felicidad,Neutral,Neutral,Neutral,Neutral,Neutral,Neutral,Neutral,Neutral,Asco,Otra,Tristeza,Neutral,Tristeza,Enfado,Neutral,Tristeza,Sorpresa,Sorpresa,Sorpresa,Sorpresa,Sorpresa,Sorpresa,Sorpresa,Neutral,Otra,Felicidad,Otra,Otra,Sorpresa,Otra,Incertidumbre,Otra,77319
2022-02-12 19:52:14,2022-02-12 20:10:32,IP Address,187.168.24.31,100,1097,True,2022-02-12 20:10:32,R_1oAO8pdOrE4r9VF,,,,,19.378997802734375,-99.04669952392578125,anonymous,ES,Yo Consiento,Femenino,40,Blanco o caucásico,Título profesional,45634,Mexico,"Inglés,Español",,"Califica lo que creo que la persona de la imagen está experimentando,Seleccionar ""otro"" si la palabra que tengo en mente no aparece entre las opciones de respuesta,Seleccionar ""incierto"" si no sé lo que la persona en la imagen está experimentando",Neutral,Enfado,Enfado,Enfado,Enfado,Enfado,Neutral,Enfado,Incertidumbre,Asco,Asco,Asco,Asco,Asco,Incertidumbre,Enfado,Enfado,Sorpresa,Enfado,Sorpresa,Miedo,Tristeza,Sorpresa,Sorpresa,Otra,Felicidad,Neutral,Felicidad,Sorpresa,Felicidad,Sorpresa,Felicidad,Neutral,Neutral,Neutral,Neutral,Neutral,Neutral,Otra,Neutral,Tristeza,Tristeza,Otra,Tristeza,Tristeza,Tristeza,Incertidumbre,Tristeza,Otra,Sorpresa,Sorpresa,Felicidad,Otra,Sorpresa,Sorpresa,Sorpresa,Asco,Tristeza,Otra,Otra,Otra,Otra,Sorpresa,Otra,Tristeza,Enfado,Enfado,Otra,Enfado,Enfado,Tristeza,Enfado,Enfado,Otra,Incertidumbre,Otra,Enfado,Tristeza,Asco,Tristeza,Enfado,Miedo,Tristeza,Incertidumbre,Tristeza,Sorpresa,Sorpresa,Incertidumbre,Tristeza,Sorpresa,Felicidad,Felicidad,Felicidad,Felicidad,Felicidad,Felicidad,Felicidad,Enfado,Neutral,Otra,Neutral,Neutral,Neutral,Neutral,Neutral,Tristeza,Tristeza,Tristeza,Tristeza,Tristeza,Tristeza,Neutral,Tristeza,Sorpresa,Incertidumbre,Incertidumbre,Sorpresa,Sorpresa,Otra,Sorpresa,Sorpresa,Otra,Otra,Otra,Neutral,Otra,Incertidumbre,Otra,Otra,Tristeza,Enfado,Enfado,Sorpresa,Otra,Enfado,Enfado,Neutral,Enfado,Enfado,Asco,Sorpresa,Enfado,Asco,Asco,Miedo,Asco,Sorpresa,Sorpresa,Otra,Tristeza,Incertidumbre,Sorpresa,Sorpresa,Sorpresa,Felicidad,Felicidad,Otra,Felicidad,Otra,Felicidad,Felicidad,Felicidad,Neutral,Neutral,Otra,Neutral,Otra,Neutral,Neutral,Neutral,Otra,Tristeza,Tristeza,Tristeza,Tristeza,Neutral,Otra,Tristeza,Sorpresa,Sorpresa,Incertidumbre,Tristeza,Sorpresa,Felicidad,Sorpresa,Sorpresa,Otra,Felicidad,Incertidumbre,Otra,Incertidumbre,Neutral,Otra,Otra,26217
2022-02-12 19:49:01,2022-02-12 20:13:32,IP Address,187.168.24.31,4,1470,False,2022-02-14 20:13:34,R_A0rjWTX8qzi3cBz,,,,,,,anonymous,ES,Yo Consiento,Femenino,40,Blanco o caucásico,Título profesional,60000,Mexico,"Inglés,Español",,,,,,,,,,,,,,,,,,,,,,,,,,,,,,,,,,,,,,,,,,,,,,,,,,,,,,,,,,,,,,,,,,,,,,,,,,,,,,,,,,,,,,,,,,,,,,,,,,,,,,,,,,,,,,,,,,,,,,,,,,,,,,,,,,,,,,,,,,,,,,,,,,,,,,,,,,,,,,,,,,,,,,,,,,,,,,,,,,,,,,,,,,,,,,,,,,,,,71868
2022-02-14 21:30:09,2022-02-14 21:49:31,IP Address,181.164.98.219,100,1161,True,2022-02-14 21:49:32,R_SSFyc6YvPbunUv7,,,,,-34.602203369140625,-58.38449859619140625,anonymous,ES,Yo Consiento,Femenino,26,Blanco o caucásico,Grado de educación superior de 2 años,18592,Argentina,"Inglés,Español",,"Califica lo que creo que la persona de la imagen está experimentando,Seleccionar ""otro"" si la palabra que tengo en mente no aparece entre las opciones de respuesta,Seleccionar ""incierto"" si no sé lo que la persona en la imagen está experimentando",Neutral,Enfado,Enfado,Enfado,Enfado,Tristeza,Otra,Neutral,Sorpresa,Asco,Enfado,Asco,Asco,Felicidad,Enfado,Asco,Miedo,Sorpresa,Asco,Miedo,Miedo,Miedo,Miedo,Incertidumbre,Neutral,Felicidad,Felicidad,Felicidad,Felicidad,Felicidad,Felicidad,Felicidad,Neutral,Neutral,Neutral,Neutral,Neutral,Neutral,Neutral,Neutral,Tristeza,Tristeza,Tristeza,Tristeza,Tristeza,Tristeza,Neutral,Tristeza,Felicidad,Sorpresa,Sorpresa,Sorpresa,Sorpresa,Sorpresa,Sorpresa,Sorpresa,Felicidad,Tristeza,Incertidumbre,Neutral,Enfado,Neutral,Sorpresa,Otra,Tristeza,Enfado,Enfado,Enfado,Enfado,Incertidumbre,Enfado,Enfado,Incertidumbre,Tristeza,Sorpresa,Asco,Asco,Asco,Asco,Asco,Enfado,Miedo,Tristeza,Tristeza,Sorpresa,Sorpresa,Sorpresa,Asco,Tristeza,Felicidad,Felicidad,Felicidad,Felicidad,Neutral,Tristeza,Felicidad,Felicidad,Neutral,Neutral,Neutral,Tristeza,Neutral,Neutral,Neutral,Neutral,Tristeza,Tristeza,Tristeza,Enfado,Enfado,Tristeza,Tristeza,Tristeza,Felicidad,Sorpresa,Sorpresa,Sorpresa,Sorpresa,Neutral,Miedo,Sorpresa,Neutral,Neutral,Incertidumbre,Neutral,Sorpresa,Otra,Neutral,Felicidad,Tristeza,Enfado,Enfado,Enfado,Enfado,Neutral,Enfado,Enfado,Enfado,Asco,Felicidad,Otra,Asco,Asco,Asco,Miedo,Asco,Miedo,Sorpresa,Tristeza,Tristeza,Miedo,Sorpresa,Miedo,Miedo,Felicidad,Felicidad,Felicidad,Felicidad,Felicidad,Felicidad,Felicidad,Felicidad,Neutral,Neutral,Tristeza,Neutral,Neutral,Neutral,Tristeza,Miedo,Tristeza,Tristeza,Tristeza,Tristeza,Tristeza,Enfado,Neutral,Tristeza,Sorpresa,Felicidad,Miedo,Sorpresa,Sorpresa,Sorpresa,Sorpresa,Sorpresa,Felicidad,Felicidad,Asco,Neutral,Sorpresa,Enfado,Incertidumbre,Otra,83344
2022-02-15 09:41:28,2022-02-15 10:05:22,IP Address,200.105.49.151,100,1433,True,2022-02-15 10:05:22,R_2aKPG27NICKPXmB,,,,,-34.602203369140625,-58.38449859619140625,anonymous,ES,Yo Consiento,Femenino,39,Hispano o Latino,Educación secundaria completa,120000,Argentina,"Inglés,Español",,"Califica lo que creo que la persona de la imagen está experimentando,Seleccionar ""otro"" si la palabra que tengo en mente no aparece entre las opciones de respuesta,Seleccionar ""incierto"" si no sé lo que la persona en la imagen está experimentando",Neutral,Enfado,Enfado,Enfado,Incertidumbre,Enfado,Incertidumbre,Otra,Incertidumbre,Asco,Asco,Asco,Asco,Otra,Incertidumbre,Asco,Tristeza,Sorpresa,Tristeza,Otra,Otra,Incertidumbre,Miedo,Incertidumbre,Felicidad,Felicidad,Felicidad,Felicidad,Felicidad,Felicidad,Felicidad,Felicidad,Neutral,Felicidad,Neutral,Neutral,Neutral,Neutral,Neutral,Neutral,Tristeza,Tristeza,Tristeza,Tristeza,Tristeza,Tristeza,Otra,Tristeza,Felicidad,Sorpresa,Sorpresa,Felicidad,Sorpresa,Sorpresa,Sorpresa,Sorpresa,Asco,Otra,Otra,Felicidad,Otra,Incertidumbre,Incertidumbre,Incertidumbre,Tristeza,Neutral,Enfado,Neutral,Enfado,Enfado,Enfado,Enfado,Enfado,Asco,Incertidumbre,Incertidumbre,Asco,Otra,Incertidumbre,Asco,Asco,Tristeza,Tristeza,Miedo,Neutral,Enfado,Sorpresa,Tristeza,Neutral,Felicidad,Felicidad,Felicidad,Felicidad,Felicidad,Felicidad,Felicidad,Felicidad,Neutral,Neutral,Neutral,Sorpresa,Neutral,Neutral,Neutral,Neutral,Tristeza,Tristeza,Tristeza,Tristeza,Tristeza,Tristeza,Neutral,Tristeza,Sorpresa,Neutral,Sorpresa,Enfado,Sorpresa,Sorpresa,Miedo,Enfado,Incertidumbre,Incertidumbre,Felicidad,Neutral,Sorpresa,Incertidumbre,Otra,Otra,Tristeza,Enfado,Incertidumbre,Enfado,Enfado,Enfado,Enfado,Neutral,Enfado,Asco,Incertidumbre,Incertidumbre,Incertidumbre,Asco,Incertidumbre,Miedo,Asco,Otra,Miedo,Tristeza,Tristeza,Miedo,Neutral,Miedo,Miedo,Felicidad,Felicidad,Felicidad,Felicidad,Felicidad,Felicidad,Felicidad,Felicidad,Neutral,Felicidad,Neutral,Neutral,Neutral,Neutral,Neutral,Neutral,Tristeza,Tristeza,Tristeza,Tristeza,Tristeza,Enfado,Neutral,Tristeza,Sorpresa,Felicidad,Sorpresa,Sorpresa,Sorpresa,Miedo,Sorpresa,Sorpresa,Otra,Felicidad,Incertidumbre,Neutral,Incertidumbre,Enfado,Otra,Incertidumbre,75423
2022-02-15 10:21:45,2022-02-15 11:03:22,IP Address,34.99.119.97,100,2496,True,2022-02-15 11:03:23,R_XA5GEqo9GTuhpeN,,,,,20.69189453125,-103.4571990966796875,anonymous,ES,Yo Consiento,Masculino,40,Blanco o caucásico,Título profesional,28310,México,"Inglés,Español",,"Califica lo que creo que la persona de la imagen está experimentando,Seleccionar ""otro"" si la palabra que tengo en mente no aparece entre las opciones de respuesta,Seleccionar ""incierto"" si no sé lo que la persona en la imagen está experimentando",Enfado,Enfado,Enfado,Tristeza,Enfado,Tristeza,Neutral,Otra,Incertidumbre,Asco,Enfado,Sorpresa,Asco,Felicidad,Incertidumbre,Enfado,Miedo,Sorpresa,Miedo,Sorpresa,Miedo,Miedo,Miedo,Sorpresa,Felicidad,Felicidad,Felicidad,Felicidad,Incertidumbre,Felicidad,Felicidad,Felicidad,Tristeza,Felicidad,Neutral,Neutral,Enfado,Neutral,Enfado,Neutral,Tristeza,Tristeza,Tristeza,Tristeza,Tristeza,Tristeza,Tristeza,Tristeza,Sorpresa,Sorpresa,Sorpresa,Sorpresa,Sorpresa,Sorpresa,Incertidumbre,Sorpresa,Otra,Enfado,Neutral,Felicidad,Otra,Tristeza,Incertidumbre,Incertidumbre,Tristeza,Enfado,Sorpresa,Enfado,Enfado,Enfado,Tristeza,Enfado,Enfado,Asco,Incertidumbre,Enfado,Enfado,Asco,Incertidumbre,Asco,Asco,Miedo,Miedo,Miedo,Enfado,Sorpresa,Sorpresa,Miedo,Tristeza,Felicidad,Felicidad,Felicidad,Felicidad,Felicidad,Felicidad,Felicidad,Felicidad,Neutral,Neutral,Neutral,Neutral,Neutral,Neutral,Neutral,Neutral,Tristeza,Miedo,Tristeza,Tristeza,Tristeza,Tristeza,Tristeza,Tristeza,Sorpresa,Neutral,Sorpresa,Sorpresa,Sorpresa,Otra,Sorpresa,Sorpresa,Incertidumbre,Incertidumbre,Felicidad,Neutral,Sorpresa,Sorpresa,Sorpresa,Felicidad,Tristeza,Enfado,Enfado,Enfado,Enfado,Enfado,Enfado,Neutral,Enfado,Enfado,Enfado,Incertidumbre,Incertidumbre,Asco,Asco,Miedo,Asco,Miedo,Sorpresa,Tristeza,Tristeza,Miedo,Sorpresa,Sorpresa,Sorpresa,Felicidad,Felicidad,Felicidad,Felicidad,Felicidad,Felicidad,Felicidad,Felicidad,Neutral,Felicidad,Neutral,Neutral,Neutral,Neutral,Neutral,Neutral,Asco,Tristeza,Tristeza,Tristeza,Tristeza,Neutral,Tristeza,Tristeza,Sorpresa,Sorpresa,Miedo,Sorpresa,Sorpresa,Sorpresa,Sorpresa,Incertidumbre,Felicidad,Felicidad,Incertidumbre,Incertidumbre,Incertidumbre,Enfado,Enfado,Otra,30691
2022-02-16 23:35:07,2022-02-17 00:31:17,IP Address,187.189.247.55,100,3369,True,2022-02-17 00:31:17,R_3j1dQTkkkcS5aa4,,,,,20.6381072998046875,-103.34799957275390625,anonymous,ES,Yo Consiento,Masculino,36,Hispano o Latino,Grado de educación superior de 4 años o más,19437,Mexico,"Inglés,Español",,"Califica lo que creo que la persona de la imagen está experimentando,Seleccionar ""otro"" si la palabra que tengo en mente no aparece entre las opciones de respuesta,Seleccionar ""incierto"" si no sé lo que la persona en la imagen está experimentando",Enfado,Enfado,Enfado,Tristeza,Enfado,Enfado,Enfado,Enfado,Incertidumbre,Asco,Asco,Asco,Asco,Felicidad,Asco,Enfado,Miedo,Sorpresa,Incertidumbre,Sorpresa,Sorpresa,Miedo,Sorpresa,Incertidumbre,Felicidad,Felicidad,Felicidad,Felicidad,Felicidad,Felicidad,Sorpresa,Felicidad,Neutral,Neutral,Neutral,Neutral,Neutral,Neutral,Neutral,Neutral,Tristeza,Tristeza,Tristeza,Tristeza,Tristeza,Tristeza,Incertidumbre,Enfado,Felicidad,Sorpresa,Sorpresa,Sorpresa,Sorpresa,Sorpresa,Sorpresa,Neutral,Incertidumbre,Asco,Incertidumbre,Felicidad,Enfado,Enfado,Incertidumbre,Sorpresa,Enfado,Enfado,Enfado,Enfado,Enfado,Enfado,Enfado,Enfado,Enfado,Asco,Enfado,Asco,Enfado,Asco,Enfado,Asco,Enfado,Miedo,Asco,Miedo,Asco,Sorpresa,Sorpresa,Incertidumbre,Tristeza,Felicidad,Felicidad,Felicidad,Felicidad,Felicidad,Felicidad,Felicidad,Felicidad,Enfado,Neutral,Tristeza,Neutral,Neutral,Sorpresa,Neutral,Neutral,Tristeza,Enfado,Tristeza,Enfado,Tristeza,Tristeza,Tristeza,Enfado,Sorpresa,Sorpresa,Incertidumbre,Sorpresa,Sorpresa,Neutral,Sorpresa,Enfado,Incertidumbre,Enfado,Otra,Enfado,Sorpresa,Felicidad,Neutral,Felicidad,Enfado,Enfado,Enfado,Enfado,Enfado,Enfado,Enfado,Neutral,Enfado,Enfado,Asco,Enfado,Asco,Asco,Enfado,Miedo,Asco,Enfado,Sorpresa,Enfado,Tristeza,Sorpresa,Sorpresa,Sorpresa,Miedo,Felicidad,Felicidad,Felicidad,Felicidad,Felicidad,Felicidad,Felicidad,Felicidad,Neutral,Enfado,Enfado,Neutral,Neutral,Neutral,Neutral,Sorpresa,Enfado,Tristeza,Tristeza,Tristeza,Tristeza,Enfado,Neutral,Tristeza,Sorpresa,Felicidad,Incertidumbre,Sorpresa,Sorpresa,Sorpresa,Sorpresa,Incertidumbre,Otra,Felicidad,Enfado,Otra,Sorpresa,Enfado,Enfado,Felicidad,87608
2022-02-15 14:51:21,2022-02-15 15:03:44,IP Address,190.152.237.239,61,742,False,2022-02-17 15:06:24,R_YXpudN6Fwk6Y3ol,,,,,,,anonymous,ES,Yo Consiento,Femenino,41,Hispano o Latino,Título profesional,23873,Ecuador,"Inglés,Español",,"Califica lo que creo que la persona de la imagen está experimentando,Seleccionar ""otro"" si la palabra que tengo en mente no aparece entre las opciones de respuesta,Seleccionar ""incierto"" si no sé lo que la persona en la imagen está experimentando",Enfado,Enfado,Enfado,Tristeza,Enfado,Enfado,Neutral,Enfado,Asco,Otra,Asco,Sorpresa,Asco,Felicidad,Asco,Asco,Miedo,Sorpresa,Miedo,Sorpresa,Sorpresa,Miedo,Sorpresa,Felicidad,Felicidad,Felicidad,Felicidad,Felicidad,Felicidad,Felicidad,Felicidad,Felicidad,Neutral,Felicidad,Neutral,Neutral,Neutral,Neutral,Neutral,Neutral,Miedo,Tristeza,Miedo,Tristeza,Tristeza,Tristeza,Tristeza,Tristeza,Felicidad,Sorpresa,Sorpresa,Felicidad,Otra,Sorpresa,Sorpresa,Sorpresa,Otra,Tristeza,Otra,Felicidad,Incertidumbre,Tristeza,Sorpresa,Otra,Enfado,Enfado,,Neutral,Enfado,Enfado,Enfado,Enfado,Enfado,Sorpresa,Sorpresa,Asco,Asco,,Asco,Tristeza,,Miedo,,,Sorpresa,Sorpresa,Sorpresa,Sorpresa,Miedo,,Felicidad,Felicidad,Felicidad,Felicidad,,Felicidad,Felicidad,Enfado,,,Otra,Otra,Sorpresa,Felicidad,Neutral,Miedo,Tristeza,,Enfado,Tristeza,Tristeza,Neutral,Tristeza,Felicidad,Neutral,Sorpresa,Felicidad,Sorpresa,,Miedo,Sorpresa,Otra,Otra,Felicidad,Sorpresa,,Otra,,Felicidad,,,,,,,,,,,,,,,,,,,,,,,,,,,,,,,,,,,,,,,,,,,,,,,,,,,,,,,,,,,,,,,,,,62962
2022-02-18 08:58:16,2022-02-18 09:23:17,IP Address,181.175.137.242,100,1500,True,2022-02-18 09:23:18,R_3khaY7eCiQaGYpa,,,,,-0.21429443359375,-78.50170135498046875,anonymous,ES,Yo Consiento,Masculino,25,Hispano o Latino,Grado de educación superior de 4 años o más,30423,ecuador,"Inglés,Español",,"Califica lo que creo que la persona de la imagen está experimentando,Seleccionar ""otro"" si la palabra que tengo en mente no aparece entre las opciones de respuesta,Seleccionar ""incierto"" si no sé lo que la persona en la imagen está experimentando",Asco,Enfado,Enfado,Enfado,Enfado,Enfado,Enfado,Felicidad,Asco,Asco,Asco,Asco,Asco,Asco,Asco,Asco,Asco,Sorpresa,Asco,Sorpresa,Sorpresa,Miedo,Tristeza,Felicidad,Felicidad,Felicidad,Felicidad,Felicidad,Otra,Felicidad,Felicidad,Felicidad,Neutral,Felicidad,Enfado,Neutral,Asco,Enfado,Enfado,Otra,Tristeza,Tristeza,Tristeza,Tristeza,Asco,Tristeza,Neutral,Tristeza,Asco,Sorpresa,Sorpresa,Sorpresa,Otra,Sorpresa,Otra,Incertidumbre,Felicidad,Enfado,Otra,Incertidumbre,Otra,Felicidad,Otra,Otra,Tristeza,Enfado,Enfado,Asco,Asco,Enfado,Enfado,Enfado,Enfado,Asco,Asco,Asco,Asco,Asco,Asco,Asco,Asco,Miedo,Tristeza,Sorpresa,Incertidumbre,Sorpresa,Sorpresa,Asco,Tristeza,Felicidad,Felicidad,Felicidad,Felicidad,Felicidad,Felicidad,Felicidad,Felicidad,Enfado,Neutral,Neutral,Neutral,Neutral,Neutral,Neutral,Neutral,Tristeza,Tristeza,Tristeza,Tristeza,Enfado,Tristeza,Neutral,Tristeza,Sorpresa,Incertidumbre,Otra,Sorpresa,Sorpresa,Incertidumbre,Sorpresa,Sorpresa,Asco,Otra,Otra,Asco,Otra,Otra,Neutral,Felicidad,Tristeza,Enfado,Asco,Enfado,Enfado,Otra,Enfado,Neutral,Enfado,Enfado,Asco,Asco,Asco,Otra,Asco,Miedo,Asco,Enfado,Asco,Tristeza,Tristeza,Miedo,Miedo,Miedo,Sorpresa,Felicidad,Felicidad,Felicidad,Felicidad,Felicidad,Felicidad,Felicidad,Felicidad,Asco,Neutral,Enfado,Neutral,Neutral,Neutral,Neutral,Neutral,Asco,Asco,Tristeza,Tristeza,Tristeza,Enfado,Neutral,Tristeza,Sorpresa,Sorpresa,Incertidumbre,Incertidumbre,Sorpresa,Sorpresa,Sorpresa,Incertidumbre,Felicidad,Felicidad,Asco,Otra,Enfado,Otra,Otra,Enfado,38080
2022-02-23 07:25:52,2022-02-23 08:02:56,IP Address,190.86.34.162,100,2223,True,2022-02-23 08:02:56,R_1HeJ7DHyrPR0rVI,,,,,13.70660400390625,-89.20529937744140625,anonymous,ES,Yo Consiento,Masculino,40,Hispano o Latino,Grado de educación superior de 2 años,10563,El Salvador,Español,,"Califica lo que creo que la persona de la imagen está experimentando,Seleccionar ""otro"" si la palabra que tengo en mente no aparece entre las opciones de respuesta,Seleccionar ""incierto"" si no sé lo que la persona en la imagen está experimentando",Neutral,Enfado,Enfado,Miedo,Enfado,Enfado,Enfado,Enfado,Enfado,Asco,Enfado,Incertidumbre,Asco,Otra,Incertidumbre,Asco,Miedo,Incertidumbre,Miedo,Sorpresa,Miedo,Miedo,Incertidumbre,Sorpresa,Neutral,Felicidad,Felicidad,Felicidad,Felicidad,Felicidad,Felicidad,Felicidad,Neutral,Neutral,Neutral,Neutral,Neutral,Neutral,Neutral,Otra,Incertidumbre,Tristeza,Tristeza,Tristeza,Tristeza,Tristeza,Neutral,Tristeza,Sorpresa,Sorpresa,Sorpresa,Felicidad,Sorpresa,Sorpresa,Sorpresa,Sorpresa,Otra,Neutral,Otra,Neutral,Asco,Neutral,Incertidumbre,Incertidumbre,Tristeza,Enfado,Enfado,Enfado,Enfado,Enfado,Enfado,Enfado,Enfado,Incertidumbre,Incertidumbre,Incertidumbre,Asco,Asco,Enfado,Tristeza,Asco,Tristeza,Tristeza,Incertidumbre,Sorpresa,Sorpresa,Sorpresa,Tristeza,Tristeza,Felicidad,Felicidad,Felicidad,Felicidad,Felicidad,Felicidad,Felicidad,Felicidad,Enfado,Neutral,Neutral,Incertidumbre,Neutral,Sorpresa,Neutral,Incertidumbre,Tristeza,Tristeza,Tristeza,Tristeza,Enfado,Tristeza,Miedo,Tristeza,Felicidad,Sorpresa,Incertidumbre,Sorpresa,Sorpresa,Sorpresa,Sorpresa,Sorpresa,Otra,Neutral,Otra,Neutral,Sorpresa,Neutral,Otra,Felicidad,Tristeza,Incertidumbre,Enfado,Enfado,Enfado,Enfado,Enfado,Neutral,Enfado,Enfado,Asco,Asco,Asco,Sorpresa,Asco,Miedo,Incertidumbre,Incertidumbre,Miedo,Incertidumbre,Tristeza,Incertidumbre,Sorpresa,Sorpresa,Sorpresa,Felicidad,Felicidad,Felicidad,Felicidad,Felicidad,Felicidad,Felicidad,Felicidad,Neutral,Neutral,Neutral,Neutral,Neutral,Neutral,Neutral,Enfado,Incertidumbre,Tristeza,Tristeza,Tristeza,Tristeza,Neutral,Neutral,Felicidad,Sorpresa,Felicidad,Sorpresa,Sorpresa,Sorpresa,Sorpresa,Sorpresa,Incertidumbre,Otra,Otra,Incertidumbre,Otra,Sorpresa,Neutral,Otra,Neutral,46868
