happiness,neutral,surprise,sadness,disgust,anger,fear,uncertain,photo_id,ethnicity,sex,age,label,url
1,19,1,,5,14,,7,Q2.1,bipoc,female,adult,anger,https://uwmadison.co1.qualtrics.com/ControlPanel/Graphic.php?IM=IM_bJXdODAZHOaG0rI
,1,,,5,40,2,2,Q3.1,bipoc,female,child,anger,https://uwmadison.co1.qualtrics.com/ControlPanel/Graphic.php?IM=IM_37SAhyROGBWVpVs
,2,,,,47,1,,Q4.1,bipoc,male,adult,anger,https://uwmadison.co1.qualtrics.com/ControlPanel/Graphic.php?IM=IM_3QLhY3LefdXzwfI
,1,3,17,2,8,4,9,Q5.1,bipoc,male,child,anger,https://uwmadison.co1.qualtrics.com/ControlPanel/Graphic.php?IM=IM_egtCOrU9KOm233M
,5,2,,1,35,1,2,Q6.1,white,female,adult,anger,https://uwmadison.co1.qualtrics.com/ControlPanel/Graphic.php?IM=IM_1Amo6fqrutcZYZo
,1,,15,2,31,2,,Q7.1,white,female,child,anger,https://uwmadison.co1.qualtrics.com/ControlPanel/Graphic.php?IM=IM_1XqAx3FzoRDFZt4
,13,1,1,5,17,1,7,Q8.1,white,male,adult,anger,https://uwmadison.co1.qualtrics.com/ControlPanel/Graphic.php?IM=IM_7PC2cgcyr5yUiOy
11,2,,,1,24,,5,Q9.1,white,male,child,anger,https://uwmadison.co1.qualtrics.com/ControlPanel/Graphic.php?IM=IM_9Gfr3sYkHq3hHG6
,,3,2,24,,,11,Q10.1,bipoc,female,adult,disgust,https://uwmadison.co1.qualtrics.com/ControlPanel/Graphic.php?IM=IM_cvFjQlP07m9S7VY
1,1,1,1,20,8,,9,Q11.1,bipoc,female,child,disgust,https://uwmadison.co1.qualtrics.com/ControlPanel/Graphic.php?IM=IM_4Zxryb4o2ZDgHDo
,,1,1,34,12,1,2,Q12.1,bipoc,male,adult,disgust,https://uwmadison.co1.qualtrics.com/ControlPanel/Graphic.php?IM=IM_cIvdFisSzzSMNRI
1,1,14,,18,9,,4,Q13.1,bipoc,male,child,disgust,https://uwmadison.co1.qualtrics.com/ControlPanel/Graphic.php?IM=IM_envzka9NlloQh7g
,1,,2,41,3,1,2,Q14.1,white,female,adult,disgust,https://uwmadison.co1.qualtrics.com/ControlPanel/Graphic.php?IM=IM_er3kGiV5nUJCkse
26,,3,,10,2,,3,Q15.1,white,female,child,disgust,https://uwmadison.co1.qualtrics.com/ControlPanel/Graphic.php?IM=IM_51ruTTJP1FaUeX4
,,4,1,42,2,,,Q16.1,white,male,adult,disgust,https://uwmadison.co1.qualtrics.com/ControlPanel/Graphic.php?IM=IM_4Iuz8TahQUf5rCu
5,1,2,1,23,10,1,5,Q17.1,white,male,child,disgust,https://uwmadison.co1.qualtrics.com/ControlPanel/Graphic.php?IM=IM_3dtGv9tzZmLa4Cy
2,1,2,3,8,3,29,1,Q18.1,bipoc,female,adult,fear,https://uwmadison.co1.qualtrics.com/ControlPanel/Graphic.php?IM=IM_6qVleJUYoACmf6C
,,22,1,1,,26,1,Q19.1,bipoc,female,child,fear,https://uwmadison.co1.qualtrics.com/ControlPanel/Graphic.php?IM=IM_4HJDfrqWWlJ7wRU
,,5,4,9,1,29,1,Q20.1,bipoc,male,adult,fear,https://uwmadison.co1.qualtrics.com/ControlPanel/Graphic.php?IM=IM_54KW05fRgzNmLfE
5,,20,1,1,,20,1,Q21.1,bipoc,male,child,fear,https://uwmadison.co1.qualtrics.com/ControlPanel/Graphic.php?IM=IM_aY2MoY6bfggUc9E
2,,39,1,,,8,,Q22.1,white,female,adult,fear,https://uwmadison.co1.qualtrics.com/ControlPanel/Graphic.php?IM=IM_1H2GqqCbhjjnp3g
,,1,18,4,2,24,1,Q23.1,white,female,child,fear,https://uwmadison.co1.qualtrics.com/ControlPanel/Graphic.php?IM=IM_cXRPI85VJ3YAOdo
1,2,14,,3,1,23,5,Q24.1,white,male,adult,fear,https://uwmadison.co1.qualtrics.com/ControlPanel/Graphic.php?IM=IM_1z4YnfSQVdhj1Rk
6,2,26,,1,2,3,3,Q25.1,white,male,child,fear,https://uwmadison.co1.qualtrics.com/ControlPanel/Graphic.php?IM=IM_24ukMlBx2IZMMuO
19,22,1,1,1,,,3,Q26.1,bipoc,female,adult,happiness,https://uwmadison.co1.qualtrics.com/ControlPanel/Graphic.php?IM=IM_5uIGlackw1zchRY
48,,,,,,1,,Q27.1,bipoc,female,child,happiness,https://uwmadison.co1.qualtrics.com/ControlPanel/Graphic.php?IM=IM_1LJr1XMUNEEqjEq
36,8,2,,,1,,2,Q28.1,bipoc,male,adult,happiness,https://uwmadison.co1.qualtrics.com/ControlPanel/Graphic.php?IM=IM_aVKZzBmzWSoXCXY
49,,,,,1,,,Q29.1,bipoc,male,child,happiness,https://uwmadison.co1.qualtrics.com/ControlPanel/Graphic.php?IM=IM_da53a1yGEedpOJg
45,3,1,,,,1,1,Q30.1,white,female,adult,happiness,https://uwmadison.co1.qualtrics.com/ControlPanel/Graphic.php?IM=IM_6hVt2pmEYV6YLwG
46,,1,,,,,1,Q31.1,white,female,child,happiness,https://uwmadison.co1.qualtrics.com/ControlPanel/Graphic.php?IM=IM_9shhhARAg1o8QcK
41,1,6,,,,,3,Q32.1,white,male,adult,happiness,https://uwmadison.co1.qualtrics.com/ControlPanel/Graphic.php?IM=IM_3CWGONIxkNEfLbU
49,,,,,,,1,Q33.1,white,male,child,happiness,https://uwmadison.co1.qualtrics.com/ControlPanel/Graphic.php?IM=IM_0lBpULniZBM24Pc
,33,,1,,1,3,10,Q34.1,bipoc,female,adult,neutral,https://uwmadison.co1.qualtrics.com/ControlPanel/Graphic.php?IM=IM_80TvOXpOXat9RxI
12,30,,,1,,2,3,Q35.1,bipoc,female,child,neutral,https://uwmadison.co1.qualtrics.com/ControlPanel/Graphic.php?IM=IM_9H2fzde2Rkxr2VU
,32,,6,4,2,,5,Q36.1,bipoc,male,adult,neutral,https://uwmadison.co1.qualtrics.com/ControlPanel/Graphic.php?IM=IM_cMDFM510Dzc4NKu
,35,,3,1,5,1,2,Q37.1,bipoc,male,child,neutral,https://uwmadison.co1.qualtrics.com/ControlPanel/Graphic.php?IM=IM_aXk5I4i1e3iZEzk
,33,,5,6,3,,2,Q38.1,white,female,adult,neutral,https://uwmadison.co1.qualtrics.com/ControlPanel/Graphic.php?IM=IM_3lu3qPA43hGxJ4y
2,39,,1,1,,2,2,Q39.1,white,female,child,neutral,https://uwmadison.co1.qualtrics.com/ControlPanel/Graphic.php?IM=IM_0pPXIzq4Mrfh7ka
1,34,,1,3,9,1,1,Q40.1,white,male,adult,neutral,https://uwmadison.co1.qualtrics.com/ControlPanel/Graphic.php?IM=IM_blolyGQSOOsUfLE
1,43,,,1,,,2,Q41.1,white,male,child,neutral,https://uwmadison.co1.qualtrics.com/ControlPanel/Graphic.php?IM=IM_aVlK7szVW3JAA4K
1,,1,40,3,1,1,1,Q42.1,bipoc,female,adult,sadness,https://uwmadison.co1.qualtrics.com/ControlPanel/Graphic.php?IM=IM_6KEpMh9qlyvMRAa
,,,46,,1,3,1,Q43.1,bipoc,female,child,sadness,https://uwmadison.co1.qualtrics.com/ControlPanel/Graphic.php?IM=IM_etimLaMrS2pVAAS
,3,2,39,1,1,4,1,Q44.1,bipoc,male,adult,sadness,https://uwmadison.co1.qualtrics.com/ControlPanel/Graphic.php?IM=IM_dbf2dyj7KGtrN2e
1,,,49,,,1,,Q45.1,bipoc,male,child,sadness,https://uwmadison.co1.qualtrics.com/ControlPanel/Graphic.php?IM=IM_eVzPpFKIfopOW1w
,,,48,,1,1,1,Q46.1,white,female,adult,sadness,https://uwmadison.co1.qualtrics.com/ControlPanel/Graphic.php?IM=IM_9EKbisrli19qicS
,,1,48,,1,,1,Q47.1,white,female,child,sadness,https://uwmadison.co1.qualtrics.com/ControlPanel/Graphic.php?IM=IM_55Rjm0S1oR1ox1k
,16,,14,6,1,2,9,Q48.1,white,male,adult,sadness,https://uwmadison.co1.qualtrics.com/ControlPanel/Graphic.php?IM=IM_8j4LSlE16vL228e
,,,43,,,5,2,Q49.1,white,male,child,sadness,https://uwmadison.co1.qualtrics.com/ControlPanel/Graphic.php?IM=IM_1BzaOxAnlvpmh8i
14,9,19,1,2,,1,3,Q50.1,bipoc,female,adult,surprise,https://uwmadison.co1.qualtrics.com/ControlPanel/Graphic.php?IM=IM_8FZs4DGyzYKeKQ6
4,2,27,,,,4,1,Q51.1,bipoc,female,child,surprise,https://uwmadison.co1.qualtrics.com/ControlPanel/Graphic.php?IM=IM_06dsRWFrfc92PVI
1,,44,,1,1,,2,Q52.1,bipoc,male,adult,surprise,https://uwmadison.co1.qualtrics.com/ControlPanel/Graphic.php?IM=IM_0JI5joczfCXyM4K
33,,11,,,,,1,Q53.1,bipoc,male,child,surprise,https://uwmadison.co1.qualtrics.com/ControlPanel/Graphic.php?IM=IM_39MTmWdmGCliDga
1,7,25,,4,,,3,Q54.1,white,female,adult,surprise,https://uwmadison.co1.qualtrics.com/ControlPanel/Graphic.php?IM=IM_1X6032Sa3Q1kaKa
,2,45,1,,,,2,Q55.1,white,female,child,surprise,https://uwmadison.co1.qualtrics.com/ControlPanel/Graphic.php?IM=IM_ah0qjH5kqDuQUhE
2,,44,,,,2,2,Q56.1,white,male,adult,surprise,https://uwmadison.co1.qualtrics.com/ControlPanel/Graphic.php?IM=IM_9yvGSAqzpAmAcT4
3,14,30,,,,1,1,Q57.1,white,male,child,surprise,https://uwmadison.co1.qualtrics.com/ControlPanel/Graphic.php?IM=IM_dmTME6d2MAg1Tb8
24,4,,,4,1,1,6,Q58.1,bipoc,female,adult,uncertain,https://uwmadison.co1.qualtrics.com/ControlPanel/Graphic.php?IM=IM_6x0zlBArY56cHem
1,24,,9,1,,5,8,Q59.1,bipoc,female,child,uncertain,https://uwmadison.co1.qualtrics.com/ControlPanel/Graphic.php?IM=IM_9BqHT20xS13gotg
7,6,,,1,1,1,5,Q60.1,bipoc,male,adult,uncertain,https://uwmadison.co1.qualtrics.com/ControlPanel/Graphic.php?IM=IM_8feaAnE3DavOGFg
13,15,,1,1,,,12,Q61.1,bipoc,male,child,uncertain,https://uwmadison.co1.qualtrics.com/ControlPanel/Graphic.php?IM=IM_0v92GxoJl7KL9HM
,4,2,1,21,9,3,3,Q62.1,white,female,adult,uncertain,https://uwmadison.co1.qualtrics.com/ControlPanel/Graphic.php?IM=IM_88R1RMz4mseoRkW
2,3,,19,5,10,,4,Q63.1,white,female,child,uncertain,https://uwmadison.co1.qualtrics.com/ControlPanel/Graphic.php?IM=IM_8jkP8HhjPXmgNPE
1,3,9,1,3,1,,10,Q64.1,white,male,adult,uncertain,https://uwmadison.co1.qualtrics.com/ControlPanel/Graphic.php?IM=IM_81e4y8XbeDW4Ew6
,2,17,3,,1,3,15,Q65.1,white,male,child,uncertain,https://uwmadison.co1.qualtrics.com/ControlPanel/Graphic.php?IM=IM_6lfDwHho7YysGIS
,,,,,,,,Q66.1,,,,attention,https://uwmadison.co1.qualtrics.com/ControlPanel/Graphic.php?IM=IM_bHKuEbEutfv7zuu
,,,5,6,36,,3,Q67.1,bipoc,female,adult,anger,https://uwmadison.co1.qualtrics.com/ControlPanel/Graphic.php?IM=IM_6J5KVNyTENDNC4K
,10,,10,4,17,4,3,Q68.1,bipoc,female,child,anger,https://uwmadison.co1.qualtrics.com/ControlPanel/Graphic.php?IM=IM_ehdQVRQn8kI6rNI
,16,1,4,10,15,,3,Q69.1,bipoc,male,adult,anger,https://uwmadison.co1.qualtrics.com/ControlPanel/Graphic.php?IM=IM_4OulgTPxBAgu0Qu
,2,1,1,13,34,,,Q70.1,bipoc,male,child,anger,https://uwmadison.co1.qualtrics.com/ControlPanel/Graphic.php?IM=IM_82jdttMjk3552E6
1,,,,7,38,1,3,Q71.1,white,female,adult,anger,https://uwmadison.co1.qualtrics.com/ControlPanel/Graphic.php?IM=IM_b1KYrTe9d0HebfU
1,1,1,4,18,12,1,7,Q72.1,white,female,child,anger,https://uwmadison.co1.qualtrics.com/ControlPanel/Graphic.php?IM=IM_3QtW28KFGllSVBI
,,2,,2,44,1,2,Q73.1,white,male,adult,anger,https://uwmadison.co1.qualtrics.com/ControlPanel/Graphic.php?IM=IM_eb7s42ZIPiC9Z66
,,,,6,39,,2,Q74.1,white,male,child,anger,https://uwmadison.co1.qualtrics.com/ControlPanel/Graphic.php?IM=IM_dhTzFnZMWrTfBGK
1,,4,,39,2,,3,Q75.1,bipoc,female,adult,disgust,https://uwmadison.co1.qualtrics.com/ControlPanel/Graphic.php?IM=IM_0kOdQHclITzXgIC
,,1,2,33,,1,6,Q76.1,bipoc,female,child,disgust,https://uwmadison.co1.qualtrics.com/ControlPanel/Graphic.php?IM=IM_e9BJyTeFPLQ7ZUq
1,,2,1,34,5,,,Q77.1,bipoc,male,adult,disgust,https://uwmadison.co1.qualtrics.com/ControlPanel/Graphic.php?IM=IM_1Zx26VAbwv9uFFQ
,,,,30,16,2,2,Q78.1,bipoc,male,child,disgust,https://uwmadison.co1.qualtrics.com/ControlPanel/Graphic.php?IM=IM_bjzYq2UEKkXH7aC
1,1,2,4,30,,,8,Q79.1,white,female,adult,disgust,https://uwmadison.co1.qualtrics.com/ControlPanel/Graphic.php?IM=IM_5hkOSrFORUoHopM
8,,,1,25,6,1,4,Q80.1,white,female,child,disgust,https://uwmadison.co1.qualtrics.com/ControlPanel/Graphic.php?IM=IM_244QOC2to2Jetca
2,1,,3,43,,,2,Q81.1,white,male,adult,disgust,https://uwmadison.co1.qualtrics.com/ControlPanel/Graphic.php?IM=IM_7aEgC4sWsfM5I5E
,2,,1,29,14,,2,Q82.1,white,male,child,disgust,https://uwmadison.co1.qualtrics.com/ControlPanel/Graphic.php?IM=IM_7P182C9dn0ypgtE
,,3,9,2,,34,2,Q83.1,bipoc,female,adult,fear,https://uwmadison.co1.qualtrics.com/ControlPanel/Graphic.php?IM=IM_9tzXvOnfZ589gH4
,1,,39,3,1,7,,Q84.1,bipoc,female,child,fear,https://uwmadison.co1.qualtrics.com/ControlPanel/Graphic.php?IM=IM_0BVeUJelcjahWwC
,,27,1,5,,17,1,Q85.1,bipoc,male,adult,fear,https://uwmadison.co1.qualtrics.com/ControlPanel/Graphic.php?IM=IM_e3vAzbw1fMlXZyu
1,4,16,1,2,,10,7,Q86.1,bipoc,male,child,fear,https://uwmadison.co1.qualtrics.com/ControlPanel/Graphic.php?IM=IM_byJrSqTzp3ZhZ9Y
6,,22,1,,7,9,5,Q87.1,white,female,adult,fear,https://uwmadison.co1.qualtrics.com/ControlPanel/Graphic.php?IM=IM_5AWayt9Py1ZQmUe
,,45,1,,,2,1,Q88.1,white,female,child,fear,https://uwmadison.co1.qualtrics.com/ControlPanel/Graphic.php?IM=IM_40G6uAIeohgXMGi
,2,6,7,10,1,15,8,Q89.1,white,male,adult,fear,https://uwmadison.co1.qualtrics.com/ControlPanel/Graphic.php?IM=IM_9WR2cEWgwYWx7sa
2,4,6,23,,,13,1,Q90.1,white,male,child,fear,https://uwmadison.co1.qualtrics.com/ControlPanel/Graphic.php?IM=IM_0AKqpsdouereE5M
48,,,3,,,,,Q91.1,bipoc,female,adult,happiness,https://uwmadison.co1.qualtrics.com/ControlPanel/Graphic.php?IM=IM_0xPTvIpG1sPU3QO
43,3,1,,1,,,2,Q92.1,bipoc,female,child,happiness,https://uwmadison.co1.qualtrics.com/ControlPanel/Graphic.php?IM=IM_cGTIBhdTVZFLwdE
47,2,,,1,,,1,Q93.1,bipoc,male,adult,happiness,https://uwmadison.co1.qualtrics.com/ControlPanel/Graphic.php?IM=IM_bEDlxRqiOdpCl1Q
45,3,,,1,,1,1,Q94.1,bipoc,male,child,happiness,https://uwmadison.co1.qualtrics.com/ControlPanel/Graphic.php?IM=IM_0UkPGjTodmzqM9U
33,9,,,1,,,5,Q95.1,white,female,adult,happiness,https://uwmadison.co1.qualtrics.com/ControlPanel/Graphic.php?IM=IM_3sodPsRm6g6as06
44,1,1,1,,,1,2,Q96.1,white,female,child,happiness,https://uwmadison.co1.qualtrics.com/ControlPanel/Graphic.php?IM=IM_aWrmbq9vyHFZmTk
49,1,,,,,,1,Q97.1,white,male,adult,happiness,https://uwmadison.co1.qualtrics.com/ControlPanel/Graphic.php?IM=IM_ewCuSR8n6UYi2MK
48,,,2,1,,,,Q98.1,white,male,child,happiness,https://uwmadison.co1.qualtrics.com/ControlPanel/Graphic.php?IM=IM_2hrynYgwGLMuDUG
,34,,1,,11,,3,Q99.1,bipoc,female,adult,neutral,https://uwmadison.co1.qualtrics.com/ControlPanel/Graphic.php?IM=IM_39Riowawi2KEmV0
1,37,2,2,,,,4,Q100.1,bipoc,female,child,neutral,https://uwmadison.co1.qualtrics.com/ControlPanel/Graphic.php?IM=IM_5bFJqMaV53Zsy0K
,35,1,6,,2,,4,Q101.1,bipoc,male,adult,neutral,https://uwmadison.co1.qualtrics.com/ControlPanel/Graphic.php?IM=IM_3gSfRO9Zt2G8NP8
,35,2,1,,1,1,7,Q102.1,bipoc,male,child,neutral,https://uwmadison.co1.qualtrics.com/ControlPanel/Graphic.php?IM=IM_bw2zfW24xOcYU9o
1,39,,,4,,,3,Q103.1,white,female,adult,neutral,https://uwmadison.co1.qualtrics.com/ControlPanel/Graphic.php?IM=IM_bqKH78xvssoHVoG
1,31,2,1,,,2,9,Q104.1,white,female,child,neutral,https://uwmadison.co1.qualtrics.com/ControlPanel/Graphic.php?IM=IM_7WGuIqyEG3TilMi
1,35,4,,3,1,,2,Q105.1,white,male,adult,neutral,https://uwmadison.co1.qualtrics.com/ControlPanel/Graphic.php?IM=IM_9zQEAVQQyKfTlUG
,40,,2,,,1,4,Q106.1,white,male,child,neutral,https://uwmadison.co1.qualtrics.com/ControlPanel/Graphic.php?IM=IM_7PAyQLJg8l8nBSS
,2,,39,1,,4,3,Q107.1,bipoc,female,adult,sadness,https://uwmadison.co1.qualtrics.com/ControlPanel/Graphic.php?IM=IM_83amQw1mO0Wac06
1,,,30,1,12,7,,Q108.1,bipoc,female,child,sadness,https://uwmadison.co1.qualtrics.com/ControlPanel/Graphic.php?IM=IM_73Yp8FVd9OfjPP8
,,1,48,1,,1,,Q109.1,bipoc,male,adult,sadness,https://uwmadison.co1.qualtrics.com/ControlPanel/Graphic.php?IM=IM_dahScWh9wdBUhlY
,,,34,1,9,6,1,Q110.1,bipoc,male,child,sadness,https://uwmadison.co1.qualtrics.com/ControlPanel/Graphic.php?IM=IM_77jUBNTFvgA7yxU
,7,,33,2,6,2,1,Q111.1,white,female,adult,sadness,https://uwmadison.co1.qualtrics.com/ControlPanel/Graphic.php?IM=IM_7NHotnPd2lT9Foa
,,1,48,,,1,,Q112.1,white,female,child,sadness,https://uwmadison.co1.qualtrics.com/ControlPanel/Graphic.php?IM=IM_0pqIA60jUTgdaQe
,22,1,26,,,1,1,Q113.1,white,male,adult,sadness,https://uwmadison.co1.qualtrics.com/ControlPanel/Graphic.php?IM=IM_bNT78GDXgMqiTLU
,,,46,1,1,1,2,Q114.1,white,male,child,sadness,https://uwmadison.co1.qualtrics.com/ControlPanel/Graphic.php?IM=IM_5au9MLWYoSZyrj0
11,1,33,,1,1,,3,Q115.1,bipoc,female,adult,surprise,https://uwmadison.co1.qualtrics.com/ControlPanel/Graphic.php?IM=IM_bjThcsBImEknzmu
,17,15,2,1,1,2,8,Q116.1,bipoc,female,child,surprise,https://uwmadison.co1.qualtrics.com/ControlPanel/Graphic.php?IM=IM_71mMacKzqNZRVpc
,5,21,,1,1,13,6,Q117.1,bipoc,male,adult,surprise,https://uwmadison.co1.qualtrics.com/ControlPanel/Graphic.php?IM=IM_aaEwobdBBZ4nn02
10,1,18,,1,,20,,Q118.1,bipoc,male,child,surprise,https://uwmadison.co1.qualtrics.com/ControlPanel/Graphic.php?IM=IM_cwfzFfgNMrzdDeu
1,1,47,,1,,,1,Q119.1,white,female,adult,surprise,https://uwmadison.co1.qualtrics.com/ControlPanel/Graphic.php?IM=IM_2s03op8efMn39Eq
1,13,27,,,,1,7,Q120.1,white,female,child,surprise,https://uwmadison.co1.qualtrics.com/ControlPanel/Graphic.php?IM=IM_3VrkAIN5BOdlfWm
1,,34,1,,1,13,,Q121.1,white,male,adult,surprise,https://uwmadison.co1.qualtrics.com/ControlPanel/Graphic.php?IM=IM_2004WZkMOAt3rVk
4,,20,,,14,6,4,Q122.1,white,male,child,surprise,https://uwmadison.co1.qualtrics.com/ControlPanel/Graphic.php?IM=IM_0Tk0DUpmSjqZP9Q
1,10,5,,5,,1,10,Q123.1,bipoc,female,adult,uncertain,https://uwmadison.co1.qualtrics.com/ControlPanel/Graphic.php?IM=IM_74kgKNSWDU7crjM
8,3,1,,2,,1,13,Q124.1,bipoc,female,child,uncertain,https://uwmadison.co1.qualtrics.com/ControlPanel/Graphic.php?IM=IM_cJi6x6m1lHypqN8
26,,,1,,6,,10,Q125.1,bipoc,male,adult,uncertain,https://uwmadison.co1.qualtrics.com/ControlPanel/Graphic.php?IM=IM_afrF8KFiXbEcR2S
1,15,,4,10,3,1,9,Q126.1,bipoc,male,child,uncertain,https://uwmadison.co1.qualtrics.com/ControlPanel/Graphic.php?IM=IM_eaf2nwmlYn6uJKu
1,,43,,1,1,1,1,Q127.1,white,female,adult,uncertain,https://uwmadison.co1.qualtrics.com/ControlPanel/Graphic.php?IM=IM_4Z2olPR08fo1FQO
1,15,14,1,1,,3,7,Q128.1,white,female,child,uncertain,https://uwmadison.co1.qualtrics.com/ControlPanel/Graphic.php?IM=IM_8bHO7XfbqxRugTQ
,5,10,1,7,2,,11,Q129.1,white,male,adult,uncertain,https://uwmadison.co1.qualtrics.com/ControlPanel/Graphic.php?IM=IM_3wreUCj6TLHFC4K
38,2,,1,1,,,4,Q130.1,white,male,child,uncertain,https://uwmadison.co1.qualtrics.com/ControlPanel/Graphic.php?IM=IM_eMb3pnSJgKC0VFk
,,,,,,,,Q131.1,,,,attention,https://uwmadison.co1.qualtrics.com/ControlPanel/Graphic.php?IM=IM_e2rLzge28QpFG6y
,,5,1,4,33,3,3,Q132.1,bipoc,female,adult,anger,https://uwmadison.co1.qualtrics.com/ControlPanel/Graphic.php?IM=IM_9WTZdrQmZK2OL54
,,1,,7,41,2,,Q133.1,bipoc,female,child,anger,https://uwmadison.co1.qualtrics.com/ControlPanel/Graphic.php?IM=IM_824LzNsLYNku2OO
,2,,,4,42,,1,Q134.1,bipoc,male,adult,anger,https://uwmadison.co1.qualtrics.com/ControlPanel/Graphic.php?IM=IM_bkMyZNBgUg8ZlNY
1,4,1,4,2,38,,,Q135.1,bipoc,male,child,anger,https://uwmadison.co1.qualtrics.com/ControlPanel/Graphic.php?IM=IM_3rsoVFgV6TcS9fg
1,3,,,4,37,,3,Q136.1,white,female,adult,anger,https://uwmadison.co1.qualtrics.com/ControlPanel/Graphic.php?IM=IM_cPfESJKHoFDaWUe
1,,,1,,47,1,1,Q137.1,white,female,child,anger,https://uwmadison.co1.qualtrics.com/ControlPanel/Graphic.php?IM=IM_bHfE8z5stIRm0zI
,30,,,,16,,4,Q138.1,white,male,adult,anger,https://uwmadison.co1.qualtrics.com/ControlPanel/Graphic.php?IM=IM_cCHIBQubXKS0CiO
1,3,,,5,31,2,5,Q139.1,white,male,child,anger,https://uwmadison.co1.qualtrics.com/ControlPanel/Graphic.php?IM=IM_5AcJkrT27k6XRmm
1,1,1,1,20,21,2,3,Q140.1,bipoc,female,adult,disgust,https://uwmadison.co1.qualtrics.com/ControlPanel/Graphic.php?IM=IM_bsHb1M3p1kgjsF0
11,3,2,,6,8,,11,Q141.1,bipoc,female,child,disgust,https://uwmadison.co1.qualtrics.com/ControlPanel/Graphic.php?IM=IM_0SwhYgwrLxTB3LM
,1,,,27,15,,4,Q142.1,bipoc,male,adult,disgust,https://uwmadison.co1.qualtrics.com/ControlPanel/Graphic.php?IM=IM_bemvKCbRtShtR0a
1,1,1,,37,1,2,3,Q143.1,bipoc,male,child,disgust,https://uwmadison.co1.qualtrics.com/ControlPanel/Graphic.php?IM=IM_7WCRz9fBbsgi9Qq
,1,5,2,26,,,8,Q144.1,white,female,adult,disgust,https://uwmadison.co1.qualtrics.com/ControlPanel/Graphic.php?IM=IM_eKdiMX7YPesWOlU
4,1,1,2,24,13,1,2,Q145.1,white,female,child,disgust,https://uwmadison.co1.qualtrics.com/ControlPanel/Graphic.php?IM=IM_0JVrdbvlyGSXcLI
,,9,,17,,23,1,Q146.1,white,male,adult,disgust,https://uwmadison.co1.qualtrics.com/ControlPanel/Graphic.php?IM=IM_1zU5YqWz2acbM8K
1,1,,,47,1,1,,Q147.1,white,male,child,disgust,https://uwmadison.co1.qualtrics.com/ControlPanel/Graphic.php?IM=IM_74HB0t6zgma9YNw
,1,7,1,19,5,18,,Q148.1,bipoc,female,adult,fear,https://uwmadison.co1.qualtrics.com/ControlPanel/Graphic.php?IM=IM_0MwMgspcIIF1ew6
,4,23,1,2,1,12,7,Q149.1,bipoc,female,child,fear,https://uwmadison.co1.qualtrics.com/ControlPanel/Graphic.php?IM=IM_bHrOB3j3PtW4R0i
1,2,,24,8,,8,4,Q150.1,bipoc,male,adult,fear,https://uwmadison.co1.qualtrics.com/ControlPanel/Graphic.php?IM=IM_8B72pKihkAZkIFU
,1,,45,,,5,,Q151.1,bipoc,male,child,fear,https://uwmadison.co1.qualtrics.com/ControlPanel/Graphic.php?IM=IM_9mlWGWUpvpQZa5M
1,1,12,2,2,,32,1,Q152.1,white,female,adult,fear,https://uwmadison.co1.qualtrics.com/ControlPanel/Graphic.php?IM=IM_e38mxw6nO1WY6Cq
,5,32,,1,,5,4,Q153.1,white,female,child,fear,https://uwmadison.co1.qualtrics.com/ControlPanel/Graphic.php?IM=IM_cBJFYlMueaaR03k
,1,31,,1,1,14,,Q154.1,white,male,adult,fear,https://uwmadison.co1.qualtrics.com/ControlPanel/Graphic.php?IM=IM_4Z1hhf1G3PvXBci
1,,23,1,,,24,1,Q155.1,white,male,child,fear,https://uwmadison.co1.qualtrics.com/ControlPanel/Graphic.php?IM=IM_9mNPsRAgBbHenPM
44,2,2,,,,,2,Q156.1,bipoc,female,adult,happiness,https://uwmadison.co1.qualtrics.com/ControlPanel/Graphic.php?IM=IM_0GtSGAki0COJYO2
29,17,,,,1,1,1,Q157.1,bipoc,female,child,happiness,https://uwmadison.co1.qualtrics.com/ControlPanel/Graphic.php?IM=IM_e2tmtlm0JLZje0S
40,3,1,,2,,,2,Q158.1,bipoc,male,adult,happiness,https://uwmadison.co1.qualtrics.com/ControlPanel/Graphic.php?IM=IM_agxa9UIrTk07jxQ
50,,,,,,1,,Q159.1,bipoc,male,child,happiness,https://uwmadison.co1.qualtrics.com/ControlPanel/Graphic.php?IM=IM_d060VdjZY82W38W
47,,,,,,1,2,Q160.1,white,female,adult,happiness,https://uwmadison.co1.qualtrics.com/ControlPanel/Graphic.php?IM=IM_57Gr1XAHK9uhWES
46,,2,,1,1,,1,Q161.1,white,female,child,happiness,https://uwmadison.co1.qualtrics.com/ControlPanel/Graphic.php?IM=IM_d5NMiWqa2jpUDLo
49,,,,,1,1,,Q162.1,white,male,adult,happiness,https://uwmadison.co1.qualtrics.com/ControlPanel/Graphic.php?IM=IM_3NR7AkPxBUkdOQe
49,1,,,,1,,,Q163.1,white,male,child,happiness,https://uwmadison.co1.qualtrics.com/ControlPanel/Graphic.php?IM=IM_eWnGys8SLE5J3Cu
1,38,,1,2,1,,6,Q164.1,bipoc,female,adult,neutral,https://uwmadison.co1.qualtrics.com/ControlPanel/Graphic.php?IM=IM_8Bsr2LNg85rxVgW
12,29,,,,,2,6,Q165.1,bipoc,female,child,neutral,https://uwmadison.co1.qualtrics.com/ControlPanel/Graphic.php?IM=IM_dmqopZwVD7uBVVY
1,24,,8,1,6,,5,Q166.1,bipoc,male,adult,neutral,https://uwmadison.co1.qualtrics.com/ControlPanel/Graphic.php?IM=IM_2ubTkbpnURV3shw
,41,1,,2,,1,1,Q167.1,bipoc,male,child,neutral,https://uwmadison.co1.qualtrics.com/ControlPanel/Graphic.php?IM=IM_bJGSnsoGjBoS3VY
8,32,1,,2,1,,2,Q168.1,white,female,adult,neutral,https://uwmadison.co1.qualtrics.com/ControlPanel/Graphic.php?IM=IM_87jMTnzp24Gs0US
2,40,,,1,,1,6,Q169.1,white,female,child,neutral,https://uwmadison.co1.qualtrics.com/ControlPanel/Graphic.php?IM=IM_ePc7Ntc4cXqTP70
1,37,,2,2,,,3,Q170.1,white,male,adult,neutral,https://uwmadison.co1.qualtrics.com/ControlPanel/Graphic.php?IM=IM_1X1sCzklzGvx2tg
,29,6,,1,3,5,3,Q171.1,white,male,child,neutral,https://uwmadison.co1.qualtrics.com/ControlPanel/Graphic.php?IM=IM_6EA9nLCkNjdA69M
,1,,12,31,1,2,2,Q172.1,bipoc,female,adult,sadness,https://uwmadison.co1.qualtrics.com/ControlPanel/Graphic.php?IM=IM_6A6ANrMmpt0lXFQ
1,6,1,19,,2,11,3,Q173.1,bipoc,female,child,sadness,https://uwmadison.co1.qualtrics.com/ControlPanel/Graphic.php?IM=IM_6AkMWXDnyOPXs6a
,,,47,2,,2,,Q174.1,bipoc,male,adult,sadness,https://uwmadison.co1.qualtrics.com/ControlPanel/Graphic.php?IM=IM_0pvcXJMnnou5XxA
,5,,36,,,2,5,Q175.1,bipoc,male,child,sadness,https://uwmadison.co1.qualtrics.com/ControlPanel/Graphic.php?IM=IM_7365JYEsalfFK3c
,3,,43,2,2,1,,Q176.1,white,female,adult,sadness,https://uwmadison.co1.qualtrics.com/ControlPanel/Graphic.php?IM=IM_4ObHALgYpr6zhn8
,17,1,12,1,13,1,2,Q177.1,white,female,child,sadness,https://uwmadison.co1.qualtrics.com/ControlPanel/Graphic.php?IM=IM_4ZMiIx0eAUH9slo
,15,4,6,9,1,1,6,Q178.1,white,male,adult,sadness,https://uwmadison.co1.qualtrics.com/ControlPanel/Graphic.php?IM=IM_8AHT36OY3USaPe6
,,,46,,5,,,Q179.1,white,male,child,sadness,https://uwmadison.co1.qualtrics.com/ControlPanel/Graphic.php?IM=IM_cSZwt3HTocE50jk
3,1,43,,,1,2,,Q180.1,bipoc,female,adult,surprise,https://uwmadison.co1.qualtrics.com/ControlPanel/Graphic.php?IM=IM_aXfd0rmn8jfxoQ6
31,,19,1,,,,,Q181.1,bipoc,female,child,surprise,https://uwmadison.co1.qualtrics.com/ControlPanel/Graphic.php?IM=IM_9Gq0h87bY58MZSu
4,3,21,,2,1,13,5,Q182.1,bipoc,male,adult,surprise,https://uwmadison.co1.qualtrics.com/ControlPanel/Graphic.php?IM=IM_268vZXyUpVDK6MK
,1,39,,,,7,2,Q183.1,bipoc,male,child,surprise,https://uwmadison.co1.qualtrics.com/ControlPanel/Graphic.php?IM=IM_0V7AZ7Xi8jOjmXY
2,3,33,,1,,2,3,Q184.1,white,female,adult,surprise,https://uwmadison.co1.qualtrics.com/ControlPanel/Graphic.php?IM=IM_eeAoCMWS4pQvliK
11,,29,,,2,6,,Q185.1,white,female,child,surprise,https://uwmadison.co1.qualtrics.com/ControlPanel/Graphic.php?IM=IM_eG4lj9qMfU2nUFg
1,,47,,,,1,,Q186.1,white,male,adult,surprise,https://uwmadison.co1.qualtrics.com/ControlPanel/Graphic.php?IM=IM_eIZrStbqVC3oHTo
,14,16,,1,,9,4,Q187.1,white,male,child,surprise,https://uwmadison.co1.qualtrics.com/ControlPanel/Graphic.php?IM=IM_87ffNHa08KiAYbI
30,3,1,,,,,7,Q188.1,bipoc,female,adult,uncertain,https://uwmadison.co1.qualtrics.com/ControlPanel/Graphic.php?IM=IM_bHLXUfPyLDklutg
41,,,1,2,,2,3,Q189.1,bipoc,female,child,uncertain,https://uwmadison.co1.qualtrics.com/ControlPanel/Graphic.php?IM=IM_0MzywJJUHEiadCe
,3,4,1,20,,1,7,Q190.1,bipoc,male,adult,uncertain,https://uwmadison.co1.qualtrics.com/ControlPanel/Graphic.php?IM=IM_bw6Y8TC4DgP7vAq
1,4,3,,7,1,,13,Q191.1,bipoc,male,child,uncertain,https://uwmadison.co1.qualtrics.com/ControlPanel/Graphic.php?IM=IM_5yvfzLfqBDAE8XY
2,1,16,,9,5,,8,Q192.1,white,female,adult,uncertain,https://uwmadison.co1.qualtrics.com/ControlPanel/Graphic.php?IM=IM_a64Cxa5gtL3OHKS
2,4,2,1,2,18,,13,Q193.1,white,female,child,uncertain,https://uwmadison.co1.qualtrics.com/ControlPanel/Graphic.php?IM=IM_beic5cGPkQFDmhU
1,,1,,13,,,9,Q194.1,white,male,adult,uncertain,https://uwmadison.co1.qualtrics.com/ControlPanel/Graphic.php?IM=IM_8oGUDKsFJy6Upeu
3,21,1,1,1,,2,13,Q195.1,white,male,child,uncertain,https://uwmadison.co1.qualtrics.com/ControlPanel/Graphic.php?IM=IM_9tcpk2rnvGGXq7A
