ethnicity,sex,age,label,url,x_pca_3,y_pca_3,z_pca_3
bipoc,female,adult,anger,https://uwmadison.co1.qualtrics.com/ControlPanel/Graphic.php?IM=IM_bJXdODAZHOaG0rI,-0.12116721213926517,-0.05287424046492341,-0.3244940308669382
bipoc,female,child,anger,https://uwmadison.co1.qualtrics.com/ControlPanel/Graphic.php?IM=IM_37SAhyROGBWVpVs,-0.1899586862467952,-0.02771461695906526,-0.2927994264679534
bipoc,male,adult,anger,https://uwmadison.co1.qualtrics.com/ControlPanel/Graphic.php?IM=IM_3QLhY3LefdXzwfI,-0.19972724438824985,-0.019910115980580095,-0.3329697954511349
bipoc,male,child,anger,https://uwmadison.co1.qualtrics.com/ControlPanel/Graphic.php?IM=IM_egtCOrU9KOm233M,-0.19749646266841214,0.17319064036248843,0.10239366026100481
white,female,adult,anger,https://uwmadison.co1.qualtrics.com/ControlPanel/Graphic.php?IM=IM_1Amo6fqrutcZYZo,-0.17103692018521732,-0.0500904166996798,-0.27216112030323303
white,female,child,anger,https://uwmadison.co1.qualtrics.com/ControlPanel/Graphic.php?IM=IM_1XqAx3FzoRDFZt4,-0.25149830930879474,0.19137759804585014,-0.09275933388857613
white,male,adult,anger,https://uwmadison.co1.qualtrics.com/ControlPanel/Graphic.php?IM=IM_7PC2cgcyr5yUiOy,-0.1451837336280686,-0.03879751106879985,-0.2664143381174293
white,male,child,anger,https://uwmadison.co1.qualtrics.com/ControlPanel/Graphic.php?IM=IM_9Gfr3sYkHq3hHG6,0.0687234663788619,0.024733544616377362,-0.18426578662645018
bipoc,female,adult,disgust,https://uwmadison.co1.qualtrics.com/ControlPanel/Graphic.php?IM=IM_cvFjQlP07m9S7VY,-0.12256128599975878,-0.05954371060965609,-0.05515783917285558
bipoc,female,child,disgust,https://uwmadison.co1.qualtrics.com/ControlPanel/Graphic.php?IM=IM_4Zxryb4o2ZDgHDo,-0.11335145702880761,-0.03962335254699237,-0.131259132127316
bipoc,male,adult,disgust,https://uwmadison.co1.qualtrics.com/ControlPanel/Graphic.php?IM=IM_cIvdFisSzzSMNRI,-0.17836385440191468,-0.05623979477752632,-0.18385148996637898
bipoc,male,child,disgust,https://uwmadison.co1.qualtrics.com/ControlPanel/Graphic.php?IM=IM_envzka9NlloQh7g,-0.11514336238268912,-0.21107147793307013,0.008616951839626045
white,female,adult,disgust,https://uwmadison.co1.qualtrics.com/ControlPanel/Graphic.php?IM=IM_er3kGiV5nUJCkse,-0.17474955841382225,-0.03829570214848353,-0.16290086158012002
white,female,child,disgust,https://uwmadison.co1.qualtrics.com/ControlPanel/Graphic.php?IM=IM_51ruTTJP1FaUeX4,0.3859392382368505,0.044534754915855554,0.0015380855621156078
white,male,adult,disgust,https://uwmadison.co1.qualtrics.com/ControlPanel/Graphic.php?IM=IM_4Iuz8TahQUf5rCu,-0.16710497814019792,-0.09967346096389025,-0.11442953665347042
white,male,child,disgust,https://uwmadison.co1.qualtrics.com/ControlPanel/Graphic.php?IM=IM_3dtGv9tzZmLa4Cy,-0.05778534991353954,-0.03767892702041239,-0.13121089767411406
bipoc,female,adult,fear,https://uwmadison.co1.qualtrics.com/ControlPanel/Graphic.php?IM=IM_6qVleJUYoACmf6C,-0.09789526389035667,-0.05017467473461665,0.08075952727089658
bipoc,female,child,fear,https://uwmadison.co1.qualtrics.com/ControlPanel/Graphic.php?IM=IM_4HJDfrqWWlJ7wRU,-0.10446271089135524,-0.3234996546200892,0.3242733103773561
bipoc,male,adult,fear,https://uwmadison.co1.qualtrics.com/ControlPanel/Graphic.php?IM=IM_54KW05fRgzNmLfE,-0.13698769752167939,-0.08216197858295901,0.1405563521413141
bipoc,male,child,fear,https://uwmadison.co1.qualtrics.com/ControlPanel/Graphic.php?IM=IM_aY2MoY6bfggUc9E,-0.005605639330735471,-0.26664428753692687,0.2875857715290406
white,female,adult,fear,https://uwmadison.co1.qualtrics.com/ControlPanel/Graphic.php?IM=IM_1H2GqqCbhjjnp3g,-0.057532327386783925,-0.49484256381099234,0.4554413159562672
white,female,child,fear,https://uwmadison.co1.qualtrics.com/ControlPanel/Graphic.php?IM=IM_cXRPI85VJ3YAOdo,-0.20990583198655818,0.1821262111581393,0.21056821923087832
white,male,adult,fear,https://uwmadison.co1.qualtrics.com/ControlPanel/Graphic.php?IM=IM_1z4YnfSQVdhj1Rk,-0.0824243069393422,-0.23513308534320354,0.17854292469660102
white,male,child,fear,https://uwmadison.co1.qualtrics.com/ControlPanel/Graphic.php?IM=IM_24ukMlBx2IZMMuO,0.025008675820286704,-0.32561964188703624,0.25010364127224555
bipoc,female,adult,happiness,https://uwmadison.co1.qualtrics.com/ControlPanel/Graphic.php?IM=IM_5uIGlackw1zchRY,0.24447703382532748,0.043021663163457395,-0.2195196228620223
bipoc,female,child,happiness,https://uwmadison.co1.qualtrics.com/ControlPanel/Graphic.php?IM=IM_1LJr1XMUNEEqjEq,0.8122665172778062,0.18784997149591812,0.047350557950474305
bipoc,male,adult,happiness,https://uwmadison.co1.qualtrics.com/ControlPanel/Graphic.php?IM=IM_aVKZzBmzWSoXCXY,0.5790037688120415,0.10413719478770107,-0.04516501175580517
bipoc,male,child,happiness,https://uwmadison.co1.qualtrics.com/ControlPanel/Graphic.php?IM=IM_da53a1yGEedpOJg,0.8280491318395422,0.19380488231346554,0.03846255734628416
white,female,adult,happiness,https://uwmadison.co1.qualtrics.com/ControlPanel/Graphic.php?IM=IM_6hVt2pmEYV6YLwG,0.751798083036287,0.1588610383302034,0.02029957029328379
white,female,child,happiness,https://uwmadison.co1.qualtrics.com/ControlPanel/Graphic.php?IM=IM_9shhhARAg1o8QcK,0.7767984015843787,0.16784285501888174,0.051445204922939865
white,male,adult,happiness,https://uwmadison.co1.qualtrics.com/ControlPanel/Graphic.php?IM=IM_3CWGONIxkNEfLbU,0.6805342890068291,0.08142756750344957,0.08673210389386048
white,male,child,happiness,https://uwmadison.co1.qualtrics.com/ControlPanel/Graphic.php?IM=IM_0lBpULniZBM24Pc,0.8309799559747424,0.19312242443561545,0.04367748393816114
bipoc,female,adult,neutral,https://uwmadison.co1.qualtrics.com/ControlPanel/Graphic.php?IM=IM_80TvOXpOXat9RxI,-0.12079671644981413,-0.04520627720066959,-0.3751105082816858
bipoc,female,child,neutral,https://uwmadison.co1.qualtrics.com/ControlPanel/Graphic.php?IM=IM_9H2fzde2Rkxr2VU,0.10949642429513329,0.00015836921173108986,-0.3286480266653563
bipoc,male,adult,neutral,https://uwmadison.co1.qualtrics.com/ControlPanel/Graphic.php?IM=IM_cMDFM510Dzc4NKu,-0.16015503406883652,0.031159597250500708,-0.34533827624173036
bipoc,male,child,neutral,https://uwmadison.co1.qualtrics.com/ControlPanel/Graphic.php?IM=IM_aXk5I4i1e3iZEzk,-0.14814408044704258,-0.010730174605846497,-0.4060823052261627
white,female,adult,neutral,https://uwmadison.co1.qualtrics.com/ControlPanel/Graphic.php?IM=IM_3lu3qPA43hGxJ4y,-0.16289575327310646,0.015695777710404712,-0.37456045428240853
white,female,child,neutral,https://uwmadison.co1.qualtrics.com/ControlPanel/Graphic.php?IM=IM_0pPXIzq4Mrfh7ka,-0.09185885273099126,-0.036245619607353875,-0.4294955320064398
white,male,adult,neutral,https://uwmadison.co1.qualtrics.com/ControlPanel/Graphic.php?IM=IM_blolyGQSOOsUfLE,-0.133321765813091,-0.035797739952786053,-0.44286917288867345
white,male,child,neutral,https://uwmadison.co1.qualtrics.com/ControlPanel/Graphic.php?IM=IM_aVlK7szVW3JAA4K,-0.10801692458489578,-0.055198130952027656,-0.4903716496486603
bipoc,female,adult,sadness,https://uwmadison.co1.qualtrics.com/ControlPanel/Graphic.php?IM=IM_6KEpMh9qlyvMRAa,-0.3017270936343858,0.5414137359392478,0.33184358428598165
bipoc,female,child,sadness,https://uwmadison.co1.qualtrics.com/ControlPanel/Graphic.php?IM=IM_etimLaMrS2pVAAS,-0.3533764536642603,0.6352261158849126,0.38829773696113956
bipoc,male,adult,sadness,https://uwmadison.co1.qualtrics.com/ControlPanel/Graphic.php?IM=IM_dbf2dyj7KGtrN2e,-0.3184109165312924,0.5044825654691782,0.3167882160712356
bipoc,male,child,sadness,https://uwmadison.co1.qualtrics.com/ControlPanel/Graphic.php?IM=IM_eVzPpFKIfopOW1w,-0.3492237622490838,0.6864931987661821,0.41607583058536896
white,female,adult,sadness,https://uwmadison.co1.qualtrics.com/ControlPanel/Graphic.php?IM=IM_9EKbisrli19qicS,-0.3640065831299336,0.6672318393573166,0.3986172835138886
white,female,child,sadness,https://uwmadison.co1.qualtrics.com/ControlPanel/Graphic.php?IM=IM_55Rjm0S1oR1ox1k,-0.36359419864793857,0.6564381313704909,0.4061227036772699
white,male,adult,sadness,https://uwmadison.co1.qualtrics.com/ControlPanel/Graphic.php?IM=IM_8j4LSlE16vL228e,-0.18860171046943217,0.15229739452912233,-0.09789585223924273
white,male,child,sadness,https://uwmadison.co1.qualtrics.com/ControlPanel/Graphic.php?IM=IM_1BzaOxAnlvpmh8i,-0.33312802337202185,0.5882916278605088,0.37467973364717355
bipoc,female,adult,surprise,https://uwmadison.co1.qualtrics.com/ControlPanel/Graphic.php?IM=IM_8FZs4DGyzYKeKQ6,0.15996670360202234,-0.19411260924032872,0.11565715233812911
bipoc,female,child,surprise,https://uwmadison.co1.qualtrics.com/ControlPanel/Graphic.php?IM=IM_06dsRWFrfc92PVI,-0.0026782691787476595,-0.3456885999861391,0.28160356303930795
bipoc,male,adult,surprise,https://uwmadison.co1.qualtrics.com/ControlPanel/Graphic.php?IM=IM_0JI5joczfCXyM4K,-0.06920240739164762,-0.5647101652456733,0.4605804394302685
bipoc,male,child,surprise,https://uwmadison.co1.qualtrics.com/ControlPanel/Graphic.php?IM=IM_39MTmWdmGCliDga,0.5365715101924484,-0.012820103063939233,0.14663983388421953
white,female,adult,surprise,https://uwmadison.co1.qualtrics.com/ControlPanel/Graphic.php?IM=IM_1X6032Sa3Q1kaKa,-0.06976912784176774,-0.33743648646947133,0.1708238063933507
white,female,child,surprise,https://uwmadison.co1.qualtrics.com/ControlPanel/Graphic.php?IM=IM_ah0qjH5kqDuQUhE,-0.09251811073157301,-0.5680204206790311,0.46669340437954276
white,male,adult,surprise,https://uwmadison.co1.qualtrics.com/ControlPanel/Graphic.php?IM=IM_9yvGSAqzpAmAcT4,-0.04820948079265323,-0.5627552638471653,0.4784016226352917
white,male,child,surprise,https://uwmadison.co1.qualtrics.com/ControlPanel/Graphic.php?IM=IM_dmTME6d2MAg1Tb8,-0.04273121517718648,-0.39424146408526467,0.16921415395927153
bipoc,female,adult,uncertain,https://uwmadison.co1.qualtrics.com/ControlPanel/Graphic.php?IM=IM_6x0zlBArY56cHem,0.3622494980040116,0.07291068391261567,-0.050744021628394975
bipoc,female,child,uncertain,https://uwmadison.co1.qualtrics.com/ControlPanel/Graphic.php?IM=IM_9BqHT20xS13gotg,-0.14017631641455083,0.07875963852726485,-0.19311343205450088
bipoc,male,adult,uncertain,https://uwmadison.co1.qualtrics.com/ControlPanel/Graphic.php?IM=IM_8feaAnE3DavOGFg,0.06513620150976507,0.0030575348356797908,-0.07866798018478004
bipoc,male,child,uncertain,https://uwmadison.co1.qualtrics.com/ControlPanel/Graphic.php?IM=IM_0v92GxoJl7KL9HM,0.14913592848771626,0.030526847447879486,-0.17061648879389504
white,female,adult,uncertain,https://uwmadison.co1.qualtrics.com/ControlPanel/Graphic.php?IM=IM_88R1RMz4mseoRkW,-0.1456569751180502,-0.06153022633880582,-0.14682264087236946
white,female,child,uncertain,https://uwmadison.co1.qualtrics.com/ControlPanel/Graphic.php?IM=IM_8jkP8HhjPXmgNPE,-0.18360960669230933,0.25286440040687236,0.03624097873492309
white,male,adult,uncertain,https://uwmadison.co1.qualtrics.com/ControlPanel/Graphic.php?IM=IM_81e4y8XbeDW4Ew6,-0.0567060482389984,-0.12236477139033233,0.0377223538851574
white,male,child,uncertain,https://uwmadison.co1.qualtrics.com/ControlPanel/Graphic.php?IM=IM_6lfDwHho7YysGIS,-0.09165310604232194,-0.20288850870008546,0.16561462304470673
,,,attention,https://uwmadison.co1.qualtrics.com/ControlPanel/Graphic.php?IM=IM_bHKuEbEutfv7zuu,-0.037905501384952744,-0.014062375327721453,-0.005464000211399804
bipoc,female,adult,anger,https://uwmadison.co1.qualtrics.com/ControlPanel/Graphic.php?IM=IM_6J5KVNyTENDNC4K,-0.2084339718510987,0.046295697894440144,-0.22439275268423184
bipoc,female,child,anger,https://uwmadison.co1.qualtrics.com/ControlPanel/Graphic.php?IM=IM_ehdQVRQn8kI6rNI,-0.19837597052293707,0.10377098637804105,-0.14820497855822082
bipoc,male,adult,anger,https://uwmadison.co1.qualtrics.com/ControlPanel/Graphic.php?IM=IM_4OulgTPxBAgu0Qu,-0.17483728357783346,-0.00018670093851721423,-0.27676084955100194
bipoc,male,child,anger,https://uwmadison.co1.qualtrics.com/ControlPanel/Graphic.php?IM=IM_82jdttMjk3552E6,-0.19737851110988716,-0.03121793394796756,-0.2773513375718291
white,female,adult,anger,https://uwmadison.co1.qualtrics.com/ControlPanel/Graphic.php?IM=IM_b1KYrTe9d0HebfU,-0.16795603929436867,-0.023718944182859556,-0.27922397653359643
white,female,child,anger,https://uwmadison.co1.qualtrics.com/ControlPanel/Graphic.php?IM=IM_3QtW28KFGllSVBI,-0.14197468971455904,0.004994761500598858,-0.11888747969242679
white,male,adult,anger,https://uwmadison.co1.qualtrics.com/ControlPanel/Graphic.php?IM=IM_eb7s42ZIPiC9Z66,-0.1938642833107323,-0.04670303119664872,-0.27898191535710865
white,male,child,anger,https://uwmadison.co1.qualtrics.com/ControlPanel/Graphic.php?IM=IM_dhTzFnZMWrTfBGK,-0.18458802526561244,-0.024342870332705293,-0.2853042499334016
bipoc,female,adult,disgust,https://uwmadison.co1.qualtrics.com/ControlPanel/Graphic.php?IM=IM_0kOdQHclITzXgIC,-0.13587463364604774,-0.1083177891517306,-0.11540608558853065
bipoc,female,child,disgust,https://uwmadison.co1.qualtrics.com/ControlPanel/Graphic.php?IM=IM_e9BJyTeFPLQ7ZUq,-0.14401864843122147,-0.04318518564491906,-0.09844108499125456
bipoc,male,adult,disgust,https://uwmadison.co1.qualtrics.com/ControlPanel/Graphic.php?IM=IM_1Zx26VAbwv9uFFQ,-0.136099851906422,-0.061022767581922294,-0.12666204405510914
bipoc,male,child,disgust,https://uwmadison.co1.qualtrics.com/ControlPanel/Graphic.php?IM=IM_bjzYq2UEKkXH7aC,-0.17474224695800097,-0.055150726801862206,-0.21205480251757147
white,female,adult,disgust,https://uwmadison.co1.qualtrics.com/ControlPanel/Graphic.php?IM=IM_5hkOSrFORUoHopM,-0.13400133316906432,-0.02015115072016483,-0.07617843277892858
white,female,child,disgust,https://uwmadison.co1.qualtrics.com/ControlPanel/Graphic.php?IM=IM_244QOC2to2Jetca,0.007705535177854497,-0.0003091777390719333,-0.1181095707064666
white,male,adult,disgust,https://uwmadison.co1.qualtrics.com/ControlPanel/Graphic.php?IM=IM_7aEgC4sWsfM5I5E,-0.1399265564533082,-0.01603272313141504,-0.14302313400359426
white,male,child,disgust,https://uwmadison.co1.qualtrics.com/ControlPanel/Graphic.php?IM=IM_7P182C9dn0ypgtE,-0.17328228356499084,-0.03810976057249559,-0.21591282459748515
bipoc,female,adult,fear,https://uwmadison.co1.qualtrics.com/ControlPanel/Graphic.php?IM=IM_9tzXvOnfZ589gH4,-0.15376771544594348,0.012965988927527473,0.20801908321268162
bipoc,female,child,fear,https://uwmadison.co1.qualtrics.com/ControlPanel/Graphic.php?IM=IM_0BVeUJelcjahWwC,-0.3216175538288273,0.524668410896015,0.321756025659386
bipoc,male,adult,fear,https://uwmadison.co1.qualtrics.com/ControlPanel/Graphic.php?IM=IM_e3vAzbw1fMlXZyu,-0.10757888135408711,-0.37516262643749043,0.33431117213845646
bipoc,male,child,fear,https://uwmadison.co1.qualtrics.com/ControlPanel/Graphic.php?IM=IM_byJrSqTzp3ZhZ9Y,-0.07191713778939471,-0.22536969438608848,0.15024862459899396
white,female,adult,fear,https://uwmadison.co1.qualtrics.com/ControlPanel/Graphic.php?IM=IM_5AWayt9Py1ZQmUe,0.0030682079000319343,-0.270221484346377,0.22560986723348359
white,female,child,fear,https://uwmadison.co1.qualtrics.com/ControlPanel/Graphic.php?IM=IM_40G6uAIeohgXMGi,-0.09093852067023614,-0.5688182202221572,0.49706306374563947
white,male,adult,fear,https://uwmadison.co1.qualtrics.com/ControlPanel/Graphic.php?IM=IM_9WR2cEWgwYWx7sa,-0.14818463020522335,-0.03564024982434631,0.09472445034252769
white,male,child,fear,https://uwmadison.co1.qualtrics.com/ControlPanel/Graphic.php?IM=IM_0AKqpsdouereE5M,-0.1880873133877755,0.21924867140602905,0.25518082411332355
bipoc,female,adult,happiness,https://uwmadison.co1.qualtrics.com/ControlPanel/Graphic.php?IM=IM_0xPTvIpG1sPU3QO,0.7935764991622397,0.23234544658041958,0.06953709793303692
bipoc,female,child,happiness,https://uwmadison.co1.qualtrics.com/ControlPanel/Graphic.php?IM=IM_cGTIBhdTVZFLwdE,0.7146230596426878,0.1502240218691745,0.010016487338416431
bipoc,male,adult,happiness,https://uwmadison.co1.qualtrics.com/ControlPanel/Graphic.php?IM=IM_bEDlxRqiOdpCl1Q,0.7889070711099592,0.18146795082150277,0.015785372555424382
bipoc,male,child,happiness,https://uwmadison.co1.qualtrics.com/ControlPanel/Graphic.php?IM=IM_0UkPGjTodmzqM9U,0.7500911753361151,0.1702311383462109,0.005921840365950861
white,female,adult,happiness,https://uwmadison.co1.qualtrics.com/ControlPanel/Graphic.php?IM=IM_3sodPsRm6g6as06,0.5252047554712728,0.11219733194893106,-0.08213422472406447
white,female,child,happiness,https://uwmadison.co1.qualtrics.com/ControlPanel/Graphic.php?IM=IM_aWrmbq9vyHFZmTk,0.7308955468863011,0.17012514497276598,0.04874515573252608
white,male,adult,happiness,https://uwmadison.co1.qualtrics.com/ControlPanel/Graphic.php?IM=IM_ewCuSR8n6UYi2MK,0.8290174901019802,0.19212837126761295,0.032521214508849504
white,male,child,happiness,https://uwmadison.co1.qualtrics.com/ControlPanel/Graphic.php?IM=IM_2hrynYgwGLMuDUG,0.7975970406768995,0.21691897687339937,0.05750501489271081
bipoc,female,adult,neutral,https://uwmadison.co1.qualtrics.com/ControlPanel/Graphic.php?IM=IM_39Riowawi2KEmV0,-0.1491486344976003,-0.03628769913893488,-0.4525265749220288
bipoc,female,child,neutral,https://uwmadison.co1.qualtrics.com/ControlPanel/Graphic.php?IM=IM_5bFJqMaV53Zsy0K,-0.10966916697315106,-0.04611597015054571,-0.3838703069072371
bipoc,male,adult,neutral,https://uwmadison.co1.qualtrics.com/ControlPanel/Graphic.php?IM=IM_3gSfRO9Zt2G8NP8,-0.15593523622396777,0.02107503107407072,-0.35252335518660183
bipoc,male,child,neutral,https://uwmadison.co1.qualtrics.com/ControlPanel/Graphic.php?IM=IM_bw2zfW24xOcYU9o,-0.12269843253274214,-0.06660018677540532,-0.3783625057514433
white,female,adult,neutral,https://uwmadison.co1.qualtrics.com/ControlPanel/Graphic.php?IM=IM_bqKH78xvssoHVoG,-0.10856734885683052,-0.05548961162360263,-0.4576525713471442
white,female,child,neutral,https://uwmadison.co1.qualtrics.com/ControlPanel/Graphic.php?IM=IM_7WGuIqyEG3TilMi,-0.0959491301266131,-0.06154708916565267,-0.3254883553011939
white,male,adult,neutral,https://uwmadison.co1.qualtrics.com/ControlPanel/Graphic.php?IM=IM_9zQEAVQQyKfTlUG,-0.10482148423040946,-0.09985183023638385,-0.371287599574139
white,male,child,neutral,https://uwmadison.co1.qualtrics.com/ControlPanel/Graphic.php?IM=IM_7PAyQLJg8l8nBSS,-0.13274943056817645,-0.029997260741468138,-0.4367340020170949
bipoc,female,adult,sadness,https://uwmadison.co1.qualtrics.com/ControlPanel/Graphic.php?IM=IM_83amQw1mO0Wac06,-0.31199705380313236,0.5291674826121131,0.3100914512581881
bipoc,female,child,sadness,https://uwmadison.co1.qualtrics.com/ControlPanel/Graphic.php?IM=IM_73Yp8FVd9OfjPP8,-0.2730267884578536,0.4035569221466716,0.19214658429873163
bipoc,male,adult,sadness,https://uwmadison.co1.qualtrics.com/ControlPanel/Graphic.php?IM=IM_dahScWh9wdBUhlY,-0.36390375718223394,0.6542733638876652,0.41387234136670303
bipoc,male,child,sadness,https://uwmadison.co1.qualtrics.com/ControlPanel/Graphic.php?IM=IM_77jUBNTFvgA7yxU,-0.3065533553647235,0.45746263663910103,0.2401606516996471
white,female,adult,sadness,https://uwmadison.co1.qualtrics.com/ControlPanel/Graphic.php?IM=IM_7NHotnPd2lT9Foa,-0.30078950802107945,0.4422382541056428,0.15631472318499523
white,female,child,sadness,https://uwmadison.co1.qualtrics.com/ControlPanel/Graphic.php?IM=IM_0pqIA60jUTgdaQe,-0.3612368220055289,0.6554535269205357,0.4173910410539351
white,male,adult,sadness,https://uwmadison.co1.qualtrics.com/ControlPanel/Graphic.php?IM=IM_bNT78GDXgMqiTLU,-0.25768606622913987,0.31943840614821306,-0.01669122051302451
white,male,child,sadness,https://uwmadison.co1.qualtrics.com/ControlPanel/Graphic.php?IM=IM_5au9MLWYoSZyrj0,-0.35369804715677766,0.6368318587311731,0.3767219167664341
bipoc,female,adult,surprise,https://uwmadison.co1.qualtrics.com/ControlPanel/Graphic.php?IM=IM_bjThcsBImEknzmu,0.11640103645735447,-0.38594750789480625,0.33892930119021974
bipoc,female,child,surprise,https://uwmadison.co1.qualtrics.com/ControlPanel/Graphic.php?IM=IM_71mMacKzqNZRVpc,-0.11098071007741968,-0.20127826505252025,-0.029383869513974967
bipoc,male,adult,surprise,https://uwmadison.co1.qualtrics.com/ControlPanel/Graphic.php?IM=IM_aaEwobdBBZ4nn02,-0.09411389815881467,-0.3110115158706852,0.1922082899241658
bipoc,male,child,surprise,https://uwmadison.co1.qualtrics.com/ControlPanel/Graphic.php?IM=IM_cwfzFfgNMrzdDeu,0.0901414535301864,-0.23484140642325682,0.25270014071267105
white,female,adult,surprise,https://uwmadison.co1.qualtrics.com/ControlPanel/Graphic.php?IM=IM_2s03op8efMn39Eq,-0.07031516709307159,-0.6025830569482125,0.48991598802120506
white,female,child,surprise,https://uwmadison.co1.qualtrics.com/ControlPanel/Graphic.php?IM=IM_3VrkAIN5BOdlfWm,-0.07576657821459118,-0.36844605148570675,0.1376330577071931
white,male,adult,surprise,https://uwmadison.co1.qualtrics.com/ControlPanel/Graphic.php?IM=IM_2004WZkMOAt3rVk,-0.08066506513610495,-0.4451618723666059,0.41031895177500843
white,male,child,surprise,https://uwmadison.co1.qualtrics.com/ControlPanel/Graphic.php?IM=IM_0Tk0DUpmSjqZP9Q,-0.04260070486612018,-0.26216982430674174,0.13865283206580276
bipoc,female,adult,uncertain,https://uwmadison.co1.qualtrics.com/ControlPanel/Graphic.php?IM=IM_74kgKNSWDU7crjM,-0.06329169869470574,-0.09744053280565754,-0.08943999878535493
bipoc,female,child,uncertain,https://uwmadison.co1.qualtrics.com/ControlPanel/Graphic.php?IM=IM_cJi6x6m1lHypqN8,0.08527159395120901,-0.00922051721210744,-0.041062780811898875
bipoc,male,adult,uncertain,https://uwmadison.co1.qualtrics.com/ControlPanel/Graphic.php?IM=IM_afrF8KFiXbEcR2S,0.3926835946397772,0.10296406588203535,-0.02304723519465817
bipoc,male,child,uncertain,https://uwmadison.co1.qualtrics.com/ControlPanel/Graphic.php?IM=IM_eaf2nwmlYn6uJKu,-0.11797991019617396,0.012017893274569529,-0.20140104263990122
white,female,adult,uncertain,https://uwmadison.co1.qualtrics.com/ControlPanel/Graphic.php?IM=IM_4Z2olPR08fo1FQO,-0.06921530964077385,-0.5531892530138741,0.4544249196209214
white,female,child,uncertain,https://uwmadison.co1.qualtrics.com/ControlPanel/Graphic.php?IM=IM_8bHO7XfbqxRugTQ,-0.07931038855031071,-0.19772770466912373,-0.014144970453440727
white,male,adult,uncertain,https://uwmadison.co1.qualtrics.com/ControlPanel/Graphic.php?IM=IM_3wreUCj6TLHFC4K,-0.09372904574009074,-0.14663884564141264,0.0032488827993204968
white,male,child,uncertain,https://uwmadison.co1.qualtrics.com/ControlPanel/Graphic.php?IM=IM_eMb3pnSJgKC0VFk,0.6213565669784965,0.1553447256571647,0.01097512708044897
,,,attention,https://uwmadison.co1.qualtrics.com/ControlPanel/Graphic.php?IM=IM_e2rLzge28QpFG6y,-0.037905501384952744,-0.014062375327721453,-0.005464000211399804
bipoc,female,adult,anger,https://uwmadison.co1.qualtrics.com/ControlPanel/Graphic.php?IM=IM_9WTZdrQmZK2OL54,-0.17527664888627262,-0.07621594406559402,-0.16735842445374688
bipoc,female,child,anger,https://uwmadison.co1.qualtrics.com/ControlPanel/Graphic.php?IM=IM_824LzNsLYNku2OO,-0.19682146010630755,-0.04022149078285803,-0.28168655241084767
bipoc,male,adult,anger,https://uwmadison.co1.qualtrics.com/ControlPanel/Graphic.php?IM=IM_bkMyZNBgUg8ZlNY,-0.19277052352906526,-0.023377685459366093,-0.31892396990126043
bipoc,male,child,anger,https://uwmadison.co1.qualtrics.com/ControlPanel/Graphic.php?IM=IM_3rsoVFgV6TcS9fg,-0.18761030248675087,0.026578789754176702,-0.2606469011768223
white,female,adult,anger,https://uwmadison.co1.qualtrics.com/ControlPanel/Graphic.php?IM=IM_cPfESJKHoFDaWUe,-0.16113991305594322,-0.021359313159079917,-0.2989254688906435
white,female,child,anger,https://uwmadison.co1.qualtrics.com/ControlPanel/Graphic.php?IM=IM_bHfE8z5stIRm0zI,-0.18514876259568225,-0.00015980509278033708,-0.3024633371750112
white,male,adult,anger,https://uwmadison.co1.qualtrics.com/ControlPanel/Graphic.php?IM=IM_cCHIBQubXKS0CiO,-0.15166230838840028,-0.04750872922166535,-0.45058891564146714
white,male,child,anger,https://uwmadison.co1.qualtrics.com/ControlPanel/Graphic.php?IM=IM_5AcJkrT27k6XRmm,-0.1473687984070281,-0.02723851660326139,-0.25904778745703727
bipoc,female,adult,disgust,https://uwmadison.co1.qualtrics.com/ControlPanel/Graphic.php?IM=IM_bsHb1M3p1kgjsF0,-0.15699337033354857,-0.03935493997386031,-0.2017952601465179
bipoc,female,child,disgust,https://uwmadison.co1.qualtrics.com/ControlPanel/Graphic.php?IM=IM_0SwhYgwrLxTB3LM,0.10239427816139994,-0.010909133409599666,-0.09435966500134532
bipoc,male,adult,disgust,https://uwmadison.co1.qualtrics.com/ControlPanel/Graphic.php?IM=IM_bemvKCbRtShtR0a,-0.1634277414812604,-0.05050084286997239,-0.21549716680078346
bipoc,male,child,disgust,https://uwmadison.co1.qualtrics.com/ControlPanel/Graphic.php?IM=IM_7WCRz9fBbsgi9Qq,-0.1290376642847879,-0.0727690908643394,-0.1388299992643305
white,female,adult,disgust,https://uwmadison.co1.qualtrics.com/ControlPanel/Graphic.php?IM=IM_eKdiMX7YPesWOlU,-0.13057923048039086,-0.0858170032062348,-0.04758374643432653
white,female,child,disgust,https://uwmadison.co1.qualtrics.com/ControlPanel/Graphic.php?IM=IM_0JVrdbvlyGSXcLI,-0.09271271568195372,-0.014258248819323457,-0.1537504604424246
white,male,adult,disgust,https://uwmadison.co1.qualtrics.com/ControlPanel/Graphic.php?IM=IM_1zU5YqWz2acbM8K,-0.12384860395675412,-0.1882054849985965,0.10823250867707915
white,male,child,disgust,https://uwmadison.co1.qualtrics.com/ControlPanel/Graphic.php?IM=IM_74HB0t6zgma9YNw,-0.15217612991816992,-0.06808229034719332,-0.18417993539136834
bipoc,female,adult,fear,https://uwmadison.co1.qualtrics.com/ControlPanel/Graphic.php?IM=IM_0MwMgspcIIF1ew6,-0.14530235173606015,-0.1429267837408167,0.028591877987075666
bipoc,female,child,fear,https://uwmadison.co1.qualtrics.com/ControlPanel/Graphic.php?IM=IM_bHrOB3j3PtW4R0i,-0.10245296938152929,-0.32102249434208063,0.22537379306878735
bipoc,male,adult,fear,https://uwmadison.co1.qualtrics.com/ControlPanel/Graphic.php?IM=IM_8B72pKihkAZkIFU,-0.21850207076529876,0.3037014188992097,0.17085477952243763
bipoc,male,child,fear,https://uwmadison.co1.qualtrics.com/ControlPanel/Graphic.php?IM=IM_9mlWGWUpvpQZa5M,-0.34766647816177626,0.6172445965307529,0.3832500316321186
white,female,adult,fear,https://uwmadison.co1.qualtrics.com/ControlPanel/Graphic.php?IM=IM_e38mxw6nO1WY6Cq,-0.09667327664674809,-0.192221161907728,0.23067351909165562
white,female,child,fear,https://uwmadison.co1.qualtrics.com/ControlPanel/Graphic.php?IM=IM_cBJFYlMueaaR03k,-0.08956563389864726,-0.4335128140548539,0.2940933696054992
white,male,adult,fear,https://uwmadison.co1.qualtrics.com/ControlPanel/Graphic.php?IM=IM_4Z1hhf1G3PvXBci,-0.09483982799441278,-0.4299312632796657,0.3568766822433468
white,male,child,fear,https://uwmadison.co1.qualtrics.com/ControlPanel/Graphic.php?IM=IM_9mNPsRAgBbHenPM,-0.08227047030285019,-0.32711354238937357,0.3329742565696907
bipoc,female,adult,happiness,https://uwmadison.co1.qualtrics.com/ControlPanel/Graphic.php?IM=IM_0GtSGAki0COJYO2,0.7360329421868987,0.14409107714378813,0.03658092311350174
bipoc,female,child,happiness,https://uwmadison.co1.qualtrics.com/ControlPanel/Graphic.php?IM=IM_e2tmtlm0JLZje0S,0.43810513838565035,0.08956017669802575,-0.16979904159814288
bipoc,male,adult,happiness,https://uwmadison.co1.qualtrics.com/ControlPanel/Graphic.php?IM=IM_agxa9UIrTk07jxQ,0.6587345975521524,0.13631455246844826,0.003406478395862239
bipoc,male,child,happiness,https://uwmadison.co1.qualtrics.com/ControlPanel/Graphic.php?IM=IM_d060VdjZY82W38W,0.8477475352203598,0.19633617574115522,0.04941143078735575
white,female,adult,happiness,https://uwmadison.co1.qualtrics.com/ControlPanel/Graphic.php?IM=IM_57Gr1XAHK9uhWES,0.7937270438407917,0.1821524608833524,0.04362032082396493
white,female,child,happiness,https://uwmadison.co1.qualtrics.com/ControlPanel/Graphic.php?IM=IM_d5NMiWqa2jpUDLo,0.7698411325630715,0.15406768257000994,0.052220708529897415
white,male,adult,happiness,https://uwmadison.co1.qualtrics.com/ControlPanel/Graphic.php?IM=IM_3NR7AkPxBUkdOQe,0.826676719881014,0.19204832725141327,0.041816167423003724
white,male,child,happiness,https://uwmadison.co1.qualtrics.com/ControlPanel/Graphic.php?IM=IM_eWnGys8SLE5J3Cu,0.8260866659667799,0.19281082914546305,0.027306287916972524
bipoc,female,adult,neutral,https://uwmadison.co1.qualtrics.com/ControlPanel/Graphic.php?IM=IM_8Bsr2LNg85rxVgW,-0.11248724238869866,-0.040115284817753505,-0.4415600471982887
bipoc,female,child,neutral,https://uwmadison.co1.qualtrics.com/ControlPanel/Graphic.php?IM=IM_dmqopZwVD7uBVVY,0.11292737864599411,0.00015097267768344764,-0.31802275861091556
bipoc,male,adult,neutral,https://uwmadison.co1.qualtrics.com/ControlPanel/Graphic.php?IM=IM_2ubTkbpnURV3shw,-0.14541017144035256,0.0752092416955564,-0.25373412640455756
bipoc,male,child,neutral,https://uwmadison.co1.qualtrics.com/ControlPanel/Graphic.php?IM=IM_bJGSnsoGjBoS3VY,-0.12643239418954566,-0.07221290363746838,-0.4570457062248549
white,female,adult,neutral,https://uwmadison.co1.qualtrics.com/ControlPanel/Graphic.php?IM=IM_87jMTnzp24Gs0US,0.03079649379311957,-0.028337003694542017,-0.35966412739018966
white,female,child,neutral,https://uwmadison.co1.qualtrics.com/ControlPanel/Graphic.php?IM=IM_ePc7Ntc4cXqTP70,-0.08735935888533566,-0.052638241367347995,-0.4579183962817024
white,male,adult,neutral,https://uwmadison.co1.qualtrics.com/ControlPanel/Graphic.php?IM=IM_1X1sCzklzGvx2tg,-0.11268350014062582,-0.022648565873557232,-0.4112758664078687
white,male,child,neutral,https://uwmadison.co1.qualtrics.com/ControlPanel/Graphic.php?IM=IM_6EA9nLCkNjdA69M,-0.12129553732641707,-0.1304702856724841,-0.2743364634243031
bipoc,female,adult,sadness,https://uwmadison.co1.qualtrics.com/ControlPanel/Graphic.php?IM=IM_6A6ANrMmpt0lXFQ,-0.20966677278281146,0.11430193259391316,-0.026096767208316923
bipoc,female,child,sadness,https://uwmadison.co1.qualtrics.com/ControlPanel/Graphic.php?IM=IM_6AkMWXDnyOPXs6a,-0.18291746324127062,0.22075276039510686,0.12095248947004848
bipoc,male,adult,sadness,https://uwmadison.co1.qualtrics.com/ControlPanel/Graphic.php?IM=IM_0pvcXJMnnou5XxA,-0.360295600149569,0.6496406021674707,0.3943348381629956
bipoc,male,child,sadness,https://uwmadison.co1.qualtrics.com/ControlPanel/Graphic.php?IM=IM_7365JYEsalfFK3c,-0.29320922671930066,0.48668526775268445,0.24519417173669536
white,female,adult,sadness,https://uwmadison.co1.qualtrics.com/ControlPanel/Graphic.php?IM=IM_4ObHALgYpr6zhn8,-0.3447212917800061,0.5913402782946697,0.31032923249414235
white,female,child,sadness,https://uwmadison.co1.qualtrics.com/ControlPanel/Graphic.php?IM=IM_4ZMiIx0eAUH9slo,-0.2006094633806913,0.12247130849968059,-0.1703085906478963
white,male,adult,sadness,https://uwmadison.co1.qualtrics.com/ControlPanel/Graphic.php?IM=IM_8AHT36OY3USaPe6,-0.1424094878448638,-0.010482379193223394,-0.12127053675059261
white,male,child,sadness,https://uwmadison.co1.qualtrics.com/ControlPanel/Graphic.php?IM=IM_cSZwt3HTocE50jk,-0.36218096102808295,0.6410439998475493,0.35332749930137
bipoc,female,adult,surprise,https://uwmadison.co1.qualtrics.com/ControlPanel/Graphic.php?IM=IM_aXfd0rmn8jfxoQ6,-0.034002752119936905,-0.5455462897208476,0.4535517331464771
bipoc,female,child,surprise,https://uwmadison.co1.qualtrics.com/ControlPanel/Graphic.php?IM=IM_9Gq0h87bY58MZSu,0.4871222779791331,-0.10673490078107666,0.2413144866752736
bipoc,male,adult,surprise,https://uwmadison.co1.qualtrics.com/ControlPanel/Graphic.php?IM=IM_268vZXyUpVDK6MK,-0.02149438347201908,-0.2925039598321028,0.21647377512335425
bipoc,male,child,surprise,https://uwmadison.co1.qualtrics.com/ControlPanel/Graphic.php?IM=IM_0V7AZ7Xi8jOjmXY,-0.0877148870179443,-0.5182669813262766,0.4276573795521918
white,female,adult,surprise,https://uwmadison.co1.qualtrics.com/ControlPanel/Graphic.php?IM=IM_eeAoCMWS4pQvliK,-0.04660299357864881,-0.4295918970913594,0.3206148816649804
white,female,child,surprise,https://uwmadison.co1.qualtrics.com/ControlPanel/Graphic.php?IM=IM_eG4lj9qMfU2nUFg,0.11450421599232252,-0.34197470350293774,0.32777468392286885
white,male,adult,surprise,https://uwmadison.co1.qualtrics.com/ControlPanel/Graphic.php?IM=IM_eIZrStbqVC3oHTo,-0.06665869576926375,-0.6014381915644181,0.5092944675685026
white,male,child,surprise,https://uwmadison.co1.qualtrics.com/ControlPanel/Graphic.php?IM=IM_87ffNHa08KiAYbI,-0.09735703496308956,-0.2486813040330384,0.03335690120695828
bipoc,female,adult,uncertain,https://uwmadison.co1.qualtrics.com/ControlPanel/Graphic.php?IM=IM_bHLXUfPyLDklutg,0.48466596702845005,0.09260783608313575,-0.006609988184252539
bipoc,female,child,uncertain,https://uwmadison.co1.qualtrics.com/ControlPanel/Graphic.php?IM=IM_0MzywJJUHEiadCe,0.673490748776959,0.16609606944902397,0.04091739601463582
bipoc,male,adult,uncertain,https://uwmadison.co1.qualtrics.com/ControlPanel/Graphic.php?IM=IM_bw6Y8TC4DgP7vAq,-0.11182797672344684,-0.08344952578736745,-0.06345299033199864
bipoc,male,child,uncertain,https://uwmadison.co1.qualtrics.com/ControlPanel/Graphic.php?IM=IM_5yvfzLfqBDAE8XY,-0.058087059966623084,-0.06920581780561941,-0.06522598014888482
white,female,adult,uncertain,https://uwmadison.co1.qualtrics.com/ControlPanel/Graphic.php?IM=IM_a64Cxa5gtL3OHKS,-0.06359719523333288,-0.22403726612377356,0.08389345229086481
white,female,child,uncertain,https://uwmadison.co1.qualtrics.com/ControlPanel/Graphic.php?IM=IM_beic5cGPkQFDmhU,-0.08935453258382653,-0.03302601903671916,-0.16054975026178298
white,male,adult,uncertain,https://uwmadison.co1.qualtrics.com/ControlPanel/Graphic.php?IM=IM_8oGUDKsFJy6Upeu,-0.05939051728319331,-0.04425649388605882,-0.05146673267318368
white,male,child,uncertain,https://uwmadison.co1.qualtrics.com/ControlPanel/Graphic.php?IM=IM_9tcpk2rnvGGXq7A,-0.04414829008808391,-0.03465907020427726,-0.23164211951466634
