happiness,neutral,surprise,sadness,disgust,anger,fear,uncertain,photo_id,ethnicity,sex,age,label,url,happiness_neg,happiness_pos,happiness_neu,happiness_com,neutral_neg,neutral_pos,neutral_neu,neutral_com,surprise_neg,surprise_pos,surprise_neu,surprise_com,sadness_neg,sadness_pos,sadness_neu,sadness_com,disgust_neg,disgust_pos,disgust_neu,disgust_com,anger_neg,anger_pos,anger_neu,anger_com,fear_neg,fear_pos,fear_neu,fear_com,uncertain_neg,uncertain_pos,uncertain_neu,uncertain_com
1,19,1,0,5,14,0,7,Q2.1,bipoc,female,adult,anger,https://uwmadison.co1.qualtrics.com/ControlPanel/Graphic.php?IM=IM_bJXdODAZHOaG0rI,0.0,1.0,0.0,0.5574,0.0,0.0,19.0,0.0,0.0,1.0,0.0,0.2732,0.0,0.0,0.0,-0.0,5.0,0.0,0.0,-2.9970000000000003,14.0,0.0,0.0,-8.006599999999999,0.0,0.0,0.0,-0.0,7.0,0.0,0.0,-2.072
0,1,0,0,5,40,2,2,Q3.1,bipoc,female,child,anger,https://uwmadison.co1.qualtrics.com/ControlPanel/Graphic.php?IM=IM_37SAhyROGBWVpVs,0.0,0.0,0.0,0.0,0.0,0.0,1.0,0.0,0.0,0.0,0.0,0.0,0.0,0.0,0.0,-0.0,5.0,0.0,0.0,-2.9970000000000003,40.0,0.0,0.0,-22.875999999999998,2.0,0.0,0.0,-0.9878,2.0,0.0,0.0,-0.592
0,2,0,0,0,47,1,0,Q4.1,bipoc,male,adult,anger,https://uwmadison.co1.qualtrics.com/ControlPanel/Graphic.php?IM=IM_3QLhY3LefdXzwfI,0.0,0.0,0.0,0.0,0.0,0.0,2.0,0.0,0.0,0.0,0.0,0.0,0.0,0.0,0.0,-0.0,0.0,0.0,0.0,-0.0,47.0,0.0,0.0,-26.879299999999997,1.0,0.0,0.0,-0.4939,0.0,0.0,0.0,-0.0
0,1,3,17,2,8,4,9,Q5.1,bipoc,male,child,anger,https://uwmadison.co1.qualtrics.com/ControlPanel/Graphic.php?IM=IM_egtCOrU9KOm233M,0.0,0.0,0.0,0.0,0.0,0.0,1.0,0.0,0.0,3.0,0.0,0.8196,17.0,0.0,0.0,-7.486800000000001,2.0,0.0,0.0,-1.1988,8.0,0.0,0.0,-4.5752,4.0,0.0,0.0,-1.9756,9.0,0.0,0.0,-2.6639999999999997
0,5,2,0,1,35,1,2,Q6.1,white,female,adult,anger,https://uwmadison.co1.qualtrics.com/ControlPanel/Graphic.php?IM=IM_1Amo6fqrutcZYZo,0.0,0.0,0.0,0.0,0.0,0.0,5.0,0.0,0.0,2.0,0.0,0.5464,0.0,0.0,0.0,-0.0,1.0,0.0,0.0,-0.5994,35.0,0.0,0.0,-20.016499999999997,1.0,0.0,0.0,-0.4939,2.0,0.0,0.0,-0.592
0,1,0,15,2,31,2,0,Q7.1,white,female,child,anger,https://uwmadison.co1.qualtrics.com/ControlPanel/Graphic.php?IM=IM_1XqAx3FzoRDFZt4,0.0,0.0,0.0,0.0,0.0,0.0,1.0,0.0,0.0,0.0,0.0,0.0,15.0,0.0,0.0,-6.606,2.0,0.0,0.0,-1.1988,31.0,0.0,0.0,-17.7289,2.0,0.0,0.0,-0.9878,0.0,0.0,0.0,-0.0
0,13,1,1,5,17,1,7,Q8.1,white,male,adult,anger,https://uwmadison.co1.qualtrics.com/ControlPanel/Graphic.php?IM=IM_7PC2cgcyr5yUiOy,0.0,0.0,0.0,0.0,0.0,0.0,13.0,0.0,0.0,1.0,0.0,0.2732,1.0,0.0,0.0,-0.4404,5.0,0.0,0.0,-2.9970000000000003,17.0,0.0,0.0,-9.722299999999999,1.0,0.0,0.0,-0.4939,7.0,0.0,0.0,-2.072
11,2,0,0,1,24,0,5,Q9.1,white,male,child,anger,https://uwmadison.co1.qualtrics.com/ControlPanel/Graphic.php?IM=IM_9Gfr3sYkHq3hHG6,0.0,11.0,0.0,6.1314,0.0,0.0,2.0,0.0,0.0,0.0,0.0,0.0,0.0,0.0,0.0,-0.0,1.0,0.0,0.0,-0.5994,24.0,0.0,0.0,-13.7256,0.0,0.0,0.0,-0.0,5.0,0.0,0.0,-1.48
0,0,3,2,24,0,0,11,Q10.1,bipoc,female,adult,disgust,https://uwmadison.co1.qualtrics.com/ControlPanel/Graphic.php?IM=IM_cvFjQlP07m9S7VY,0.0,0.0,0.0,0.0,0.0,0.0,0.0,0.0,0.0,3.0,0.0,0.8196,2.0,0.0,0.0,-0.8808,24.0,0.0,0.0,-14.3856,0.0,0.0,0.0,-0.0,0.0,0.0,0.0,-0.0,11.0,0.0,0.0,-3.256
1,1,1,1,20,8,0,9,Q11.1,bipoc,female,child,disgust,https://uwmadison.co1.qualtrics.com/ControlPanel/Graphic.php?IM=IM_4Zxryb4o2ZDgHDo,0.0,1.0,0.0,0.5574,0.0,0.0,1.0,0.0,0.0,1.0,0.0,0.2732,1.0,0.0,0.0,-0.4404,20.0,0.0,0.0,-11.988000000000001,8.0,0.0,0.0,-4.5752,0.0,0.0,0.0,-0.0,9.0,0.0,0.0,-2.6639999999999997
0,0,1,1,34,12,1,2,Q12.1,bipoc,male,adult,disgust,https://uwmadison.co1.qualtrics.com/ControlPanel/Graphic.php?IM=IM_cIvdFisSzzSMNRI,0.0,0.0,0.0,0.0,0.0,0.0,0.0,0.0,0.0,1.0,0.0,0.2732,1.0,0.0,0.0,-0.4404,34.0,0.0,0.0,-20.3796,12.0,0.0,0.0,-6.8628,1.0,0.0,0.0,-0.4939,2.0,0.0,0.0,-0.592
1,1,14,0,18,9,0,4,Q13.1,bipoc,male,child,disgust,https://uwmadison.co1.qualtrics.com/ControlPanel/Graphic.php?IM=IM_envzka9NlloQh7g,0.0,1.0,0.0,0.5574,0.0,0.0,1.0,0.0,0.0,14.0,0.0,3.8247999999999998,0.0,0.0,0.0,-0.0,18.0,0.0,0.0,-10.789200000000001,9.0,0.0,0.0,-5.1471,0.0,0.0,0.0,-0.0,4.0,0.0,0.0,-1.184
0,1,0,2,41,3,1,2,Q14.1,white,female,adult,disgust,https://uwmadison.co1.qualtrics.com/ControlPanel/Graphic.php?IM=IM_er3kGiV5nUJCkse,0.0,0.0,0.0,0.0,0.0,0.0,1.0,0.0,0.0,0.0,0.0,0.0,2.0,0.0,0.0,-0.8808,41.0,0.0,0.0,-24.575400000000002,3.0,0.0,0.0,-1.7157,1.0,0.0,0.0,-0.4939,2.0,0.0,0.0,-0.592
26,0,3,0,10,2,0,3,Q15.1,white,female,child,disgust,https://uwmadison.co1.qualtrics.com/ControlPanel/Graphic.php?IM=IM_51ruTTJP1FaUeX4,0.0,26.0,0.0,14.4924,0.0,0.0,0.0,0.0,0.0,3.0,0.0,0.8196,0.0,0.0,0.0,-0.0,10.0,0.0,0.0,-5.994000000000001,2.0,0.0,0.0,-1.1438,0.0,0.0,0.0,-0.0,3.0,0.0,0.0,-0.8879999999999999
0,0,4,1,42,2,0,0,Q16.1,white,male,adult,disgust,https://uwmadison.co1.qualtrics.com/ControlPanel/Graphic.php?IM=IM_4Iuz8TahQUf5rCu,0.0,0.0,0.0,0.0,0.0,0.0,0.0,0.0,0.0,4.0,0.0,1.0928,1.0,0.0,0.0,-0.4404,42.0,0.0,0.0,-25.1748,2.0,0.0,0.0,-1.1438,0.0,0.0,0.0,-0.0,0.0,0.0,0.0,-0.0
5,1,2,1,23,10,1,5,Q17.1,white,male,child,disgust,https://uwmadison.co1.qualtrics.com/ControlPanel/Graphic.php?IM=IM_3dtGv9tzZmLa4Cy,0.0,5.0,0.0,2.787,0.0,0.0,1.0,0.0,0.0,2.0,0.0,0.5464,1.0,0.0,0.0,-0.4404,23.0,0.0,0.0,-13.786200000000001,10.0,0.0,0.0,-5.718999999999999,1.0,0.0,0.0,-0.4939,5.0,0.0,0.0,-1.48
2,1,2,3,8,3,29,1,Q18.1,bipoc,female,adult,fear,https://uwmadison.co1.qualtrics.com/ControlPanel/Graphic.php?IM=IM_6qVleJUYoACmf6C,0.0,2.0,0.0,1.1148,0.0,0.0,1.0,0.0,0.0,2.0,0.0,0.5464,3.0,0.0,0.0,-1.3212000000000002,8.0,0.0,0.0,-4.7952,3.0,0.0,0.0,-1.7157,29.0,0.0,0.0,-14.3231,1.0,0.0,0.0,-0.296
0,0,22,1,1,0,26,1,Q19.1,bipoc,female,child,fear,https://uwmadison.co1.qualtrics.com/ControlPanel/Graphic.php?IM=IM_4HJDfrqWWlJ7wRU,0.0,0.0,0.0,0.0,0.0,0.0,0.0,0.0,0.0,22.0,0.0,6.0104,1.0,0.0,0.0,-0.4404,1.0,0.0,0.0,-0.5994,0.0,0.0,0.0,-0.0,26.0,0.0,0.0,-12.8414,1.0,0.0,0.0,-0.296
0,0,5,4,9,1,29,1,Q20.1,bipoc,male,adult,fear,https://uwmadison.co1.qualtrics.com/ControlPanel/Graphic.php?IM=IM_54KW05fRgzNmLfE,0.0,0.0,0.0,0.0,0.0,0.0,0.0,0.0,0.0,5.0,0.0,1.366,4.0,0.0,0.0,-1.7616,9.0,0.0,0.0,-5.3946000000000005,1.0,0.0,0.0,-0.5719,29.0,0.0,0.0,-14.3231,1.0,0.0,0.0,-0.296
5,0,20,1,1,0,20,1,Q21.1,bipoc,male,child,fear,https://uwmadison.co1.qualtrics.com/ControlPanel/Graphic.php?IM=IM_aY2MoY6bfggUc9E,0.0,5.0,0.0,2.787,0.0,0.0,0.0,0.0,0.0,20.0,0.0,5.464,1.0,0.0,0.0,-0.4404,1.0,0.0,0.0,-0.5994,0.0,0.0,0.0,-0.0,20.0,0.0,0.0,-9.878,1.0,0.0,0.0,-0.296
2,0,39,1,0,0,8,0,Q22.1,white,female,adult,fear,https://uwmadison.co1.qualtrics.com/ControlPanel/Graphic.php?IM=IM_1H2GqqCbhjjnp3g,0.0,2.0,0.0,1.1148,0.0,0.0,0.0,0.0,0.0,39.0,0.0,10.6548,1.0,0.0,0.0,-0.4404,0.0,0.0,0.0,-0.0,0.0,0.0,0.0,-0.0,8.0,0.0,0.0,-3.9512,0.0,0.0,0.0,-0.0
0,0,1,18,4,2,24,1,Q23.1,white,female,child,fear,https://uwmadison.co1.qualtrics.com/ControlPanel/Graphic.php?IM=IM_cXRPI85VJ3YAOdo,0.0,0.0,0.0,0.0,0.0,0.0,0.0,0.0,0.0,1.0,0.0,0.2732,18.0,0.0,0.0,-7.9272,4.0,0.0,0.0,-2.3976,2.0,0.0,0.0,-1.1438,24.0,0.0,0.0,-11.8536,1.0,0.0,0.0,-0.296
1,2,14,0,3,1,23,5,Q24.1,white,male,adult,fear,https://uwmadison.co1.qualtrics.com/ControlPanel/Graphic.php?IM=IM_1z4YnfSQVdhj1Rk,0.0,1.0,0.0,0.5574,0.0,0.0,2.0,0.0,0.0,14.0,0.0,3.8247999999999998,0.0,0.0,0.0,-0.0,3.0,0.0,0.0,-1.7982,1.0,0.0,0.0,-0.5719,23.0,0.0,0.0,-11.3597,5.0,0.0,0.0,-1.48
6,2,26,0,1,2,3,3,Q25.1,white,male,child,fear,https://uwmadison.co1.qualtrics.com/ControlPanel/Graphic.php?IM=IM_24ukMlBx2IZMMuO,0.0,6.0,0.0,3.3444000000000003,0.0,0.0,2.0,0.0,0.0,26.0,0.0,7.1032,0.0,0.0,0.0,-0.0,1.0,0.0,0.0,-0.5994,2.0,0.0,0.0,-1.1438,3.0,0.0,0.0,-1.4817,3.0,0.0,0.0,-0.8879999999999999
19,22,1,1,1,0,0,3,Q26.1,bipoc,female,adult,happiness,https://uwmadison.co1.qualtrics.com/ControlPanel/Graphic.php?IM=IM_5uIGlackw1zchRY,0.0,19.0,0.0,10.5906,0.0,0.0,22.0,0.0,0.0,1.0,0.0,0.2732,1.0,0.0,0.0,-0.4404,1.0,0.0,0.0,-0.5994,0.0,0.0,0.0,-0.0,0.0,0.0,0.0,-0.0,3.0,0.0,0.0,-0.8879999999999999
48,0,0,0,0,0,1,0,Q27.1,bipoc,female,child,happiness,https://uwmadison.co1.qualtrics.com/ControlPanel/Graphic.php?IM=IM_1LJr1XMUNEEqjEq,0.0,48.0,0.0,26.755200000000002,0.0,0.0,0.0,0.0,0.0,0.0,0.0,0.0,0.0,0.0,0.0,-0.0,0.0,0.0,0.0,-0.0,0.0,0.0,0.0,-0.0,1.0,0.0,0.0,-0.4939,0.0,0.0,0.0,-0.0
36,8,2,0,0,1,0,2,Q28.1,bipoc,male,adult,happiness,https://uwmadison.co1.qualtrics.com/ControlPanel/Graphic.php?IM=IM_aVKZzBmzWSoXCXY,0.0,36.0,0.0,20.0664,0.0,0.0,8.0,0.0,0.0,2.0,0.0,0.5464,0.0,0.0,0.0,-0.0,0.0,0.0,0.0,-0.0,1.0,0.0,0.0,-0.5719,0.0,0.0,0.0,-0.0,2.0,0.0,0.0,-0.592
49,0,0,0,0,1,0,0,Q29.1,bipoc,male,child,happiness,https://uwmadison.co1.qualtrics.com/ControlPanel/Graphic.php?IM=IM_da53a1yGEedpOJg,0.0,49.0,0.0,27.3126,0.0,0.0,0.0,0.0,0.0,0.0,0.0,0.0,0.0,0.0,0.0,-0.0,0.0,0.0,0.0,-0.0,1.0,0.0,0.0,-0.5719,0.0,0.0,0.0,-0.0,0.0,0.0,0.0,-0.0
45,3,1,0,0,0,1,1,Q30.1,white,female,adult,happiness,https://uwmadison.co1.qualtrics.com/ControlPanel/Graphic.php?IM=IM_6hVt2pmEYV6YLwG,0.0,45.0,0.0,25.083000000000002,0.0,0.0,3.0,0.0,0.0,1.0,0.0,0.2732,0.0,0.0,0.0,-0.0,0.0,0.0,0.0,-0.0,0.0,0.0,0.0,-0.0,1.0,0.0,0.0,-0.4939,1.0,0.0,0.0,-0.296
46,0,1,0,0,0,0,1,Q31.1,white,female,child,happiness,https://uwmadison.co1.qualtrics.com/ControlPanel/Graphic.php?IM=IM_9shhhARAg1o8QcK,0.0,46.0,0.0,25.6404,0.0,0.0,0.0,0.0,0.0,1.0,0.0,0.2732,0.0,0.0,0.0,-0.0,0.0,0.0,0.0,-0.0,0.0,0.0,0.0,-0.0,0.0,0.0,0.0,-0.0,1.0,0.0,0.0,-0.296
41,1,6,0,0,0,0,3,Q32.1,white,male,adult,happiness,https://uwmadison.co1.qualtrics.com/ControlPanel/Graphic.php?IM=IM_3CWGONIxkNEfLbU,0.0,41.0,0.0,22.8534,0.0,0.0,1.0,0.0,0.0,6.0,0.0,1.6392,0.0,0.0,0.0,-0.0,0.0,0.0,0.0,-0.0,0.0,0.0,0.0,-0.0,0.0,0.0,0.0,-0.0,3.0,0.0,0.0,-0.8879999999999999
49,0,0,0,0,0,0,1,Q33.1,white,male,child,happiness,https://uwmadison.co1.qualtrics.com/ControlPanel/Graphic.php?IM=IM_0lBpULniZBM24Pc,0.0,49.0,0.0,27.3126,0.0,0.0,0.0,0.0,0.0,0.0,0.0,0.0,0.0,0.0,0.0,-0.0,0.0,0.0,0.0,-0.0,0.0,0.0,0.0,-0.0,0.0,0.0,0.0,-0.0,1.0,0.0,0.0,-0.296
0,33,0,1,0,1,3,10,Q34.1,bipoc,female,adult,neutral,https://uwmadison.co1.qualtrics.com/ControlPanel/Graphic.php?IM=IM_80TvOXpOXat9RxI,0.0,0.0,0.0,0.0,0.0,0.0,33.0,0.0,0.0,0.0,0.0,0.0,1.0,0.0,0.0,-0.4404,0.0,0.0,0.0,-0.0,1.0,0.0,0.0,-0.5719,3.0,0.0,0.0,-1.4817,10.0,0.0,0.0,-2.96
12,30,0,0,1,0,2,3,Q35.1,bipoc,female,child,neutral,https://uwmadison.co1.qualtrics.com/ControlPanel/Graphic.php?IM=IM_9H2fzde2Rkxr2VU,0.0,12.0,0.0,6.6888000000000005,0.0,0.0,30.0,0.0,0.0,0.0,0.0,0.0,0.0,0.0,0.0,-0.0,1.0,0.0,0.0,-0.5994,0.0,0.0,0.0,-0.0,2.0,0.0,0.0,-0.9878,3.0,0.0,0.0,-0.8879999999999999
0,32,0,6,4,2,0,5,Q36.1,bipoc,male,adult,neutral,https://uwmadison.co1.qualtrics.com/ControlPanel/Graphic.php?IM=IM_cMDFM510Dzc4NKu,0.0,0.0,0.0,0.0,0.0,0.0,32.0,0.0,0.0,0.0,0.0,0.0,6.0,0.0,0.0,-2.6424000000000003,4.0,0.0,0.0,-2.3976,2.0,0.0,0.0,-1.1438,0.0,0.0,0.0,-0.0,5.0,0.0,0.0,-1.48
0,35,0,3,1,5,1,2,Q37.1,bipoc,male,child,neutral,https://uwmadison.co1.qualtrics.com/ControlPanel/Graphic.php?IM=IM_aXk5I4i1e3iZEzk,0.0,0.0,0.0,0.0,0.0,0.0,35.0,0.0,0.0,0.0,0.0,0.0,3.0,0.0,0.0,-1.3212000000000002,1.0,0.0,0.0,-0.5994,5.0,0.0,0.0,-2.8594999999999997,1.0,0.0,0.0,-0.4939,2.0,0.0,0.0,-0.592
0,33,0,5,6,3,0,2,Q38.1,white,female,adult,neutral,https://uwmadison.co1.qualtrics.com/ControlPanel/Graphic.php?IM=IM_3lu3qPA43hGxJ4y,0.0,0.0,0.0,0.0,0.0,0.0,33.0,0.0,0.0,0.0,0.0,0.0,5.0,0.0,0.0,-2.202,6.0,0.0,0.0,-3.5964,3.0,0.0,0.0,-1.7157,0.0,0.0,0.0,-0.0,2.0,0.0,0.0,-0.592
2,39,0,1,1,0,2,2,Q39.1,white,female,child,neutral,https://uwmadison.co1.qualtrics.com/ControlPanel/Graphic.php?IM=IM_0pPXIzq4Mrfh7ka,0.0,2.0,0.0,1.1148,0.0,0.0,39.0,0.0,0.0,0.0,0.0,0.0,1.0,0.0,0.0,-0.4404,1.0,0.0,0.0,-0.5994,0.0,0.0,0.0,-0.0,2.0,0.0,0.0,-0.9878,2.0,0.0,0.0,-0.592
1,34,0,1,3,9,1,1,Q40.1,white,male,adult,neutral,https://uwmadison.co1.qualtrics.com/ControlPanel/Graphic.php?IM=IM_blolyGQSOOsUfLE,0.0,1.0,0.0,0.5574,0.0,0.0,34.0,0.0,0.0,0.0,0.0,0.0,1.0,0.0,0.0,-0.4404,3.0,0.0,0.0,-1.7982,9.0,0.0,0.0,-5.1471,1.0,0.0,0.0,-0.4939,1.0,0.0,0.0,-0.296
1,43,0,0,1,0,0,2,Q41.1,white,male,child,neutral,https://uwmadison.co1.qualtrics.com/ControlPanel/Graphic.php?IM=IM_aVlK7szVW3JAA4K,0.0,1.0,0.0,0.5574,0.0,0.0,43.0,0.0,0.0,0.0,0.0,0.0,0.0,0.0,0.0,-0.0,1.0,0.0,0.0,-0.5994,0.0,0.0,0.0,-0.0,0.0,0.0,0.0,-0.0,2.0,0.0,0.0,-0.592
1,0,1,40,3,1,1,1,Q42.1,bipoc,female,adult,sadness,https://uwmadison.co1.qualtrics.com/ControlPanel/Graphic.php?IM=IM_6KEpMh9qlyvMRAa,0.0,1.0,0.0,0.5574,0.0,0.0,0.0,0.0,0.0,1.0,0.0,0.2732,40.0,0.0,0.0,-17.616,3.0,0.0,0.0,-1.7982,1.0,0.0,0.0,-0.5719,1.0,0.0,0.0,-0.4939,1.0,0.0,0.0,-0.296
0,0,0,46,0,1,3,1,Q43.1,bipoc,female,child,sadness,https://uwmadison.co1.qualtrics.com/ControlPanel/Graphic.php?IM=IM_etimLaMrS2pVAAS,0.0,0.0,0.0,0.0,0.0,0.0,0.0,0.0,0.0,0.0,0.0,0.0,46.0,0.0,0.0,-20.2584,0.0,0.0,0.0,-0.0,1.0,0.0,0.0,-0.5719,3.0,0.0,0.0,-1.4817,1.0,0.0,0.0,-0.296
0,3,2,39,1,1,4,1,Q44.1,bipoc,male,adult,sadness,https://uwmadison.co1.qualtrics.com/ControlPanel/Graphic.php?IM=IM_dbf2dyj7KGtrN2e,0.0,0.0,0.0,0.0,0.0,0.0,3.0,0.0,0.0,2.0,0.0,0.5464,39.0,0.0,0.0,-17.1756,1.0,0.0,0.0,-0.5994,1.0,0.0,0.0,-0.5719,4.0,0.0,0.0,-1.9756,1.0,0.0,0.0,-0.296
1,0,0,49,0,0,1,0,Q45.1,bipoc,male,child,sadness,https://uwmadison.co1.qualtrics.com/ControlPanel/Graphic.php?IM=IM_eVzPpFKIfopOW1w,0.0,1.0,0.0,0.5574,0.0,0.0,0.0,0.0,0.0,0.0,0.0,0.0,49.0,0.0,0.0,-21.5796,0.0,0.0,0.0,-0.0,0.0,0.0,0.0,-0.0,1.0,0.0,0.0,-0.4939,0.0,0.0,0.0,-0.0
0,0,0,48,0,1,1,1,Q46.1,white,female,adult,sadness,https://uwmadison.co1.qualtrics.com/ControlPanel/Graphic.php?IM=IM_9EKbisrli19qicS,0.0,0.0,0.0,0.0,0.0,0.0,0.0,0.0,0.0,0.0,0.0,0.0,48.0,0.0,0.0,-21.139200000000002,0.0,0.0,0.0,-0.0,1.0,0.0,0.0,-0.5719,1.0,0.0,0.0,-0.4939,1.0,0.0,0.0,-0.296
0,0,1,48,0,1,0,1,Q47.1,white,female,child,sadness,https://uwmadison.co1.qualtrics.com/ControlPanel/Graphic.php?IM=IM_55Rjm0S1oR1ox1k,0.0,0.0,0.0,0.0,0.0,0.0,0.0,0.0,0.0,1.0,0.0,0.2732,48.0,0.0,0.0,-21.139200000000002,0.0,0.0,0.0,-0.0,1.0,0.0,0.0,-0.5719,0.0,0.0,0.0,-0.0,1.0,0.0,0.0,-0.296
0,16,0,14,6,1,2,9,Q48.1,white,male,adult,sadness,https://uwmadison.co1.qualtrics.com/ControlPanel/Graphic.php?IM=IM_8j4LSlE16vL228e,0.0,0.0,0.0,0.0,0.0,0.0,16.0,0.0,0.0,0.0,0.0,0.0,14.0,0.0,0.0,-6.1656,6.0,0.0,0.0,-3.5964,1.0,0.0,0.0,-0.5719,2.0,0.0,0.0,-0.9878,9.0,0.0,0.0,-2.6639999999999997
0,0,0,43,0,0,5,2,Q49.1,white,male,child,sadness,https://uwmadison.co1.qualtrics.com/ControlPanel/Graphic.php?IM=IM_1BzaOxAnlvpmh8i,0.0,0.0,0.0,0.0,0.0,0.0,0.0,0.0,0.0,0.0,0.0,0.0,43.0,0.0,0.0,-18.9372,0.0,0.0,0.0,-0.0,0.0,0.0,0.0,-0.0,5.0,0.0,0.0,-2.4695,2.0,0.0,0.0,-0.592
14,9,19,1,2,0,1,3,Q50.1,bipoc,female,adult,surprise,https://uwmadison.co1.qualtrics.com/ControlPanel/Graphic.php?IM=IM_8FZs4DGyzYKeKQ6,0.0,14.0,0.0,7.8036,0.0,0.0,9.0,0.0,0.0,19.0,0.0,5.1908,1.0,0.0,0.0,-0.4404,2.0,0.0,0.0,-1.1988,0.0,0.0,0.0,-0.0,1.0,0.0,0.0,-0.4939,3.0,0.0,0.0,-0.8879999999999999
4,2,27,0,0,0,4,1,Q51.1,bipoc,female,child,surprise,https://uwmadison.co1.qualtrics.com/ControlPanel/Graphic.php?IM=IM_06dsRWFrfc92PVI,0.0,4.0,0.0,2.2296,0.0,0.0,2.0,0.0,0.0,27.0,0.0,7.3764,0.0,0.0,0.0,-0.0,0.0,0.0,0.0,-0.0,0.0,0.0,0.0,-0.0,4.0,0.0,0.0,-1.9756,1.0,0.0,0.0,-0.296
1,0,44,0,1,1,0,2,Q52.1,bipoc,male,adult,surprise,https://uwmadison.co1.qualtrics.com/ControlPanel/Graphic.php?IM=IM_0JI5joczfCXyM4K,0.0,1.0,0.0,0.5574,0.0,0.0,0.0,0.0,0.0,44.0,0.0,12.0208,0.0,0.0,0.0,-0.0,1.0,0.0,0.0,-0.5994,1.0,0.0,0.0,-0.5719,0.0,0.0,0.0,-0.0,2.0,0.0,0.0,-0.592
33,0,11,0,0,0,0,1,Q53.1,bipoc,male,child,surprise,https://uwmadison.co1.qualtrics.com/ControlPanel/Graphic.php?IM=IM_39MTmWdmGCliDga,0.0,33.0,0.0,18.3942,0.0,0.0,0.0,0.0,0.0,11.0,0.0,3.0052,0.0,0.0,0.0,-0.0,0.0,0.0,0.0,-0.0,0.0,0.0,0.0,-0.0,0.0,0.0,0.0,-0.0,1.0,0.0,0.0,-0.296
1,7,25,0,4,0,0,3,Q54.1,white,female,adult,surprise,https://uwmadison.co1.qualtrics.com/ControlPanel/Graphic.php?IM=IM_1X6032Sa3Q1kaKa,0.0,1.0,0.0,0.5574,0.0,0.0,7.0,0.0,0.0,25.0,0.0,6.83,0.0,0.0,0.0,-0.0,4.0,0.0,0.0,-2.3976,0.0,0.0,0.0,-0.0,0.0,0.0,0.0,-0.0,3.0,0.0,0.0,-0.8879999999999999
0,2,45,1,0,0,0,2,Q55.1,white,female,child,surprise,https://uwmadison.co1.qualtrics.com/ControlPanel/Graphic.php?IM=IM_ah0qjH5kqDuQUhE,0.0,0.0,0.0,0.0,0.0,0.0,2.0,0.0,0.0,45.0,0.0,12.294,1.0,0.0,0.0,-0.4404,0.0,0.0,0.0,-0.0,0.0,0.0,0.0,-0.0,0.0,0.0,0.0,-0.0,2.0,0.0,0.0,-0.592
2,0,44,0,0,0,2,2,Q56.1,white,male,adult,surprise,https://uwmadison.co1.qualtrics.com/ControlPanel/Graphic.php?IM=IM_9yvGSAqzpAmAcT4,0.0,2.0,0.0,1.1148,0.0,0.0,0.0,0.0,0.0,44.0,0.0,12.0208,0.0,0.0,0.0,-0.0,0.0,0.0,0.0,-0.0,0.0,0.0,0.0,-0.0,2.0,0.0,0.0,-0.9878,2.0,0.0,0.0,-0.592
3,14,30,0,0,0,1,1,Q57.1,white,male,child,surprise,https://uwmadison.co1.qualtrics.com/ControlPanel/Graphic.php?IM=IM_dmTME6d2MAg1Tb8,0.0,3.0,0.0,1.6722000000000001,0.0,0.0,14.0,0.0,0.0,30.0,0.0,8.196,0.0,0.0,0.0,-0.0,0.0,0.0,0.0,-0.0,0.0,0.0,0.0,-0.0,1.0,0.0,0.0,-0.4939,1.0,0.0,0.0,-0.296
24,4,0,0,4,1,1,6,Q58.1,bipoc,female,adult,uncertain,https://uwmadison.co1.qualtrics.com/ControlPanel/Graphic.php?IM=IM_6x0zlBArY56cHem,0.0,24.0,0.0,13.377600000000001,0.0,0.0,4.0,0.0,0.0,0.0,0.0,0.0,0.0,0.0,0.0,-0.0,4.0,0.0,0.0,-2.3976,1.0,0.0,0.0,-0.5719,1.0,0.0,0.0,-0.4939,6.0,0.0,0.0,-1.7759999999999998
1,24,0,9,1,0,5,8,Q59.1,bipoc,female,child,uncertain,https://uwmadison.co1.qualtrics.com/ControlPanel/Graphic.php?IM=IM_9BqHT20xS13gotg,0.0,1.0,0.0,0.5574,0.0,0.0,24.0,0.0,0.0,0.0,0.0,0.0,9.0,0.0,0.0,-3.9636,1.0,0.0,0.0,-0.5994,0.0,0.0,0.0,-0.0,5.0,0.0,0.0,-2.4695,8.0,0.0,0.0,-2.368
7,6,0,0,1,1,1,5,Q60.1,bipoc,male,adult,uncertain,https://uwmadison.co1.qualtrics.com/ControlPanel/Graphic.php?IM=IM_8feaAnE3DavOGFg,0.0,7.0,0.0,3.9018,0.0,0.0,6.0,0.0,0.0,0.0,0.0,0.0,0.0,0.0,0.0,-0.0,1.0,0.0,0.0,-0.5994,1.0,0.0,0.0,-0.5719,1.0,0.0,0.0,-0.4939,5.0,0.0,0.0,-1.48
13,15,0,1,1,0,0,12,Q61.1,bipoc,male,child,uncertain,https://uwmadison.co1.qualtrics.com/ControlPanel/Graphic.php?IM=IM_0v92GxoJl7KL9HM,0.0,13.0,0.0,7.2462,0.0,0.0,15.0,0.0,0.0,0.0,0.0,0.0,1.0,0.0,0.0,-0.4404,1.0,0.0,0.0,-0.5994,0.0,0.0,0.0,-0.0,0.0,0.0,0.0,-0.0,12.0,0.0,0.0,-3.5519999999999996
0,4,2,1,21,9,3,3,Q62.1,white,female,adult,uncertain,https://uwmadison.co1.qualtrics.com/ControlPanel/Graphic.php?IM=IM_88R1RMz4mseoRkW,0.0,0.0,0.0,0.0,0.0,0.0,4.0,0.0,0.0,2.0,0.0,0.5464,1.0,0.0,0.0,-0.4404,21.0,0.0,0.0,-12.5874,9.0,0.0,0.0,-5.1471,3.0,0.0,0.0,-1.4817,3.0,0.0,0.0,-0.8879999999999999
2,3,0,19,5,10,0,4,Q63.1,white,female,child,uncertain,https://uwmadison.co1.qualtrics.com/ControlPanel/Graphic.php?IM=IM_8jkP8HhjPXmgNPE,0.0,2.0,0.0,1.1148,0.0,0.0,3.0,0.0,0.0,0.0,0.0,0.0,19.0,0.0,0.0,-8.3676,5.0,0.0,0.0,-2.9970000000000003,10.0,0.0,0.0,-5.718999999999999,0.0,0.0,0.0,-0.0,4.0,0.0,0.0,-1.184
1,3,9,1,3,1,0,10,Q64.1,white,male,adult,uncertain,https://uwmadison.co1.qualtrics.com/ControlPanel/Graphic.php?IM=IM_81e4y8XbeDW4Ew6,0.0,1.0,0.0,0.5574,0.0,0.0,3.0,0.0,0.0,9.0,0.0,2.4588,1.0,0.0,0.0,-0.4404,3.0,0.0,0.0,-1.7982,1.0,0.0,0.0,-0.5719,0.0,0.0,0.0,-0.0,10.0,0.0,0.0,-2.96
0,2,17,3,0,1,3,15,Q65.1,white,male,child,uncertain,https://uwmadison.co1.qualtrics.com/ControlPanel/Graphic.php?IM=IM_6lfDwHho7YysGIS,0.0,0.0,0.0,0.0,0.0,0.0,2.0,0.0,0.0,17.0,0.0,4.6444,3.0,0.0,0.0,-1.3212000000000002,0.0,0.0,0.0,-0.0,1.0,0.0,0.0,-0.5719,3.0,0.0,0.0,-1.4817,15.0,0.0,0.0,-4.4399999999999995
0,0,0,0,0,0,0,0,Q66.1,,,,attention,https://uwmadison.co1.qualtrics.com/ControlPanel/Graphic.php?IM=IM_bHKuEbEutfv7zuu,0.0,0.0,0.0,0.0,0.0,0.0,0.0,0.0,0.0,0.0,0.0,0.0,0.0,0.0,0.0,-0.0,0.0,0.0,0.0,-0.0,0.0,0.0,0.0,-0.0,0.0,0.0,0.0,-0.0,0.0,0.0,0.0,-0.0
0,0,0,5,6,36,0,3,Q67.1,bipoc,female,adult,anger,https://uwmadison.co1.qualtrics.com/ControlPanel/Graphic.php?IM=IM_6J5KVNyTENDNC4K,0.0,0.0,0.0,0.0,0.0,0.0,0.0,0.0,0.0,0.0,0.0,0.0,5.0,0.0,0.0,-2.202,6.0,0.0,0.0,-3.5964,36.0,0.0,0.0,-20.5884,0.0,0.0,0.0,-0.0,3.0,0.0,0.0,-0.8879999999999999
0,10,0,10,4,17,4,3,Q68.1,bipoc,female,child,anger,https://uwmadison.co1.qualtrics.com/ControlPanel/Graphic.php?IM=IM_ehdQVRQn8kI6rNI,0.0,0.0,0.0,0.0,0.0,0.0,10.0,0.0,0.0,0.0,0.0,0.0,10.0,0.0,0.0,-4.404,4.0,0.0,0.0,-2.3976,17.0,0.0,0.0,-9.722299999999999,4.0,0.0,0.0,-1.9756,3.0,0.0,0.0,-0.8879999999999999
0,16,1,4,10,15,0,3,Q69.1,bipoc,male,adult,anger,https://uwmadison.co1.qualtrics.com/ControlPanel/Graphic.php?IM=IM_4OulgTPxBAgu0Qu,0.0,0.0,0.0,0.0,0.0,0.0,16.0,0.0,0.0,1.0,0.0,0.2732,4.0,0.0,0.0,-1.7616,10.0,0.0,0.0,-5.994000000000001,15.0,0.0,0.0,-8.5785,0.0,0.0,0.0,-0.0,3.0,0.0,0.0,-0.8879999999999999
0,2,1,1,13,34,0,0,Q70.1,bipoc,male,child,anger,https://uwmadison.co1.qualtrics.com/ControlPanel/Graphic.php?IM=IM_82jdttMjk3552E6,0.0,0.0,0.0,0.0,0.0,0.0,2.0,0.0,0.0,1.0,0.0,0.2732,1.0,0.0,0.0,-0.4404,13.0,0.0,0.0,-7.7922,34.0,0.0,0.0,-19.444599999999998,0.0,0.0,0.0,-0.0,0.0,0.0,0.0,-0.0
1,0,0,0,7,38,1,3,Q71.1,white,female,adult,anger,https://uwmadison.co1.qualtrics.com/ControlPanel/Graphic.php?IM=IM_b1KYrTe9d0HebfU,0.0,1.0,0.0,0.5574,0.0,0.0,0.0,0.0,0.0,0.0,0.0,0.0,0.0,0.0,0.0,-0.0,7.0,0.0,0.0,-4.1958,38.0,0.0,0.0,-21.7322,1.0,0.0,0.0,-0.4939,3.0,0.0,0.0,-0.8879999999999999
1,1,1,4,18,12,1,7,Q72.1,white,female,child,anger,https://uwmadison.co1.qualtrics.com/ControlPanel/Graphic.php?IM=IM_3QtW28KFGllSVBI,0.0,1.0,0.0,0.5574,0.0,0.0,1.0,0.0,0.0,1.0,0.0,0.2732,4.0,0.0,0.0,-1.7616,18.0,0.0,0.0,-10.789200000000001,12.0,0.0,0.0,-6.8628,1.0,0.0,0.0,-0.4939,7.0,0.0,0.0,-2.072
0,0,2,0,2,44,1,2,Q73.1,white,male,adult,anger,https://uwmadison.co1.qualtrics.com/ControlPanel/Graphic.php?IM=IM_eb7s42ZIPiC9Z66,0.0,0.0,0.0,0.0,0.0,0.0,0.0,0.0,0.0,2.0,0.0,0.5464,0.0,0.0,0.0,-0.0,2.0,0.0,0.0,-1.1988,44.0,0.0,0.0,-25.1636,1.0,0.0,0.0,-0.4939,2.0,0.0,0.0,-0.592
0,0,0,0,6,39,0,2,Q74.1,white,male,child,anger,https://uwmadison.co1.qualtrics.com/ControlPanel/Graphic.php?IM=IM_dhTzFnZMWrTfBGK,0.0,0.0,0.0,0.0,0.0,0.0,0.0,0.0,0.0,0.0,0.0,0.0,0.0,0.0,0.0,-0.0,6.0,0.0,0.0,-3.5964,39.0,0.0,0.0,-22.3041,0.0,0.0,0.0,-0.0,2.0,0.0,0.0,-0.592
1,0,4,0,39,2,0,3,Q75.1,bipoc,female,adult,disgust,https://uwmadison.co1.qualtrics.com/ControlPanel/Graphic.php?IM=IM_0kOdQHclITzXgIC,0.0,1.0,0.0,0.5574,0.0,0.0,0.0,0.0,0.0,4.0,0.0,1.0928,0.0,0.0,0.0,-0.0,39.0,0.0,0.0,-23.376600000000003,2.0,0.0,0.0,-1.1438,0.0,0.0,0.0,-0.0,3.0,0.0,0.0,-0.8879999999999999
0,0,1,2,33,0,1,6,Q76.1,bipoc,female,child,disgust,https://uwmadison.co1.qualtrics.com/ControlPanel/Graphic.php?IM=IM_e9BJyTeFPLQ7ZUq,0.0,0.0,0.0,0.0,0.0,0.0,0.0,0.0,0.0,1.0,0.0,0.2732,2.0,0.0,0.0,-0.8808,33.0,0.0,0.0,-19.7802,0.0,0.0,0.0,-0.0,1.0,0.0,0.0,-0.4939,6.0,0.0,0.0,-1.7759999999999998
1,0,2,1,34,5,0,0,Q77.1,bipoc,male,adult,disgust,https://uwmadison.co1.qualtrics.com/ControlPanel/Graphic.php?IM=IM_1Zx26VAbwv9uFFQ,0.0,1.0,0.0,0.5574,0.0,0.0,0.0,0.0,0.0,2.0,0.0,0.5464,1.0,0.0,0.0,-0.4404,34.0,0.0,0.0,-20.3796,5.0,0.0,0.0,-2.8594999999999997,0.0,0.0,0.0,-0.0,0.0,0.0,0.0,-0.0
0,0,0,0,30,16,2,2,Q78.1,bipoc,male,child,disgust,https://uwmadison.co1.qualtrics.com/ControlPanel/Graphic.php?IM=IM_bjzYq2UEKkXH7aC,0.0,0.0,0.0,0.0,0.0,0.0,0.0,0.0,0.0,0.0,0.0,0.0,0.0,0.0,0.0,-0.0,30.0,0.0,0.0,-17.982000000000003,16.0,0.0,0.0,-9.1504,2.0,0.0,0.0,-0.9878,2.0,0.0,0.0,-0.592
1,1,2,4,30,0,0,8,Q79.1,white,female,adult,disgust,https://uwmadison.co1.qualtrics.com/ControlPanel/Graphic.php?IM=IM_5hkOSrFORUoHopM,0.0,1.0,0.0,0.5574,0.0,0.0,1.0,0.0,0.0,2.0,0.0,0.5464,4.0,0.0,0.0,-1.7616,30.0,0.0,0.0,-17.982000000000003,0.0,0.0,0.0,-0.0,0.0,0.0,0.0,-0.0,8.0,0.0,0.0,-2.368
8,0,0,1,25,6,1,4,Q80.1,white,female,child,disgust,https://uwmadison.co1.qualtrics.com/ControlPanel/Graphic.php?IM=IM_244QOC2to2Jetca,0.0,8.0,0.0,4.4592,0.0,0.0,0.0,0.0,0.0,0.0,0.0,0.0,1.0,0.0,0.0,-0.4404,25.0,0.0,0.0,-14.985000000000001,6.0,0.0,0.0,-3.4314,1.0,0.0,0.0,-0.4939,4.0,0.0,0.0,-1.184
2,1,0,3,43,0,0,2,Q81.1,white,male,adult,disgust,https://uwmadison.co1.qualtrics.com/ControlPanel/Graphic.php?IM=IM_7aEgC4sWsfM5I5E,0.0,2.0,0.0,1.1148,0.0,0.0,1.0,0.0,0.0,0.0,0.0,0.0,3.0,0.0,0.0,-1.3212000000000002,43.0,0.0,0.0,-25.7742,0.0,0.0,0.0,-0.0,0.0,0.0,0.0,-0.0,2.0,0.0,0.0,-0.592
0,2,0,1,29,14,0,2,Q82.1,white,male,child,disgust,https://uwmadison.co1.qualtrics.com/ControlPanel/Graphic.php?IM=IM_7P182C9dn0ypgtE,0.0,0.0,0.0,0.0,0.0,0.0,2.0,0.0,0.0,0.0,0.0,0.0,1.0,0.0,0.0,-0.4404,29.0,0.0,0.0,-17.3826,14.0,0.0,0.0,-8.006599999999999,0.0,0.0,0.0,-0.0,2.0,0.0,0.0,-0.592
0,0,3,9,2,0,34,2,Q83.1,bipoc,female,adult,fear,https://uwmadison.co1.qualtrics.com/ControlPanel/Graphic.php?IM=IM_9tzXvOnfZ589gH4,0.0,0.0,0.0,0.0,0.0,0.0,0.0,0.0,0.0,3.0,0.0,0.8196,9.0,0.0,0.0,-3.9636,2.0,0.0,0.0,-1.1988,0.0,0.0,0.0,-0.0,34.0,0.0,0.0,-16.7926,2.0,0.0,0.0,-0.592
0,1,0,39,3,1,7,0,Q84.1,bipoc,female,child,fear,https://uwmadison.co1.qualtrics.com/ControlPanel/Graphic.php?IM=IM_0BVeUJelcjahWwC,0.0,0.0,0.0,0.0,0.0,0.0,1.0,0.0,0.0,0.0,0.0,0.0,39.0,0.0,0.0,-17.1756,3.0,0.0,0.0,-1.7982,1.0,0.0,0.0,-0.5719,7.0,0.0,0.0,-3.4573,0.0,0.0,0.0,-0.0
0,0,27,1,5,0,17,1,Q85.1,bipoc,male,adult,fear,https://uwmadison.co1.qualtrics.com/ControlPanel/Graphic.php?IM=IM_e3vAzbw1fMlXZyu,0.0,0.0,0.0,0.0,0.0,0.0,0.0,0.0,0.0,27.0,0.0,7.3764,1.0,0.0,0.0,-0.4404,5.0,0.0,0.0,-2.9970000000000003,0.0,0.0,0.0,-0.0,17.0,0.0,0.0,-8.3963,1.0,0.0,0.0,-0.296
1,4,16,1,2,0,10,7,Q86.1,bipoc,male,child,fear,https://uwmadison.co1.qualtrics.com/ControlPanel/Graphic.php?IM=IM_byJrSqTzp3ZhZ9Y,0.0,1.0,0.0,0.5574,0.0,0.0,4.0,0.0,0.0,16.0,0.0,4.3712,1.0,0.0,0.0,-0.4404,2.0,0.0,0.0,-1.1988,0.0,0.0,0.0,-0.0,10.0,0.0,0.0,-4.939,7.0,0.0,0.0,-2.072
6,0,22,1,0,7,9,5,Q87.1,white,female,adult,fear,https://uwmadison.co1.qualtrics.com/ControlPanel/Graphic.php?IM=IM_5AWayt9Py1ZQmUe,0.0,6.0,0.0,3.3444000000000003,0.0,0.0,0.0,0.0,0.0,22.0,0.0,6.0104,1.0,0.0,0.0,-0.4404,0.0,0.0,0.0,-0.0,7.0,0.0,0.0,-4.003299999999999,9.0,0.0,0.0,-4.4451,5.0,0.0,0.0,-1.48
0,0,45,1,0,0,2,1,Q88.1,white,female,child,fear,https://uwmadison.co1.qualtrics.com/ControlPanel/Graphic.php?IM=IM_40G6uAIeohgXMGi,0.0,0.0,0.0,0.0,0.0,0.0,0.0,0.0,0.0,45.0,0.0,12.294,1.0,0.0,0.0,-0.4404,0.0,0.0,0.0,-0.0,0.0,0.0,0.0,-0.0,2.0,0.0,0.0,-0.9878,1.0,0.0,0.0,-0.296
0,2,6,7,10,1,15,8,Q89.1,white,male,adult,fear,https://uwmadison.co1.qualtrics.com/ControlPanel/Graphic.php?IM=IM_9WR2cEWgwYWx7sa,0.0,0.0,0.0,0.0,0.0,0.0,2.0,0.0,0.0,6.0,0.0,1.6392,7.0,0.0,0.0,-3.0828,10.0,0.0,0.0,-5.994000000000001,1.0,0.0,0.0,-0.5719,15.0,0.0,0.0,-7.4085,8.0,0.0,0.0,-2.368
2,4,6,23,0,0,13,1,Q90.1,white,male,child,fear,https://uwmadison.co1.qualtrics.com/ControlPanel/Graphic.php?IM=IM_0AKqpsdouereE5M,0.0,2.0,0.0,1.1148,0.0,0.0,4.0,0.0,0.0,6.0,0.0,1.6392,23.0,0.0,0.0,-10.1292,0.0,0.0,0.0,-0.0,0.0,0.0,0.0,-0.0,13.0,0.0,0.0,-6.4207,1.0,0.0,0.0,-0.296
48,0,0,3,0,0,0,0,Q91.1,bipoc,female,adult,happiness,https://uwmadison.co1.qualtrics.com/ControlPanel/Graphic.php?IM=IM_0xPTvIpG1sPU3QO,0.0,48.0,0.0,26.755200000000002,0.0,0.0,0.0,0.0,0.0,0.0,0.0,0.0,3.0,0.0,0.0,-1.3212000000000002,0.0,0.0,0.0,-0.0,0.0,0.0,0.0,-0.0,0.0,0.0,0.0,-0.0,0.0,0.0,0.0,-0.0
43,3,1,0,1,0,0,2,Q92.1,bipoc,female,child,happiness,https://uwmadison.co1.qualtrics.com/ControlPanel/Graphic.php?IM=IM_cGTIBhdTVZFLwdE,0.0,43.0,0.0,23.9682,0.0,0.0,3.0,0.0,0.0,1.0,0.0,0.2732,0.0,0.0,0.0,-0.0,1.0,0.0,0.0,-0.5994,0.0,0.0,0.0,-0.0,0.0,0.0,0.0,-0.0,2.0,0.0,0.0,-0.592
47,2,0,0,1,0,0,1,Q93.1,bipoc,male,adult,happiness,https://uwmadison.co1.qualtrics.com/ControlPanel/Graphic.php?IM=IM_bEDlxRqiOdpCl1Q,0.0,47.0,0.0,26.1978,0.0,0.0,2.0,0.0,0.0,0.0,0.0,0.0,0.0,0.0,0.0,-0.0,1.0,0.0,0.0,-0.5994,0.0,0.0,0.0,-0.0,0.0,0.0,0.0,-0.0,1.0,0.0,0.0,-0.296
45,3,0,0,1,0,1,1,Q94.1,bipoc,male,child,happiness,https://uwmadison.co1.qualtrics.com/ControlPanel/Graphic.php?IM=IM_0UkPGjTodmzqM9U,0.0,45.0,0.0,25.083000000000002,0.0,0.0,3.0,0.0,0.0,0.0,0.0,0.0,0.0,0.0,0.0,-0.0,1.0,0.0,0.0,-0.5994,0.0,0.0,0.0,-0.0,1.0,0.0,0.0,-0.4939,1.0,0.0,0.0,-0.296
33,9,0,0,1,0,0,5,Q95.1,white,female,adult,happiness,https://uwmadison.co1.qualtrics.com/ControlPanel/Graphic.php?IM=IM_3sodPsRm6g6as06,0.0,33.0,0.0,18.3942,0.0,0.0,9.0,0.0,0.0,0.0,0.0,0.0,0.0,0.0,0.0,-0.0,1.0,0.0,0.0,-0.5994,0.0,0.0,0.0,-0.0,0.0,0.0,0.0,-0.0,5.0,0.0,0.0,-1.48
44,1,1,1,0,0,1,2,Q96.1,white,female,child,happiness,https://uwmadison.co1.qualtrics.com/ControlPanel/Graphic.php?IM=IM_aWrmbq9vyHFZmTk,0.0,44.0,0.0,24.5256,0.0,0.0,1.0,0.0,0.0,1.0,0.0,0.2732,1.0,0.0,0.0,-0.4404,0.0,0.0,0.0,-0.0,0.0,0.0,0.0,-0.0,1.0,0.0,0.0,-0.4939,2.0,0.0,0.0,-0.592
49,1,0,0,0,0,0,1,Q97.1,white,male,adult,happiness,https://uwmadison.co1.qualtrics.com/ControlPanel/Graphic.php?IM=IM_ewCuSR8n6UYi2MK,0.0,49.0,0.0,27.3126,0.0,0.0,1.0,0.0,0.0,0.0,0.0,0.0,0.0,0.0,0.0,-0.0,0.0,0.0,0.0,-0.0,0.0,0.0,0.0,-0.0,0.0,0.0,0.0,-0.0,1.0,0.0,0.0,-0.296
48,0,0,2,1,0,0,0,Q98.1,white,male,child,happiness,https://uwmadison.co1.qualtrics.com/ControlPanel/Graphic.php?IM=IM_2hrynYgwGLMuDUG,0.0,48.0,0.0,26.755200000000002,0.0,0.0,0.0,0.0,0.0,0.0,0.0,0.0,2.0,0.0,0.0,-0.8808,1.0,0.0,0.0,-0.5994,0.0,0.0,0.0,-0.0,0.0,0.0,0.0,-0.0,0.0,0.0,0.0,-0.0
0,34,0,1,0,11,0,3,Q99.1,bipoc,female,adult,neutral,https://uwmadison.co1.qualtrics.com/ControlPanel/Graphic.php?IM=IM_39Riowawi2KEmV0,0.0,0.0,0.0,0.0,0.0,0.0,34.0,0.0,0.0,0.0,0.0,0.0,1.0,0.0,0.0,-0.4404,0.0,0.0,0.0,-0.0,11.0,0.0,0.0,-6.2909,0.0,0.0,0.0,-0.0,3.0,0.0,0.0,-0.8879999999999999
1,37,2,2,0,0,0,4,Q100.1,bipoc,female,child,neutral,https://uwmadison.co1.qualtrics.com/ControlPanel/Graphic.php?IM=IM_5bFJqMaV53Zsy0K,0.0,1.0,0.0,0.5574,0.0,0.0,37.0,0.0,0.0,2.0,0.0,0.5464,2.0,0.0,0.0,-0.8808,0.0,0.0,0.0,-0.0,0.0,0.0,0.0,-0.0,0.0,0.0,0.0,-0.0,4.0,0.0,0.0,-1.184
0,35,1,6,0,2,0,4,Q101.1,bipoc,male,adult,neutral,https://uwmadison.co1.qualtrics.com/ControlPanel/Graphic.php?IM=IM_3gSfRO9Zt2G8NP8,0.0,0.0,0.0,0.0,0.0,0.0,35.0,0.0,0.0,1.0,0.0,0.2732,6.0,0.0,0.0,-2.6424000000000003,0.0,0.0,0.0,-0.0,2.0,0.0,0.0,-1.1438,0.0,0.0,0.0,-0.0,4.0,0.0,0.0,-1.184
0,35,2,1,0,1,1,7,Q102.1,bipoc,male,child,neutral,https://uwmadison.co1.qualtrics.com/ControlPanel/Graphic.php?IM=IM_bw2zfW24xOcYU9o,0.0,0.0,0.0,0.0,0.0,0.0,35.0,0.0,0.0,2.0,0.0,0.5464,1.0,0.0,0.0,-0.4404,0.0,0.0,0.0,-0.0,1.0,0.0,0.0,-0.5719,1.0,0.0,0.0,-0.4939,7.0,0.0,0.0,-2.072
1,39,0,0,4,0,0,3,Q103.1,white,female,adult,neutral,https://uwmadison.co1.qualtrics.com/ControlPanel/Graphic.php?IM=IM_bqKH78xvssoHVoG,0.0,1.0,0.0,0.5574,0.0,0.0,39.0,0.0,0.0,0.0,0.0,0.0,0.0,0.0,0.0,-0.0,4.0,0.0,0.0,-2.3976,0.0,0.0,0.0,-0.0,0.0,0.0,0.0,-0.0,3.0,0.0,0.0,-0.8879999999999999
1,31,2,1,0,0,2,9,Q104.1,white,female,child,neutral,https://uwmadison.co1.qualtrics.com/ControlPanel/Graphic.php?IM=IM_7WGuIqyEG3TilMi,0.0,1.0,0.0,0.5574,0.0,0.0,31.0,0.0,0.0,2.0,0.0,0.5464,1.0,0.0,0.0,-0.4404,0.0,0.0,0.0,-0.0,0.0,0.0,0.0,-0.0,2.0,0.0,0.0,-0.9878,9.0,0.0,0.0,-2.6639999999999997
1,35,4,0,3,1,0,2,Q105.1,white,male,adult,neutral,https://uwmadison.co1.qualtrics.com/ControlPanel/Graphic.php?IM=IM_9zQEAVQQyKfTlUG,0.0,1.0,0.0,0.5574,0.0,0.0,35.0,0.0,0.0,4.0,0.0,1.0928,0.0,0.0,0.0,-0.0,3.0,0.0,0.0,-1.7982,1.0,0.0,0.0,-0.5719,0.0,0.0,0.0,-0.0,2.0,0.0,0.0,-0.592
0,40,0,2,0,0,1,4,Q106.1,white,male,child,neutral,https://uwmadison.co1.qualtrics.com/ControlPanel/Graphic.php?IM=IM_7PAyQLJg8l8nBSS,0.0,0.0,0.0,0.0,0.0,0.0,40.0,0.0,0.0,0.0,0.0,0.0,2.0,0.0,0.0,-0.8808,0.0,0.0,0.0,-0.0,0.0,0.0,0.0,-0.0,1.0,0.0,0.0,-0.4939,4.0,0.0,0.0,-1.184
0,2,0,39,1,0,4,3,Q107.1,bipoc,female,adult,sadness,https://uwmadison.co1.qualtrics.com/ControlPanel/Graphic.php?IM=IM_83amQw1mO0Wac06,0.0,0.0,0.0,0.0,0.0,0.0,2.0,0.0,0.0,0.0,0.0,0.0,39.0,0.0,0.0,-17.1756,1.0,0.0,0.0,-0.5994,0.0,0.0,0.0,-0.0,4.0,0.0,0.0,-1.9756,3.0,0.0,0.0,-0.8879999999999999
1,0,0,30,1,12,7,0,Q108.1,bipoc,female,child,sadness,https://uwmadison.co1.qualtrics.com/ControlPanel/Graphic.php?IM=IM_73Yp8FVd9OfjPP8,0.0,1.0,0.0,0.5574,0.0,0.0,0.0,0.0,0.0,0.0,0.0,0.0,30.0,0.0,0.0,-13.212,1.0,0.0,0.0,-0.5994,12.0,0.0,0.0,-6.8628,7.0,0.0,0.0,-3.4573,0.0,0.0,0.0,-0.0
0,0,1,48,1,0,1,0,Q109.1,bipoc,male,adult,sadness,https://uwmadison.co1.qualtrics.com/ControlPanel/Graphic.php?IM=IM_dahScWh9wdBUhlY,0.0,0.0,0.0,0.0,0.0,0.0,0.0,0.0,0.0,1.0,0.0,0.2732,48.0,0.0,0.0,-21.139200000000002,1.0,0.0,0.0,-0.5994,0.0,0.0,0.0,-0.0,1.0,0.0,0.0,-0.4939,0.0,0.0,0.0,-0.0
0,0,0,34,1,9,6,1,Q110.1,bipoc,male,child,sadness,https://uwmadison.co1.qualtrics.com/ControlPanel/Graphic.php?IM=IM_77jUBNTFvgA7yxU,0.0,0.0,0.0,0.0,0.0,0.0,0.0,0.0,0.0,0.0,0.0,0.0,34.0,0.0,0.0,-14.973600000000001,1.0,0.0,0.0,-0.5994,9.0,0.0,0.0,-5.1471,6.0,0.0,0.0,-2.9634,1.0,0.0,0.0,-0.296
0,7,0,33,2,6,2,1,Q111.1,white,female,adult,sadness,https://uwmadison.co1.qualtrics.com/ControlPanel/Graphic.php?IM=IM_7NHotnPd2lT9Foa,0.0,0.0,0.0,0.0,0.0,0.0,7.0,0.0,0.0,0.0,0.0,0.0,33.0,0.0,0.0,-14.5332,2.0,0.0,0.0,-1.1988,6.0,0.0,0.0,-3.4314,2.0,0.0,0.0,-0.9878,1.0,0.0,0.0,-0.296
0,0,1,48,0,0,1,0,Q112.1,white,female,child,sadness,https://uwmadison.co1.qualtrics.com/ControlPanel/Graphic.php?IM=IM_0pqIA60jUTgdaQe,0.0,0.0,0.0,0.0,0.0,0.0,0.0,0.0,0.0,1.0,0.0,0.2732,48.0,0.0,0.0,-21.139200000000002,0.0,0.0,0.0,-0.0,0.0,0.0,0.0,-0.0,1.0,0.0,0.0,-0.4939,0.0,0.0,0.0,-0.0
0,22,1,26,0,0,1,1,Q113.1,white,male,adult,sadness,https://uwmadison.co1.qualtrics.com/ControlPanel/Graphic.php?IM=IM_bNT78GDXgMqiTLU,0.0,0.0,0.0,0.0,0.0,0.0,22.0,0.0,0.0,1.0,0.0,0.2732,26.0,0.0,0.0,-11.4504,0.0,0.0,0.0,-0.0,0.0,0.0,0.0,-0.0,1.0,0.0,0.0,-0.4939,1.0,0.0,0.0,-0.296
0,0,0,46,1,1,1,2,Q114.1,white,male,child,sadness,https://uwmadison.co1.qualtrics.com/ControlPanel/Graphic.php?IM=IM_5au9MLWYoSZyrj0,0.0,0.0,0.0,0.0,0.0,0.0,0.0,0.0,0.0,0.0,0.0,0.0,46.0,0.0,0.0,-20.2584,1.0,0.0,0.0,-0.5994,1.0,0.0,0.0,-0.5719,1.0,0.0,0.0,-0.4939,2.0,0.0,0.0,-0.592
11,1,33,0,1,1,0,3,Q115.1,bipoc,female,adult,surprise,https://uwmadison.co1.qualtrics.com/ControlPanel/Graphic.php?IM=IM_bjThcsBImEknzmu,0.0,11.0,0.0,6.1314,0.0,0.0,1.0,0.0,0.0,33.0,0.0,9.0156,0.0,0.0,0.0,-0.0,1.0,0.0,0.0,-0.5994,1.0,0.0,0.0,-0.5719,0.0,0.0,0.0,-0.0,3.0,0.0,0.0,-0.8879999999999999
0,17,15,2,1,1,2,8,Q116.1,bipoc,female,child,surprise,https://uwmadison.co1.qualtrics.com/ControlPanel/Graphic.php?IM=IM_71mMacKzqNZRVpc,0.0,0.0,0.0,0.0,0.0,0.0,17.0,0.0,0.0,15.0,0.0,4.098,2.0,0.0,0.0,-0.8808,1.0,0.0,0.0,-0.5994,1.0,0.0,0.0,-0.5719,2.0,0.0,0.0,-0.9878,8.0,0.0,0.0,-2.368
0,5,21,0,1,1,13,6,Q117.1,bipoc,male,adult,surprise,https://uwmadison.co1.qualtrics.com/ControlPanel/Graphic.php?IM=IM_aaEwobdBBZ4nn02,0.0,0.0,0.0,0.0,0.0,0.0,5.0,0.0,0.0,21.0,0.0,5.7372,0.0,0.0,0.0,-0.0,1.0,0.0,0.0,-0.5994,1.0,0.0,0.0,-0.5719,13.0,0.0,0.0,-6.4207,6.0,0.0,0.0,-1.7759999999999998
10,1,18,0,1,0,20,0,Q118.1,bipoc,male,child,surprise,https://uwmadison.co1.qualtrics.com/ControlPanel/Graphic.php?IM=IM_cwfzFfgNMrzdDeu,0.0,10.0,0.0,5.574,0.0,0.0,1.0,0.0,0.0,18.0,0.0,4.9176,0.0,0.0,0.0,-0.0,1.0,0.0,0.0,-0.5994,0.0,0.0,0.0,-0.0,20.0,0.0,0.0,-9.878,0.0,0.0,0.0,-0.0
1,1,47,0,1,0,0,1,Q119.1,white,female,adult,surprise,https://uwmadison.co1.qualtrics.com/ControlPanel/Graphic.php?IM=IM_2s03op8efMn39Eq,0.0,1.0,0.0,0.5574,0.0,0.0,1.0,0.0,0.0,47.0,0.0,12.8404,0.0,0.0,0.0,-0.0,1.0,0.0,0.0,-0.5994,0.0,0.0,0.0,-0.0,0.0,0.0,0.0,-0.0,1.0,0.0,0.0,-0.296
1,13,27,0,0,0,1,7,Q120.1,white,female,child,surprise,https://uwmadison.co1.qualtrics.com/ControlPanel/Graphic.php?IM=IM_3VrkAIN5BOdlfWm,0.0,1.0,0.0,0.5574,0.0,0.0,13.0,0.0,0.0,27.0,0.0,7.3764,0.0,0.0,0.0,-0.0,0.0,0.0,0.0,-0.0,0.0,0.0,0.0,-0.0,1.0,0.0,0.0,-0.4939,7.0,0.0,0.0,-2.072
1,0,34,1,0,1,13,0,Q121.1,white,male,adult,surprise,https://uwmadison.co1.qualtrics.com/ControlPanel/Graphic.php?IM=IM_2004WZkMOAt3rVk,0.0,1.0,0.0,0.5574,0.0,0.0,0.0,0.0,0.0,34.0,0.0,9.2888,1.0,0.0,0.0,-0.4404,0.0,0.0,0.0,-0.0,1.0,0.0,0.0,-0.5719,13.0,0.0,0.0,-6.4207,0.0,0.0,0.0,-0.0
4,0,20,0,0,14,6,4,Q122.1,white,male,child,surprise,https://uwmadison.co1.qualtrics.com/ControlPanel/Graphic.php?IM=IM_0Tk0DUpmSjqZP9Q,0.0,4.0,0.0,2.2296,0.0,0.0,0.0,0.0,0.0,20.0,0.0,5.464,0.0,0.0,0.0,-0.0,0.0,0.0,0.0,-0.0,14.0,0.0,0.0,-8.006599999999999,6.0,0.0,0.0,-2.9634,4.0,0.0,0.0,-1.184
1,10,5,0,5,0,1,10,Q123.1,bipoc,female,adult,uncertain,https://uwmadison.co1.qualtrics.com/ControlPanel/Graphic.php?IM=IM_74kgKNSWDU7crjM,0.0,1.0,0.0,0.5574,0.0,0.0,10.0,0.0,0.0,5.0,0.0,1.366,0.0,0.0,0.0,-0.0,5.0,0.0,0.0,-2.9970000000000003,0.0,0.0,0.0,-0.0,1.0,0.0,0.0,-0.4939,10.0,0.0,0.0,-2.96
8,3,1,0,2,0,1,13,Q124.1,bipoc,female,child,uncertain,https://uwmadison.co1.qualtrics.com/ControlPanel/Graphic.php?IM=IM_cJi6x6m1lHypqN8,0.0,8.0,0.0,4.4592,0.0,0.0,3.0,0.0,0.0,1.0,0.0,0.2732,0.0,0.0,0.0,-0.0,2.0,0.0,0.0,-1.1988,0.0,0.0,0.0,-0.0,1.0,0.0,0.0,-0.4939,13.0,0.0,0.0,-3.848
26,0,0,1,0,6,0,10,Q125.1,bipoc,male,adult,uncertain,https://uwmadison.co1.qualtrics.com/ControlPanel/Graphic.php?IM=IM_afrF8KFiXbEcR2S,0.0,26.0,0.0,14.4924,0.0,0.0,0.0,0.0,0.0,0.0,0.0,0.0,1.0,0.0,0.0,-0.4404,0.0,0.0,0.0,-0.0,6.0,0.0,0.0,-3.4314,0.0,0.0,0.0,-0.0,10.0,0.0,0.0,-2.96
1,15,0,4,10,3,1,9,Q126.1,bipoc,male,child,uncertain,https://uwmadison.co1.qualtrics.com/ControlPanel/Graphic.php?IM=IM_eaf2nwmlYn6uJKu,0.0,1.0,0.0,0.5574,0.0,0.0,15.0,0.0,0.0,0.0,0.0,0.0,4.0,0.0,0.0,-1.7616,10.0,0.0,0.0,-5.994000000000001,3.0,0.0,0.0,-1.7157,1.0,0.0,0.0,-0.4939,9.0,0.0,0.0,-2.6639999999999997
1,0,43,0,1,1,1,1,Q127.1,white,female,adult,uncertain,https://uwmadison.co1.qualtrics.com/ControlPanel/Graphic.php?IM=IM_4Z2olPR08fo1FQO,0.0,1.0,0.0,0.5574,0.0,0.0,0.0,0.0,0.0,43.0,0.0,11.7476,0.0,0.0,0.0,-0.0,1.0,0.0,0.0,-0.5994,1.0,0.0,0.0,-0.5719,1.0,0.0,0.0,-0.4939,1.0,0.0,0.0,-0.296
1,15,14,1,1,0,3,7,Q128.1,white,female,child,uncertain,https://uwmadison.co1.qualtrics.com/ControlPanel/Graphic.php?IM=IM_8bHO7XfbqxRugTQ,0.0,1.0,0.0,0.5574,0.0,0.0,15.0,0.0,0.0,14.0,0.0,3.8247999999999998,1.0,0.0,0.0,-0.4404,1.0,0.0,0.0,-0.5994,0.0,0.0,0.0,-0.0,3.0,0.0,0.0,-1.4817,7.0,0.0,0.0,-2.072
0,5,10,1,7,2,0,11,Q129.1,white,male,adult,uncertain,https://uwmadison.co1.qualtrics.com/ControlPanel/Graphic.php?IM=IM_3wreUCj6TLHFC4K,0.0,0.0,0.0,0.0,0.0,0.0,5.0,0.0,0.0,10.0,0.0,2.732,1.0,0.0,0.0,-0.4404,7.0,0.0,0.0,-4.1958,2.0,0.0,0.0,-1.1438,0.0,0.0,0.0,-0.0,11.0,0.0,0.0,-3.256
38,2,0,1,1,0,0,4,Q130.1,white,male,child,uncertain,https://uwmadison.co1.qualtrics.com/ControlPanel/Graphic.php?IM=IM_eMb3pnSJgKC0VFk,0.0,38.0,0.0,21.1812,0.0,0.0,2.0,0.0,0.0,0.0,0.0,0.0,1.0,0.0,0.0,-0.4404,1.0,0.0,0.0,-0.5994,0.0,0.0,0.0,-0.0,0.0,0.0,0.0,-0.0,4.0,0.0,0.0,-1.184
0,0,0,0,0,0,0,0,Q131.1,,,,attention,https://uwmadison.co1.qualtrics.com/ControlPanel/Graphic.php?IM=IM_e2rLzge28QpFG6y,0.0,0.0,0.0,0.0,0.0,0.0,0.0,0.0,0.0,0.0,0.0,0.0,0.0,0.0,0.0,-0.0,0.0,0.0,0.0,-0.0,0.0,0.0,0.0,-0.0,0.0,0.0,0.0,-0.0,0.0,0.0,0.0,-0.0
0,0,5,1,4,33,3,3,Q132.1,bipoc,female,adult,anger,https://uwmadison.co1.qualtrics.com/ControlPanel/Graphic.php?IM=IM_9WTZdrQmZK2OL54,0.0,0.0,0.0,0.0,0.0,0.0,0.0,0.0,0.0,5.0,0.0,1.366,1.0,0.0,0.0,-0.4404,4.0,0.0,0.0,-2.3976,33.0,0.0,0.0,-18.8727,3.0,0.0,0.0,-1.4817,3.0,0.0,0.0,-0.8879999999999999
0,0,1,0,7,41,2,0,Q133.1,bipoc,female,child,anger,https://uwmadison.co1.qualtrics.com/ControlPanel/Graphic.php?IM=IM_824LzNsLYNku2OO,0.0,0.0,0.0,0.0,0.0,0.0,0.0,0.0,0.0,1.0,0.0,0.2732,0.0,0.0,0.0,-0.0,7.0,0.0,0.0,-4.1958,41.0,0.0,0.0,-23.447899999999997,2.0,0.0,0.0,-0.9878,0.0,0.0,0.0,-0.0
0,2,0,0,4,42,0,1,Q134.1,bipoc,male,adult,anger,https://uwmadison.co1.qualtrics.com/ControlPanel/Graphic.php?IM=IM_bkMyZNBgUg8ZlNY,0.0,0.0,0.0,0.0,0.0,0.0,2.0,0.0,0.0,0.0,0.0,0.0,0.0,0.0,0.0,-0.0,4.0,0.0,0.0,-2.3976,42.0,0.0,0.0,-24.0198,0.0,0.0,0.0,-0.0,1.0,0.0,0.0,-0.296
1,4,1,4,2,38,0,0,Q135.1,bipoc,male,child,anger,https://uwmadison.co1.qualtrics.com/ControlPanel/Graphic.php?IM=IM_3rsoVFgV6TcS9fg,0.0,1.0,0.0,0.5574,0.0,0.0,4.0,0.0,0.0,1.0,0.0,0.2732,4.0,0.0,0.0,-1.7616,2.0,0.0,0.0,-1.1988,38.0,0.0,0.0,-21.7322,0.0,0.0,0.0,-0.0,0.0,0.0,0.0,-0.0
1,3,0,0,4,37,0,3,Q136.1,white,female,adult,anger,https://uwmadison.co1.qualtrics.com/ControlPanel/Graphic.php?IM=IM_cPfESJKHoFDaWUe,0.0,1.0,0.0,0.5574,0.0,0.0,3.0,0.0,0.0,0.0,0.0,0.0,0.0,0.0,0.0,-0.0,4.0,0.0,0.0,-2.3976,37.0,0.0,0.0,-21.1603,0.0,0.0,0.0,-0.0,3.0,0.0,0.0,-0.8879999999999999
1,0,0,1,0,47,1,1,Q137.1,white,female,child,anger,https://uwmadison.co1.qualtrics.com/ControlPanel/Graphic.php?IM=IM_bHfE8z5stIRm0zI,0.0,1.0,0.0,0.5574,0.0,0.0,0.0,0.0,0.0,0.0,0.0,0.0,1.0,0.0,0.0,-0.4404,0.0,0.0,0.0,-0.0,47.0,0.0,0.0,-26.879299999999997,1.0,0.0,0.0,-0.4939,1.0,0.0,0.0,-0.296
0,30,0,0,0,16,0,4,Q138.1,white,male,adult,anger,https://uwmadison.co1.qualtrics.com/ControlPanel/Graphic.php?IM=IM_cCHIBQubXKS0CiO,0.0,0.0,0.0,0.0,0.0,0.0,30.0,0.0,0.0,0.0,0.0,0.0,0.0,0.0,0.0,-0.0,0.0,0.0,0.0,-0.0,16.0,0.0,0.0,-9.1504,0.0,0.0,0.0,-0.0,4.0,0.0,0.0,-1.184
1,3,0,0,5,31,2,5,Q139.1,white,male,child,anger,https://uwmadison.co1.qualtrics.com/ControlPanel/Graphic.php?IM=IM_5AcJkrT27k6XRmm,0.0,1.0,0.0,0.5574,0.0,0.0,3.0,0.0,0.0,0.0,0.0,0.0,0.0,0.0,0.0,-0.0,5.0,0.0,0.0,-2.9970000000000003,31.0,0.0,0.0,-17.7289,2.0,0.0,0.0,-0.9878,5.0,0.0,0.0,-1.48
1,1,1,1,20,21,2,3,Q140.1,bipoc,female,adult,disgust,https://uwmadison.co1.qualtrics.com/ControlPanel/Graphic.php?IM=IM_bsHb1M3p1kgjsF0,0.0,1.0,0.0,0.5574,0.0,0.0,1.0,0.0,0.0,1.0,0.0,0.2732,1.0,0.0,0.0,-0.4404,20.0,0.0,0.0,-11.988000000000001,21.0,0.0,0.0,-12.0099,2.0,0.0,0.0,-0.9878,3.0,0.0,0.0,-0.8879999999999999
11,3,2,0,6,8,0,11,Q141.1,bipoc,female,child,disgust,https://uwmadison.co1.qualtrics.com/ControlPanel/Graphic.php?IM=IM_0SwhYgwrLxTB3LM,0.0,11.0,0.0,6.1314,0.0,0.0,3.0,0.0,0.0,2.0,0.0,0.5464,0.0,0.0,0.0,-0.0,6.0,0.0,0.0,-3.5964,8.0,0.0,0.0,-4.5752,0.0,0.0,0.0,-0.0,11.0,0.0,0.0,-3.256
0,1,0,0,27,15,0,4,Q142.1,bipoc,male,adult,disgust,https://uwmadison.co1.qualtrics.com/ControlPanel/Graphic.php?IM=IM_bemvKCbRtShtR0a,0.0,0.0,0.0,0.0,0.0,0.0,1.0,0.0,0.0,0.0,0.0,0.0,0.0,0.0,0.0,-0.0,27.0,0.0,0.0,-16.1838,15.0,0.0,0.0,-8.5785,0.0,0.0,0.0,-0.0,4.0,0.0,0.0,-1.184
1,1,1,0,37,1,2,3,Q143.1,bipoc,male,child,disgust,https://uwmadison.co1.qualtrics.com/ControlPanel/Graphic.php?IM=IM_7WCRz9fBbsgi9Qq,0.0,1.0,0.0,0.5574,0.0,0.0,1.0,0.0,0.0,1.0,0.0,0.2732,0.0,0.0,0.0,-0.0,37.0,0.0,0.0,-22.1778,1.0,0.0,0.0,-0.5719,2.0,0.0,0.0,-0.9878,3.0,0.0,0.0,-0.8879999999999999
0,1,5,2,26,0,0,8,Q144.1,white,female,adult,disgust,https://uwmadison.co1.qualtrics.com/ControlPanel/Graphic.php?IM=IM_eKdiMX7YPesWOlU,0.0,0.0,0.0,0.0,0.0,0.0,1.0,0.0,0.0,5.0,0.0,1.366,2.0,0.0,0.0,-0.8808,26.0,0.0,0.0,-15.5844,0.0,0.0,0.0,-0.0,0.0,0.0,0.0,-0.0,8.0,0.0,0.0,-2.368
4,1,1,2,24,13,1,2,Q145.1,white,female,child,disgust,https://uwmadison.co1.qualtrics.com/ControlPanel/Graphic.php?IM=IM_0JVrdbvlyGSXcLI,0.0,4.0,0.0,2.2296,0.0,0.0,1.0,0.0,0.0,1.0,0.0,0.2732,2.0,0.0,0.0,-0.8808,24.0,0.0,0.0,-14.3856,13.0,0.0,0.0,-7.434699999999999,1.0,0.0,0.0,-0.4939,2.0,0.0,0.0,-0.592
0,0,9,0,17,0,23,1,Q146.1,white,male,adult,disgust,https://uwmadison.co1.qualtrics.com/ControlPanel/Graphic.php?IM=IM_1zU5YqWz2acbM8K,0.0,0.0,0.0,0.0,0.0,0.0,0.0,0.0,0.0,9.0,0.0,2.4588,0.0,0.0,0.0,-0.0,17.0,0.0,0.0,-10.1898,0.0,0.0,0.0,-0.0,23.0,0.0,0.0,-11.3597,1.0,0.0,0.0,-0.296
1,1,0,0,47,1,1,0,Q147.1,white,male,child,disgust,https://uwmadison.co1.qualtrics.com/ControlPanel/Graphic.php?IM=IM_74HB0t6zgma9YNw,0.0,1.0,0.0,0.5574,0.0,0.0,1.0,0.0,0.0,0.0,0.0,0.0,0.0,0.0,0.0,-0.0,47.0,0.0,0.0,-28.1718,1.0,0.0,0.0,-0.5719,1.0,0.0,0.0,-0.4939,0.0,0.0,0.0,-0.0
0,1,7,1,19,5,18,0,Q148.1,bipoc,female,adult,fear,https://uwmadison.co1.qualtrics.com/ControlPanel/Graphic.php?IM=IM_0MwMgspcIIF1ew6,0.0,0.0,0.0,0.0,0.0,0.0,1.0,0.0,0.0,7.0,0.0,1.9123999999999999,1.0,0.0,0.0,-0.4404,19.0,0.0,0.0,-11.3886,5.0,0.0,0.0,-2.8594999999999997,18.0,0.0,0.0,-8.8902,0.0,0.0,0.0,-0.0
0,4,23,1,2,1,12,7,Q149.1,bipoc,female,child,fear,https://uwmadison.co1.qualtrics.com/ControlPanel/Graphic.php?IM=IM_bHrOB3j3PtW4R0i,0.0,0.0,0.0,0.0,0.0,0.0,4.0,0.0,0.0,23.0,0.0,6.2836,1.0,0.0,0.0,-0.4404,2.0,0.0,0.0,-1.1988,1.0,0.0,0.0,-0.5719,12.0,0.0,0.0,-5.9268,7.0,0.0,0.0,-2.072
1,2,0,24,8,0,8,4,Q150.1,bipoc,male,adult,fear,https://uwmadison.co1.qualtrics.com/ControlPanel/Graphic.php?IM=IM_8B72pKihkAZkIFU,0.0,1.0,0.0,0.5574,0.0,0.0,2.0,0.0,0.0,0.0,0.0,0.0,24.0,0.0,0.0,-10.569600000000001,8.0,0.0,0.0,-4.7952,0.0,0.0,0.0,-0.0,8.0,0.0,0.0,-3.9512,4.0,0.0,0.0,-1.184
0,1,0,45,0,0,5,0,Q151.1,bipoc,male,child,fear,https://uwmadison.co1.qualtrics.com/ControlPanel/Graphic.php?IM=IM_9mlWGWUpvpQZa5M,0.0,0.0,0.0,0.0,0.0,0.0,1.0,0.0,0.0,0.0,0.0,0.0,45.0,0.0,0.0,-19.818,0.0,0.0,0.0,-0.0,0.0,0.0,0.0,-0.0,5.0,0.0,0.0,-2.4695,0.0,0.0,0.0,-0.0
1,1,12,2,2,0,32,1,Q152.1,white,female,adult,fear,https://uwmadison.co1.qualtrics.com/ControlPanel/Graphic.php?IM=IM_e38mxw6nO1WY6Cq,0.0,1.0,0.0,0.5574,0.0,0.0,1.0,0.0,0.0,12.0,0.0,3.2784,2.0,0.0,0.0,-0.8808,2.0,0.0,0.0,-1.1988,0.0,0.0,0.0,-0.0,32.0,0.0,0.0,-15.8048,1.0,0.0,0.0,-0.296
0,5,32,0,1,0,5,4,Q153.1,white,female,child,fear,https://uwmadison.co1.qualtrics.com/ControlPanel/Graphic.php?IM=IM_cBJFYlMueaaR03k,0.0,0.0,0.0,0.0,0.0,0.0,5.0,0.0,0.0,32.0,0.0,8.7424,0.0,0.0,0.0,-0.0,1.0,0.0,0.0,-0.5994,0.0,0.0,0.0,-0.0,5.0,0.0,0.0,-2.4695,4.0,0.0,0.0,-1.184
0,1,31,0,1,1,14,0,Q154.1,white,male,adult,fear,https://uwmadison.co1.qualtrics.com/ControlPanel/Graphic.php?IM=IM_4Z1hhf1G3PvXBci,0.0,0.0,0.0,0.0,0.0,0.0,1.0,0.0,0.0,31.0,0.0,8.4692,0.0,0.0,0.0,-0.0,1.0,0.0,0.0,-0.5994,1.0,0.0,0.0,-0.5719,14.0,0.0,0.0,-6.9146,0.0,0.0,0.0,-0.0
1,0,23,1,0,0,24,1,Q155.1,white,male,child,fear,https://uwmadison.co1.qualtrics.com/ControlPanel/Graphic.php?IM=IM_9mNPsRAgBbHenPM,0.0,1.0,0.0,0.5574,0.0,0.0,0.0,0.0,0.0,23.0,0.0,6.2836,1.0,0.0,0.0,-0.4404,0.0,0.0,0.0,-0.0,0.0,0.0,0.0,-0.0,24.0,0.0,0.0,-11.8536,1.0,0.0,0.0,-0.296
44,2,2,0,0,0,0,2,Q156.1,bipoc,female,adult,happiness,https://uwmadison.co1.qualtrics.com/ControlPanel/Graphic.php?IM=IM_0GtSGAki0COJYO2,0.0,44.0,0.0,24.5256,0.0,0.0,2.0,0.0,0.0,2.0,0.0,0.5464,0.0,0.0,0.0,-0.0,0.0,0.0,0.0,-0.0,0.0,0.0,0.0,-0.0,0.0,0.0,0.0,-0.0,2.0,0.0,0.0,-0.592
29,17,0,0,0,1,1,1,Q157.1,bipoc,female,child,happiness,https://uwmadison.co1.qualtrics.com/ControlPanel/Graphic.php?IM=IM_e2tmtlm0JLZje0S,0.0,29.0,0.0,16.1646,0.0,0.0,17.0,0.0,0.0,0.0,0.0,0.0,0.0,0.0,0.0,-0.0,0.0,0.0,0.0,-0.0,1.0,0.0,0.0,-0.5719,1.0,0.0,0.0,-0.4939,1.0,0.0,0.0,-0.296
40,3,1,0,2,0,0,2,Q158.1,bipoc,male,adult,happiness,https://uwmadison.co1.qualtrics.com/ControlPanel/Graphic.php?IM=IM_agxa9UIrTk07jxQ,0.0,40.0,0.0,22.296,0.0,0.0,3.0,0.0,0.0,1.0,0.0,0.2732,0.0,0.0,0.0,-0.0,2.0,0.0,0.0,-1.1988,0.0,0.0,0.0,-0.0,0.0,0.0,0.0,-0.0,2.0,0.0,0.0,-0.592
50,0,0,0,0,0,1,0,Q159.1,bipoc,male,child,happiness,https://uwmadison.co1.qualtrics.com/ControlPanel/Graphic.php?IM=IM_d060VdjZY82W38W,0.0,50.0,0.0,27.87,0.0,0.0,0.0,0.0,0.0,0.0,0.0,0.0,0.0,0.0,0.0,-0.0,0.0,0.0,0.0,-0.0,0.0,0.0,0.0,-0.0,1.0,0.0,0.0,-0.4939,0.0,0.0,0.0,-0.0
47,0,0,0,0,0,1,2,Q160.1,white,female,adult,happiness,https://uwmadison.co1.qualtrics.com/ControlPanel/Graphic.php?IM=IM_57Gr1XAHK9uhWES,0.0,47.0,0.0,26.1978,0.0,0.0,0.0,0.0,0.0,0.0,0.0,0.0,0.0,0.0,0.0,-0.0,0.0,0.0,0.0,-0.0,0.0,0.0,0.0,-0.0,1.0,0.0,0.0,-0.4939,2.0,0.0,0.0,-0.592
46,0,2,0,1,1,0,1,Q161.1,white,female,child,happiness,https://uwmadison.co1.qualtrics.com/ControlPanel/Graphic.php?IM=IM_d5NMiWqa2jpUDLo,0.0,46.0,0.0,25.6404,0.0,0.0,0.0,0.0,0.0,2.0,0.0,0.5464,0.0,0.0,0.0,-0.0,1.0,0.0,0.0,-0.5994,1.0,0.0,0.0,-0.5719,0.0,0.0,0.0,-0.0,1.0,0.0,0.0,-0.296
49,0,0,0,0,1,1,0,Q162.1,white,male,adult,happiness,https://uwmadison.co1.qualtrics.com/ControlPanel/Graphic.php?IM=IM_3NR7AkPxBUkdOQe,0.0,49.0,0.0,27.3126,0.0,0.0,0.0,0.0,0.0,0.0,0.0,0.0,0.0,0.0,0.0,-0.0,0.0,0.0,0.0,-0.0,1.0,0.0,0.0,-0.5719,1.0,0.0,0.0,-0.4939,0.0,0.0,0.0,-0.0
49,1,0,0,0,1,0,0,Q163.1,white,male,child,happiness,https://uwmadison.co1.qualtrics.com/ControlPanel/Graphic.php?IM=IM_eWnGys8SLE5J3Cu,0.0,49.0,0.0,27.3126,0.0,0.0,1.0,0.0,0.0,0.0,0.0,0.0,0.0,0.0,0.0,-0.0,0.0,0.0,0.0,-0.0,1.0,0.0,0.0,-0.5719,0.0,0.0,0.0,-0.0,0.0,0.0,0.0,-0.0
1,38,0,1,2,1,0,6,Q164.1,bipoc,female,adult,neutral,https://uwmadison.co1.qualtrics.com/ControlPanel/Graphic.php?IM=IM_8Bsr2LNg85rxVgW,0.0,1.0,0.0,0.5574,0.0,0.0,38.0,0.0,0.0,0.0,0.0,0.0,1.0,0.0,0.0,-0.4404,2.0,0.0,0.0,-1.1988,1.0,0.0,0.0,-0.5719,0.0,0.0,0.0,-0.0,6.0,0.0,0.0,-1.7759999999999998
12,29,0,0,0,0,2,6,Q165.1,bipoc,female,child,neutral,https://uwmadison.co1.qualtrics.com/ControlPanel/Graphic.php?IM=IM_dmqopZwVD7uBVVY,0.0,12.0,0.0,6.6888000000000005,0.0,0.0,29.0,0.0,0.0,0.0,0.0,0.0,0.0,0.0,0.0,-0.0,0.0,0.0,0.0,-0.0,0.0,0.0,0.0,-0.0,2.0,0.0,0.0,-0.9878,6.0,0.0,0.0,-1.7759999999999998
1,24,0,8,1,6,0,5,Q166.1,bipoc,male,adult,neutral,https://uwmadison.co1.qualtrics.com/ControlPanel/Graphic.php?IM=IM_2ubTkbpnURV3shw,0.0,1.0,0.0,0.5574,0.0,0.0,24.0,0.0,0.0,0.0,0.0,0.0,8.0,0.0,0.0,-3.5232,1.0,0.0,0.0,-0.5994,6.0,0.0,0.0,-3.4314,0.0,0.0,0.0,-0.0,5.0,0.0,0.0,-1.48
0,41,1,0,2,0,1,1,Q167.1,bipoc,male,child,neutral,https://uwmadison.co1.qualtrics.com/ControlPanel/Graphic.php?IM=IM_bJGSnsoGjBoS3VY,0.0,0.0,0.0,0.0,0.0,0.0,41.0,0.0,0.0,1.0,0.0,0.2732,0.0,0.0,0.0,-0.0,2.0,0.0,0.0,-1.1988,0.0,0.0,0.0,-0.0,1.0,0.0,0.0,-0.4939,1.0,0.0,0.0,-0.296
8,32,1,0,2,1,0,2,Q168.1,white,female,adult,neutral,https://uwmadison.co1.qualtrics.com/ControlPanel/Graphic.php?IM=IM_87jMTnzp24Gs0US,0.0,8.0,0.0,4.4592,0.0,0.0,32.0,0.0,0.0,1.0,0.0,0.2732,0.0,0.0,0.0,-0.0,2.0,0.0,0.0,-1.1988,1.0,0.0,0.0,-0.5719,0.0,0.0,0.0,-0.0,2.0,0.0,0.0,-0.592
2,40,0,0,1,0,1,6,Q169.1,white,female,child,neutral,https://uwmadison.co1.qualtrics.com/ControlPanel/Graphic.php?IM=IM_ePc7Ntc4cXqTP70,0.0,2.0,0.0,1.1148,0.0,0.0,40.0,0.0,0.0,0.0,0.0,0.0,0.0,0.0,0.0,-0.0,1.0,0.0,0.0,-0.5994,0.0,0.0,0.0,-0.0,1.0,0.0,0.0,-0.4939,6.0,0.0,0.0,-1.7759999999999998
1,37,0,2,2,0,0,3,Q170.1,white,male,adult,neutral,https://uwmadison.co1.qualtrics.com/ControlPanel/Graphic.php?IM=IM_1X1sCzklzGvx2tg,0.0,1.0,0.0,0.5574,0.0,0.0,37.0,0.0,0.0,0.0,0.0,0.0,2.0,0.0,0.0,-0.8808,2.0,0.0,0.0,-1.1988,0.0,0.0,0.0,-0.0,0.0,0.0,0.0,-0.0,3.0,0.0,0.0,-0.8879999999999999
0,29,6,0,1,3,5,3,Q171.1,white,male,child,neutral,https://uwmadison.co1.qualtrics.com/ControlPanel/Graphic.php?IM=IM_6EA9nLCkNjdA69M,0.0,0.0,0.0,0.0,0.0,0.0,29.0,0.0,0.0,6.0,0.0,1.6392,0.0,0.0,0.0,-0.0,1.0,0.0,0.0,-0.5994,3.0,0.0,0.0,-1.7157,5.0,0.0,0.0,-2.4695,3.0,0.0,0.0,-0.8879999999999999
0,1,0,12,31,1,2,2,Q172.1,bipoc,female,adult,sadness,https://uwmadison.co1.qualtrics.com/ControlPanel/Graphic.php?IM=IM_6A6ANrMmpt0lXFQ,0.0,0.0,0.0,0.0,0.0,0.0,1.0,0.0,0.0,0.0,0.0,0.0,12.0,0.0,0.0,-5.284800000000001,31.0,0.0,0.0,-18.581400000000002,1.0,0.0,0.0,-0.5719,2.0,0.0,0.0,-0.9878,2.0,0.0,0.0,-0.592
1,6,1,19,0,2,11,3,Q173.1,bipoc,female,child,sadness,https://uwmadison.co1.qualtrics.com/ControlPanel/Graphic.php?IM=IM_6AkMWXDnyOPXs6a,0.0,1.0,0.0,0.5574,0.0,0.0,6.0,0.0,0.0,1.0,0.0,0.2732,19.0,0.0,0.0,-8.3676,0.0,0.0,0.0,-0.0,2.0,0.0,0.0,-1.1438,11.0,0.0,0.0,-5.4329,3.0,0.0,0.0,-0.8879999999999999
0,0,0,47,2,0,2,0,Q174.1,bipoc,male,adult,sadness,https://uwmadison.co1.qualtrics.com/ControlPanel/Graphic.php?IM=IM_0pvcXJMnnou5XxA,0.0,0.0,0.0,0.0,0.0,0.0,0.0,0.0,0.0,0.0,0.0,0.0,47.0,0.0,0.0,-20.698800000000002,2.0,0.0,0.0,-1.1988,0.0,0.0,0.0,-0.0,2.0,0.0,0.0,-0.9878,0.0,0.0,0.0,-0.0
0,5,0,36,0,0,2,5,Q175.1,bipoc,male,child,sadness,https://uwmadison.co1.qualtrics.com/ControlPanel/Graphic.php?IM=IM_7365JYEsalfFK3c,0.0,0.0,0.0,0.0,0.0,0.0,5.0,0.0,0.0,0.0,0.0,0.0,36.0,0.0,0.0,-15.8544,0.0,0.0,0.0,-0.0,0.0,0.0,0.0,-0.0,2.0,0.0,0.0,-0.9878,5.0,0.0,0.0,-1.48
0,3,0,43,2,2,1,0,Q176.1,white,female,adult,sadness,https://uwmadison.co1.qualtrics.com/ControlPanel/Graphic.php?IM=IM_4ObHALgYpr6zhn8,0.0,0.0,0.0,0.0,0.0,0.0,3.0,0.0,0.0,0.0,0.0,0.0,43.0,0.0,0.0,-18.9372,2.0,0.0,0.0,-1.1988,2.0,0.0,0.0,-1.1438,1.0,0.0,0.0,-0.4939,0.0,0.0,0.0,-0.0
0,17,1,12,1,13,1,2,Q177.1,white,female,child,sadness,https://uwmadison.co1.qualtrics.com/ControlPanel/Graphic.php?IM=IM_4ZMiIx0eAUH9slo,0.0,0.0,0.0,0.0,0.0,0.0,17.0,0.0,0.0,1.0,0.0,0.2732,12.0,0.0,0.0,-5.284800000000001,1.0,0.0,0.0,-0.5994,13.0,0.0,0.0,-7.434699999999999,1.0,0.0,0.0,-0.4939,2.0,0.0,0.0,-0.592
0,15,4,6,9,1,1,6,Q178.1,white,male,adult,sadness,https://uwmadison.co1.qualtrics.com/ControlPanel/Graphic.php?IM=IM_8AHT36OY3USaPe6,0.0,0.0,0.0,0.0,0.0,0.0,15.0,0.0,0.0,4.0,0.0,1.0928,6.0,0.0,0.0,-2.6424000000000003,9.0,0.0,0.0,-5.3946000000000005,1.0,0.0,0.0,-0.5719,1.0,0.0,0.0,-0.4939,6.0,0.0,0.0,-1.7759999999999998
0,0,0,46,0,5,0,0,Q179.1,white,male,child,sadness,https://uwmadison.co1.qualtrics.com/ControlPanel/Graphic.php?IM=IM_cSZwt3HTocE50jk,0.0,0.0,0.0,0.0,0.0,0.0,0.0,0.0,0.0,0.0,0.0,0.0,46.0,0.0,0.0,-20.2584,0.0,0.0,0.0,-0.0,5.0,0.0,0.0,-2.8594999999999997,0.0,0.0,0.0,-0.0,0.0,0.0,0.0,-0.0
3,1,43,0,0,1,2,0,Q180.1,bipoc,female,adult,surprise,https://uwmadison.co1.qualtrics.com/ControlPanel/Graphic.php?IM=IM_aXfd0rmn8jfxoQ6,0.0,3.0,0.0,1.6722000000000001,0.0,0.0,1.0,0.0,0.0,43.0,0.0,11.7476,0.0,0.0,0.0,-0.0,0.0,0.0,0.0,-0.0,1.0,0.0,0.0,-0.5719,2.0,0.0,0.0,-0.9878,0.0,0.0,0.0,-0.0
31,0,19,1,0,0,0,0,Q181.1,bipoc,female,child,surprise,https://uwmadison.co1.qualtrics.com/ControlPanel/Graphic.php?IM=IM_9Gq0h87bY58MZSu,0.0,31.0,0.0,17.2794,0.0,0.0,0.0,0.0,0.0,19.0,0.0,5.1908,1.0,0.0,0.0,-0.4404,0.0,0.0,0.0,-0.0,0.0,0.0,0.0,-0.0,0.0,0.0,0.0,-0.0,0.0,0.0,0.0,-0.0
4,3,21,0,2,1,13,5,Q182.1,bipoc,male,adult,surprise,https://uwmadison.co1.qualtrics.com/ControlPanel/Graphic.php?IM=IM_268vZXyUpVDK6MK,0.0,4.0,0.0,2.2296,0.0,0.0,3.0,0.0,0.0,21.0,0.0,5.7372,0.0,0.0,0.0,-0.0,2.0,0.0,0.0,-1.1988,1.0,0.0,0.0,-0.5719,13.0,0.0,0.0,-6.4207,5.0,0.0,0.0,-1.48
0,1,39,0,0,0,7,2,Q183.1,bipoc,male,child,surprise,https://uwmadison.co1.qualtrics.com/ControlPanel/Graphic.php?IM=IM_0V7AZ7Xi8jOjmXY,0.0,0.0,0.0,0.0,0.0,0.0,1.0,0.0,0.0,39.0,0.0,10.6548,0.0,0.0,0.0,-0.0,0.0,0.0,0.0,-0.0,0.0,0.0,0.0,-0.0,7.0,0.0,0.0,-3.4573,2.0,0.0,0.0,-0.592
2,3,33,0,1,0,2,3,Q184.1,white,female,adult,surprise,https://uwmadison.co1.qualtrics.com/ControlPanel/Graphic.php?IM=IM_eeAoCMWS4pQvliK,0.0,2.0,0.0,1.1148,0.0,0.0,3.0,0.0,0.0,33.0,0.0,9.0156,0.0,0.0,0.0,-0.0,1.0,0.0,0.0,-0.5994,0.0,0.0,0.0,-0.0,2.0,0.0,0.0,-0.9878,3.0,0.0,0.0,-0.8879999999999999
11,0,29,0,0,2,6,0,Q185.1,white,female,child,surprise,https://uwmadison.co1.qualtrics.com/ControlPanel/Graphic.php?IM=IM_eG4lj9qMfU2nUFg,0.0,11.0,0.0,6.1314,0.0,0.0,0.0,0.0,0.0,29.0,0.0,7.9228,0.0,0.0,0.0,-0.0,0.0,0.0,0.0,-0.0,2.0,0.0,0.0,-1.1438,6.0,0.0,0.0,-2.9634,0.0,0.0,0.0,-0.0
1,0,47,0,0,0,1,0,Q186.1,white,male,adult,surprise,https://uwmadison.co1.qualtrics.com/ControlPanel/Graphic.php?IM=IM_eIZrStbqVC3oHTo,0.0,1.0,0.0,0.5574,0.0,0.0,0.0,0.0,0.0,47.0,0.0,12.8404,0.0,0.0,0.0,-0.0,0.0,0.0,0.0,-0.0,0.0,0.0,0.0,-0.0,1.0,0.0,0.0,-0.4939,0.0,0.0,0.0,-0.0
0,14,16,0,1,0,9,4,Q187.1,white,male,child,surprise,https://uwmadison.co1.qualtrics.com/ControlPanel/Graphic.php?IM=IM_87ffNHa08KiAYbI,0.0,0.0,0.0,0.0,0.0,0.0,14.0,0.0,0.0,16.0,0.0,4.3712,0.0,0.0,0.0,-0.0,1.0,0.0,0.0,-0.5994,0.0,0.0,0.0,-0.0,9.0,0.0,0.0,-4.4451,4.0,0.0,0.0,-1.184
30,3,1,0,0,0,0,7,Q188.1,bipoc,female,adult,uncertain,https://uwmadison.co1.qualtrics.com/ControlPanel/Graphic.php?IM=IM_bHLXUfPyLDklutg,0.0,30.0,0.0,16.722,0.0,0.0,3.0,0.0,0.0,1.0,0.0,0.2732,0.0,0.0,0.0,-0.0,0.0,0.0,0.0,-0.0,0.0,0.0,0.0,-0.0,0.0,0.0,0.0,-0.0,7.0,0.0,0.0,-2.072
41,0,0,1,2,0,2,3,Q189.1,bipoc,female,child,uncertain,https://uwmadison.co1.qualtrics.com/ControlPanel/Graphic.php?IM=IM_0MzywJJUHEiadCe,0.0,41.0,0.0,22.8534,0.0,0.0,0.0,0.0,0.0,0.0,0.0,0.0,1.0,0.0,0.0,-0.4404,2.0,0.0,0.0,-1.1988,0.0,0.0,0.0,-0.0,2.0,0.0,0.0,-0.9878,3.0,0.0,0.0,-0.8879999999999999
0,3,4,1,20,0,1,7,Q190.1,bipoc,male,adult,uncertain,https://uwmadison.co1.qualtrics.com/ControlPanel/Graphic.php?IM=IM_bw6Y8TC4DgP7vAq,0.0,0.0,0.0,0.0,0.0,0.0,3.0,0.0,0.0,4.0,0.0,1.0928,1.0,0.0,0.0,-0.4404,20.0,0.0,0.0,-11.988000000000001,0.0,0.0,0.0,-0.0,1.0,0.0,0.0,-0.4939,7.0,0.0,0.0,-2.072
1,4,3,0,7,1,0,13,Q191.1,bipoc,male,child,uncertain,https://uwmadison.co1.qualtrics.com/ControlPanel/Graphic.php?IM=IM_5yvfzLfqBDAE8XY,0.0,1.0,0.0,0.5574,0.0,0.0,4.0,0.0,0.0,3.0,0.0,0.8196,0.0,0.0,0.0,-0.0,7.0,0.0,0.0,-4.1958,1.0,0.0,0.0,-0.5719,0.0,0.0,0.0,-0.0,13.0,0.0,0.0,-3.848
2,1,16,0,9,5,0,8,Q192.1,white,female,adult,uncertain,https://uwmadison.co1.qualtrics.com/ControlPanel/Graphic.php?IM=IM_a64Cxa5gtL3OHKS,0.0,2.0,0.0,1.1148,0.0,0.0,1.0,0.0,0.0,16.0,0.0,4.3712,0.0,0.0,0.0,-0.0,9.0,0.0,0.0,-5.3946000000000005,5.0,0.0,0.0,-2.8594999999999997,0.0,0.0,0.0,-0.0,8.0,0.0,0.0,-2.368
2,4,2,1,2,18,0,13,Q193.1,white,female,child,uncertain,https://uwmadison.co1.qualtrics.com/ControlPanel/Graphic.php?IM=IM_beic5cGPkQFDmhU,0.0,2.0,0.0,1.1148,0.0,0.0,4.0,0.0,0.0,2.0,0.0,0.5464,1.0,0.0,0.0,-0.4404,2.0,0.0,0.0,-1.1988,18.0,0.0,0.0,-10.2942,0.0,0.0,0.0,-0.0,13.0,0.0,0.0,-3.848
1,0,1,0,13,0,0,9,Q194.1,white,male,adult,uncertain,https://uwmadison.co1.qualtrics.com/ControlPanel/Graphic.php?IM=IM_8oGUDKsFJy6Upeu,0.0,1.0,0.0,0.5574,0.0,0.0,0.0,0.0,0.0,1.0,0.0,0.2732,0.0,0.0,0.0,-0.0,13.0,0.0,0.0,-7.7922,0.0,0.0,0.0,-0.0,0.0,0.0,0.0,-0.0,9.0,0.0,0.0,-2.6639999999999997
3,21,1,1,1,0,2,13,Q195.1,white,male,child,uncertain,https://uwmadison.co1.qualtrics.com/ControlPanel/Graphic.php?IM=IM_9tcpk2rnvGGXq7A,0.0,3.0,0.0,1.6722000000000001,0.0,0.0,21.0,0.0,0.0,1.0,0.0,0.2732,1.0,0.0,0.0,-0.4404,1.0,0.0,0.0,-0.5994,0.0,0.0,0.0,-0.0,2.0,0.0,0.0,-0.9878,13.0,0.0,0.0,-3.848
