ethnicity,sex,age,label,url,x_pca,y_pca,x_pca_3,y_pca_3,z_pca_3
bipoc,female,adult,anger,https://uwmadison.co1.qualtrics.com/ControlPanel/Graphic.php?IM=IM_bJXdODAZHOaG0rI,0.16551563603403024,0.46574786868342904,0.16537132572900698,0.4658028479259211,0.16404740267066578
bipoc,female,child,anger,https://uwmadison.co1.qualtrics.com/ControlPanel/Graphic.php?IM=IM_37SAhyROGBWVpVs,-0.7394669642657626,0.10614773029059374,-0.7395217909811587,0.10618539616832684,-0.5546431685097829
bipoc,male,adult,anger,https://uwmadison.co1.qualtrics.com/ControlPanel/Graphic.php?IM=IM_3QLhY3LefdXzwfI,-1.136972102222564,0.19560138067493296,-1.1370035557182352,0.1956613984572502,-0.5638164585477898
bipoc,male,child,anger,https://uwmadison.co1.qualtrics.com/ControlPanel/Graphic.php?IM=IM_egtCOrU9KOm233M,-0.4579437220346914,0.2046140533531685,-0.4581142805568401,0.20470274412031214,0.37030682608765364
white,female,adult,anger,https://uwmadison.co1.qualtrics.com/ControlPanel/Graphic.php?IM=IM_1Amo6fqrutcZYZo,-0.36256016546053416,0.24950627924353622,-0.36275801684051295,0.249652107130795,-0.13964599613510753
white,female,child,anger,https://uwmadison.co1.qualtrics.com/ControlPanel/Graphic.php?IM=IM_1XqAx3FzoRDFZt4,-0.6502643731631483,0.6134913059142973,-0.6503327377405509,0.6135470240348512,-0.5665602217025785
white,male,adult,anger,https://uwmadison.co1.qualtrics.com/ControlPanel/Graphic.php?IM=IM_7PC2cgcyr5yUiOy,-0.03564936312980808,0.7010515921306724,-0.03570629558279061,0.701064180948161,0.20791310813462893
white,male,child,anger,https://uwmadison.co1.qualtrics.com/ControlPanel/Graphic.php?IM=IM_9Gfr3sYkHq3hHG6,-0.14860665078457339,-0.8227402366551833,-0.1487259972170647,-0.8227071178733883,-0.8643986351911109
bipoc,female,adult,disgust,https://uwmadison.co1.qualtrics.com/ControlPanel/Graphic.php?IM=IM_cvFjQlP07m9S7VY,0.08921054136250513,-0.2850852182737277,0.08915190145289471,-0.28505204480350843,1.0240805691808565
bipoc,female,child,disgust,https://uwmadison.co1.qualtrics.com/ControlPanel/Graphic.php?IM=IM_4Zxryb4o2ZDgHDo,-0.46142399989075455,0.32277889964724643,-0.46133815402317885,0.32275433643015655,-0.6094664034123678
bipoc,male,adult,disgust,https://uwmadison.co1.qualtrics.com/ControlPanel/Graphic.php?IM=IM_cIvdFisSzzSMNRI,-0.8032264081629424,0.24517360404795663,-0.8031776156549673,0.2451945517284551,-0.11612961240615968
bipoc,male,child,disgust,https://uwmadison.co1.qualtrics.com/ControlPanel/Graphic.php?IM=IM_envzka9NlloQh7g,-0.401523531987954,-0.32453150237845485,-0.40137513409558595,-0.3246351939444672,-0.2829222509886285
white,female,adult,disgust,https://uwmadison.co1.qualtrics.com/ControlPanel/Graphic.php?IM=IM_er3kGiV5nUJCkse,-0.8644434559455672,0.16602955512340428,-0.8643156739240511,0.16594316467013806,-0.4700538297594999
white,female,child,disgust,https://uwmadison.co1.qualtrics.com/ControlPanel/Graphic.php?IM=IM_51ruTTJP1FaUeX4,0.31669316827576927,-0.8839413321589232,0.3167331511250626,-0.8839022022851193,-0.7059304035465337
white,male,adult,disgust,https://uwmadison.co1.qualtrics.com/ControlPanel/Graphic.php?IM=IM_4Iuz8TahQUf5rCu,-0.40898148272010804,-0.01713772242568627,-0.40892422988119387,-0.01716554586855799,0.26012129156214353
white,male,child,disgust,https://uwmadison.co1.qualtrics.com/ControlPanel/Graphic.php?IM=IM_3dtGv9tzZmLa4Cy,-0.09697481087860729,-0.27787348729002165,-0.09693844194226241,-0.2779383499262126,-0.1667254150559654
bipoc,female,adult,fear,https://uwmadison.co1.qualtrics.com/ControlPanel/Graphic.php?IM=IM_6qVleJUYoACmf6C,-0.821366517030877,-0.3583053665745882,-0.8212244667536955,-0.35833197679714024,0.7464450035197986
bipoc,female,child,fear,https://uwmadison.co1.qualtrics.com/ControlPanel/Graphic.php?IM=IM_4HJDfrqWWlJ7wRU,-0.2799074837538681,-0.17649108766582589,-0.2797518125553411,-0.1765546755240836,1.4090235779209743
bipoc,male,adult,fear,https://uwmadison.co1.qualtrics.com/ControlPanel/Graphic.php?IM=IM_54KW05fRgzNmLfE,-0.647600772623587,-0.3065990674920656,-0.6474622300375268,-0.3066371322083762,0.40783427393103333
bipoc,male,child,fear,https://uwmadison.co1.qualtrics.com/ControlPanel/Graphic.php?IM=IM_aY2MoY6bfggUc9E,-0.2220357731344731,-0.8902583499394912,-0.22189406545665527,-0.8903242415358268,0.6218897518652984
white,female,adult,fear,https://uwmadison.co1.qualtrics.com/ControlPanel/Graphic.php?IM=IM_1H2GqqCbhjjnp3g,-0.08563080013777503,-0.7943727609967122,-0.0854380899988893,-0.7944372646470641,0.5908599331243697
white,female,child,fear,https://uwmadison.co1.qualtrics.com/ControlPanel/Graphic.php?IM=IM_cXRPI85VJ3YAOdo,-0.9110615527726719,-0.12234592799083523,-0.911128335836744,-0.12234327774459328,-0.12364172657568125
white,male,adult,fear,https://uwmadison.co1.qualtrics.com/ControlPanel/Graphic.php?IM=IM_1z4YnfSQVdhj1Rk,-0.38271604935413434,-0.1733365181842326,-0.382511189881684,-0.17340661619256847,0.6374320749181479
white,male,child,fear,https://uwmadison.co1.qualtrics.com/ControlPanel/Graphic.php?IM=IM_24ukMlBx2IZMMuO,0.22763431281232013,-0.8369720904138328,0.22756833989320932,-0.8369548867685351,-0.2186473138771479
bipoc,female,adult,happiness,https://uwmadison.co1.qualtrics.com/ControlPanel/Graphic.php?IM=IM_5uIGlackw1zchRY,1.4013296211011852,0.3243462069481725,1.4014923910620936,0.3242893969557633,-0.09708457823637683
bipoc,female,child,happiness,https://uwmadison.co1.qualtrics.com/ControlPanel/Graphic.php?IM=IM_1LJr1XMUNEEqjEq,0.7996321319349455,-1.0114785407393307,0.7997005871019469,-1.0115112868260372,-0.7269572799036134
bipoc,male,adult,happiness,https://uwmadison.co1.qualtrics.com/ControlPanel/Graphic.php?IM=IM_aVKZzBmzWSoXCXY,0.8418845153030536,-0.4692091969491021,0.8419679862488909,-0.46920138277062207,-0.50127780128824
bipoc,male,child,happiness,https://uwmadison.co1.qualtrics.com/ControlPanel/Graphic.php?IM=IM_da53a1yGEedpOJg,0.5842202577754075,-1.190965129184519,0.5843050973338384,-1.191002439158915,-0.5838076514076653
white,female,adult,happiness,https://uwmadison.co1.qualtrics.com/ControlPanel/Graphic.php?IM=IM_6hVt2pmEYV6YLwG,0.40788006422976786,-0.7769154172997529,0.40785073897114443,-0.7769511619447438,-0.7015310274212415
white,female,child,happiness,https://uwmadison.co1.qualtrics.com/ControlPanel/Graphic.php?IM=IM_9shhhARAg1o8QcK,0.8089948371489643,-0.7067045913995056,0.808928111214866,-0.7066822822438951,-0.7583402400333153
white,male,adult,happiness,https://uwmadison.co1.qualtrics.com/ControlPanel/Graphic.php?IM=IM_3CWGONIxkNEfLbU,0.5793005294969341,-1.1302585290104812,0.5793199247128402,-1.1302773008486657,-0.5877362857413895
white,male,child,happiness,https://uwmadison.co1.qualtrics.com/ControlPanel/Graphic.php?IM=IM_0lBpULniZBM24Pc,0.6620003355690499,-1.0601569796843477,0.6619821385002522,-1.0601447097078187,-0.8313491394894752
bipoc,female,adult,neutral,https://uwmadison.co1.qualtrics.com/ControlPanel/Graphic.php?IM=IM_80TvOXpOXat9RxI,0.9847398636429809,1.1116296739655587,0.9846663484463021,1.111629669691643,0.6168651311595288
bipoc,female,child,neutral,https://uwmadison.co1.qualtrics.com/ControlPanel/Graphic.php?IM=IM_9H2fzde2Rkxr2VU,1.1600849054140332,0.16555907173913437,1.1602915447753694,0.16544649460025854,-0.38926903154390685
bipoc,male,adult,neutral,https://uwmadison.co1.qualtrics.com/ControlPanel/Graphic.php?IM=IM_cMDFM510Dzc4NKu,0.34085318323638625,1.3786607943196456,0.34084835744534236,1.378670729724708,0.02338173606519277
bipoc,male,child,neutral,https://uwmadison.co1.qualtrics.com/ControlPanel/Graphic.php?IM=IM_aXk5I4i1e3iZEzk,0.9033203740733776,1.0234211393726913,0.9032460209803251,1.0234211369488677,0.01037892746662379
white,female,adult,neutral,https://uwmadison.co1.qualtrics.com/ControlPanel/Graphic.php?IM=IM_3lu3qPA43hGxJ4y,0.5208198629662593,1.2954098619571142,0.5210459145095591,1.295388757462366,-0.15329460894345062
white,female,child,neutral,https://uwmadison.co1.qualtrics.com/ControlPanel/Graphic.php?IM=IM_0pPXIzq4Mrfh7ka,0.8558214079731392,1.2304072544814348,0.8559461203115899,1.2303144632201457,-0.0825399134377928
white,male,adult,neutral,https://uwmadison.co1.qualtrics.com/ControlPanel/Graphic.php?IM=IM_blolyGQSOOsUfLE,0.6835873631860967,1.5768166304614617,0.6837386908296441,1.5767334186345898,0.0848021045813056
white,male,child,neutral,https://uwmadison.co1.qualtrics.com/ControlPanel/Graphic.php?IM=IM_aVlK7szVW3JAA4K,1.5512577438979955,0.8674116480200778,1.5512708157319322,0.8675006025299229,-0.43707151764073
bipoc,female,adult,sadness,https://uwmadison.co1.qualtrics.com/ControlPanel/Graphic.php?IM=IM_6KEpMh9qlyvMRAa,-1.2236772819953081,0.05298906881896281,-1.22366874162044,0.0530053569511635,0.07047182077262595
bipoc,female,child,sadness,https://uwmadison.co1.qualtrics.com/ControlPanel/Graphic.php?IM=IM_etimLaMrS2pVAAS,-1.2915415782738275,0.17566181296404026,-1.291661878032457,0.17568553256068625,-0.4080489444700455
bipoc,male,adult,sadness,https://uwmadison.co1.qualtrics.com/ControlPanel/Graphic.php?IM=IM_dbf2dyj7KGtrN2e,-1.2203741834176884,0.19654110490258767,-1.2203354612387611,0.19654373859159854,-0.00033231995478674324
bipoc,male,child,sadness,https://uwmadison.co1.qualtrics.com/ControlPanel/Graphic.php?IM=IM_eVzPpFKIfopOW1w,-1.4762616284125105,0.25708905266050974,-1.4763149191908715,0.25711724922194307,-0.3092704408474982
white,female,adult,sadness,https://uwmadison.co1.qualtrics.com/ControlPanel/Graphic.php?IM=IM_9EKbisrli19qicS,-1.1347532416353716,0.13025088976807095,-1.1347155378427785,0.13018599401637412,-0.3026595374840929
white,female,child,sadness,https://uwmadison.co1.qualtrics.com/ControlPanel/Graphic.php?IM=IM_55Rjm0S1oR1ox1k,-1.440022317071352,0.2620543271985978,-1.4401659847544377,0.2621168134569526,-0.4554315880940538
white,male,adult,sadness,https://uwmadison.co1.qualtrics.com/ControlPanel/Graphic.php?IM=IM_8j4LSlE16vL228e,-0.21171417097032033,0.8740356741798165,-0.2116682409794208,0.8740156123885973,0.16930352517675157
white,male,child,sadness,https://uwmadison.co1.qualtrics.com/ControlPanel/Graphic.php?IM=IM_1BzaOxAnlvpmh8i,-1.0001295922628546,0.31485191249765265,-1.0001297308973331,0.31482489175155,-0.3835916614369246
bipoc,female,adult,surprise,https://uwmadison.co1.qualtrics.com/ControlPanel/Graphic.php?IM=IM_8FZs4DGyzYKeKQ6,0.39440538340557046,-0.5761257837212589,0.39439854135627617,-0.5761171610438884,0.2184275091454265
bipoc,female,child,surprise,https://uwmadison.co1.qualtrics.com/ControlPanel/Graphic.php?IM=IM_06dsRWFrfc92PVI,0.21886500804928938,-0.5443547283076031,0.2189257561354915,-0.5444016779987331,0.7732673099522864
bipoc,male,adult,surprise,https://uwmadison.co1.qualtrics.com/ControlPanel/Graphic.php?IM=IM_0JI5joczfCXyM4K,-0.192820768643421,-0.7549771287360827,-0.19270399698890675,-0.7550227928108252,1.2222696377103257
bipoc,male,child,surprise,https://uwmadison.co1.qualtrics.com/ControlPanel/Graphic.php?IM=IM_39MTmWdmGCliDga,0.5006795134131141,-0.7443426380264372,0.5006059844376417,-0.7443054357766973,-0.1160694800219736
white,female,adult,surprise,https://uwmadison.co1.qualtrics.com/ControlPanel/Graphic.php?IM=IM_1X6032Sa3Q1kaKa,0.408587723243212,-0.8278838699143805,0.4086359793156476,-0.8278210485071084,1.178398607987842
white,female,child,surprise,https://uwmadison.co1.qualtrics.com/ControlPanel/Graphic.php?IM=IM_ah0qjH5kqDuQUhE,0.0411987632120449,-0.7642110155846653,0.04113922733807213,-0.7641876347666453,1.1842899315873447
white,male,adult,surprise,https://uwmadison.co1.qualtrics.com/ControlPanel/Graphic.php?IM=IM_9yvGSAqzpAmAcT4,0.05556112994633857,-0.6732893822784689,0.05552153548393175,-0.6732439223428864,1.4671206187575803
white,male,child,surprise,https://uwmadison.co1.qualtrics.com/ControlPanel/Graphic.php?IM=IM_dmTME6d2MAg1Tb8,0.5663476487453238,-0.017639959019429267,0.5661726240191334,-0.017615800702623047,1.2170629761311753
bipoc,female,adult,uncertain,https://uwmadison.co1.qualtrics.com/ControlPanel/Graphic.php?IM=IM_6x0zlBArY56cHem,0.3556071231310126,-0.9362787370571726,0.35563102696077015,-0.9363030084893099,-0.4728849574201647
bipoc,female,child,uncertain,https://uwmadison.co1.qualtrics.com/ControlPanel/Graphic.php?IM=IM_9BqHT20xS13gotg,0.32836371469559905,1.1399678105109794,0.3282845371598749,1.1399389357944203,0.20082031037607362
bipoc,male,adult,uncertain,https://uwmadison.co1.qualtrics.com/ControlPanel/Graphic.php?IM=IM_8feaAnE3DavOGFg,0.3225824695065041,-0.9483226184195154,0.3226416498480558,-0.9483512994213524,-0.11009018369041036
bipoc,male,child,uncertain,https://uwmadison.co1.qualtrics.com/ControlPanel/Graphic.php?IM=IM_0v92GxoJl7KL9HM,1.0274953742174455,0.11828496435065988,1.0277468931553988,0.11825477226304003,-0.3215688867529633
white,female,adult,uncertain,https://uwmadison.co1.qualtrics.com/ControlPanel/Graphic.php?IM=IM_88R1RMz4mseoRkW,0.09770553861050083,0.5864260139048746,0.09816947479287023,0.5861925405127595,-0.2313920921830529
white,female,child,uncertain,https://uwmadison.co1.qualtrics.com/ControlPanel/Graphic.php?IM=IM_8jkP8HhjPXmgNPE,-0.5481191770813184,0.3801238535508854,-0.5481816740021399,0.3801579837204189,-0.5681589254021511
white,male,adult,uncertain,https://uwmadison.co1.qualtrics.com/ControlPanel/Graphic.php?IM=IM_81e4y8XbeDW4Ew6,0.5323967199170485,-0.404490182757118,0.5325547072223288,-0.4044559439719153,0.26270083602013894
white,male,child,uncertain,https://uwmadison.co1.qualtrics.com/ControlPanel/Graphic.php?IM=IM_6lfDwHho7YysGIS,0.36015139331563145,-0.2550805048692201,0.3594428325521663,-0.2547927341359321,1.174796736982818
,,,attention,https://uwmadison.co1.qualtrics.com/ControlPanel/Graphic.php?IM=IM_bHKuEbEutfv7zuu,-0.06398521101395191,-0.281014142254514,-0.06395800342208721,-0.28102866640100055,-0.038920929520956146
bipoc,female,adult,anger,https://uwmadison.co1.qualtrics.com/ControlPanel/Graphic.php?IM=IM_6J5KVNyTENDNC4K,-0.6393394828694616,0.4877900875172307,-0.6393435355152888,0.48783590162603835,-0.4272642171404782
bipoc,female,child,anger,https://uwmadison.co1.qualtrics.com/ControlPanel/Graphic.php?IM=IM_ehdQVRQn8kI6rNI,-0.4262801206179741,0.8240167760522689,-0.4263421633697147,0.8240626441497145,-0.19138740887002964
bipoc,male,adult,anger,https://uwmadison.co1.qualtrics.com/ControlPanel/Graphic.php?IM=IM_4OulgTPxBAgu0Qu,0.15900503966434623,1.5288295671554635,0.15923409270102934,1.5288064472759602,-0.1397545659514754
bipoc,male,child,anger,https://uwmadison.co1.qualtrics.com/ControlPanel/Graphic.php?IM=IM_82jdttMjk3552E6,-0.7683162641014183,0.4546630308752118,-0.7683921718773344,0.45472236739510574,-0.5643161063070298
white,female,adult,anger,https://uwmadison.co1.qualtrics.com/ControlPanel/Graphic.php?IM=IM_b1KYrTe9d0HebfU,-0.7653633305030993,-0.03783816440352563,-0.7654047479085895,-0.03781338811970575,-0.6852654249965198
white,female,child,anger,https://uwmadison.co1.qualtrics.com/ControlPanel/Graphic.php?IM=IM_3QtW28KFGllSVBI,-0.10733116053376922,0.420706539122619,-0.10738607481396774,0.4207322443712964,-0.017881679621609286
white,male,adult,anger,https://uwmadison.co1.qualtrics.com/ControlPanel/Graphic.php?IM=IM_eb7s42ZIPiC9Z66,-0.7003747005701862,0.07267144222112716,-0.7004213941608539,0.07269704409648965,-0.646483767419643
white,male,child,anger,https://uwmadison.co1.qualtrics.com/ControlPanel/Graphic.php?IM=IM_dhTzFnZMWrTfBGK,-0.5692557484076572,-0.06474610574101271,-0.5693004612842321,-0.06471068245885721,-0.3917405545553278
bipoc,female,adult,disgust,https://uwmadison.co1.qualtrics.com/ControlPanel/Graphic.php?IM=IM_0kOdQHclITzXgIC,-0.3132788767286316,-0.05454714427662547,-0.3132817478524252,-0.054575815626881935,0.5220506014926415
bipoc,female,child,disgust,https://uwmadison.co1.qualtrics.com/ControlPanel/Graphic.php?IM=IM_e9BJyTeFPLQ7ZUq,-0.25099259009856584,0.0750980982545229,-0.251028294476158,0.07513727605886986,0.7045535809476936
bipoc,male,adult,disgust,https://uwmadison.co1.qualtrics.com/ControlPanel/Graphic.php?IM=IM_1Zx26VAbwv9uFFQ,-0.8454968317399231,0.018479354516917634,-0.8453606223002735,0.01832506798104223,-0.666986484404808
bipoc,male,child,disgust,https://uwmadison.co1.qualtrics.com/ControlPanel/Graphic.php?IM=IM_bjzYq2UEKkXH7aC,-0.8772987941784661,0.28249768496698685,-0.8773114974964201,0.2825303085857955,-0.36881663396185943
white,female,adult,disgust,https://uwmadison.co1.qualtrics.com/ControlPanel/Graphic.php?IM=IM_5hkOSrFORUoHopM,-0.1514334971667236,-0.2868540467392897,-0.15135980781756708,-0.28690587821084357,-0.12270697932682927
white,female,child,disgust,https://uwmadison.co1.qualtrics.com/ControlPanel/Graphic.php?IM=IM_244QOC2to2Jetca,-0.25749231633926856,-0.23895033242586253,-0.25752402244777306,-0.2389979612159041,-0.4686294953383289
white,male,adult,disgust,https://uwmadison.co1.qualtrics.com/ControlPanel/Graphic.php?IM=IM_7aEgC4sWsfM5I5E,-0.7716202818977116,0.18250345410631177,-0.771534820901744,0.1824409271096161,-0.3809407503977162
white,male,child,disgust,https://uwmadison.co1.qualtrics.com/ControlPanel/Graphic.php?IM=IM_7P182C9dn0ypgtE,-0.6017680102004491,0.29511847932020874,-0.60174364474735,0.2951298570034201,-0.4229596922183951
bipoc,female,adult,fear,https://uwmadison.co1.qualtrics.com/ControlPanel/Graphic.php?IM=IM_9tzXvOnfZ589gH4,-0.7531020549996624,-0.32929850371321007,-0.7529932563345835,-0.3293156956476742,0.842086478748726
bipoc,female,child,fear,https://uwmadison.co1.qualtrics.com/ControlPanel/Graphic.php?IM=IM_0BVeUJelcjahWwC,-1.2886740435557558,0.08132910182862683,-1.2886993988667486,0.08132763392197422,0.04140467093417604
bipoc,male,adult,fear,https://uwmadison.co1.qualtrics.com/ControlPanel/Graphic.php?IM=IM_e3vAzbw1fMlXZyu,-0.27878027202346617,-0.7121519335724557,-0.27863466761518,-0.7121922286209732,1.3759413071908266
bipoc,male,child,fear,https://uwmadison.co1.qualtrics.com/ControlPanel/Graphic.php?IM=IM_byJrSqTzp3ZhZ9Y,0.06643813493983251,-0.07073791433970317,0.06633030031175541,-0.07071162660901896,0.7690228696915471
white,female,adult,fear,https://uwmadison.co1.qualtrics.com/ControlPanel/Graphic.php?IM=IM_5AWayt9Py1ZQmUe,-0.3155341315055872,-0.6154546789065919,-0.31546394198657013,-0.6154977386045303,0.08875756562922707
white,female,child,fear,https://uwmadison.co1.qualtrics.com/ControlPanel/Graphic.php?IM=IM_40G6uAIeohgXMGi,0.006231788558819099,-0.7529642735261693,0.006339338257625998,-0.7530217545704383,1.3557159076829308
white,male,adult,fear,https://uwmadison.co1.qualtrics.com/ControlPanel/Graphic.php?IM=IM_9WR2cEWgwYWx7sa,-0.5096560874205757,-0.13692747491838528,-0.5097907013844502,-0.13680566786452272,1.1241291849696045
white,male,child,fear,https://uwmadison.co1.qualtrics.com/ControlPanel/Graphic.php?IM=IM_0AKqpsdouereE5M,-0.7845590331027293,0.13231270137594342,-0.7846414949288834,0.13235598098766516,0.19617747864368942
bipoc,female,adult,happiness,https://uwmadison.co1.qualtrics.com/ControlPanel/Graphic.php?IM=IM_0xPTvIpG1sPU3QO,0.705374738165291,-0.8612269391142677,0.7053032820029599,-0.8612067794699474,-0.8031562724915751
bipoc,female,child,happiness,https://uwmadison.co1.qualtrics.com/ControlPanel/Graphic.php?IM=IM_cGTIBhdTVZFLwdE,0.8176363848613996,-0.6247099967631401,0.8176933597450474,-0.624717362851746,-0.7214505592352047
bipoc,male,adult,happiness,https://uwmadison.co1.qualtrics.com/ControlPanel/Graphic.php?IM=IM_bEDlxRqiOdpCl1Q,0.8715481257537416,-0.7287565352095509,0.8715170294984615,-0.7287463640687968,-0.8615520786486968
bipoc,male,child,happiness,https://uwmadison.co1.qualtrics.com/ControlPanel/Graphic.php?IM=IM_0UkPGjTodmzqM9U,0.794344652845454,-0.6558885365306366,0.7942270533816489,-0.6558585443690227,-0.6999289366622858
white,female,adult,happiness,https://uwmadison.co1.qualtrics.com/ControlPanel/Graphic.php?IM=IM_3sodPsRm6g6as06,0.8776165897358598,-0.5532641982197835,0.8776352741747901,-0.5532013264663439,-0.49341652994007307
white,female,child,happiness,https://uwmadison.co1.qualtrics.com/ControlPanel/Graphic.php?IM=IM_aWrmbq9vyHFZmTk,0.6440724477240884,-0.6685612072075069,0.6441306179990667,-0.6685713682477574,-0.4391876206135212
white,male,adult,happiness,https://uwmadison.co1.qualtrics.com/ControlPanel/Graphic.php?IM=IM_ewCuSR8n6UYi2MK,0.5578185223312417,-0.6585996086260435,0.5579518486874242,-0.6586773531022794,-0.6896144542518595
white,male,child,happiness,https://uwmadison.co1.qualtrics.com/ControlPanel/Graphic.php?IM=IM_2hrynYgwGLMuDUG,0.8989999962687338,-0.9106445473566167,0.898975196517212,-0.9106328846643124,-0.9304224264907548
bipoc,female,adult,neutral,https://uwmadison.co1.qualtrics.com/ControlPanel/Graphic.php?IM=IM_39Riowawi2KEmV0,0.24326560206235617,1.3689819165221346,0.24326914753746662,1.3690065918943484,-0.17353442645416492
bipoc,female,child,neutral,https://uwmadison.co1.qualtrics.com/ControlPanel/Graphic.php?IM=IM_5bFJqMaV53Zsy0K,1.2092895185629058,0.7853158130762682,1.2092677092245325,0.7853502184496725,0.4033305396221677
bipoc,male,adult,neutral,https://uwmadison.co1.qualtrics.com/ControlPanel/Graphic.php?IM=IM_3gSfRO9Zt2G8NP8,0.6673850171076632,1.405936307058154,0.667542120696011,1.4059284133039083,-0.15759259416850363
bipoc,male,child,neutral,https://uwmadison.co1.qualtrics.com/ControlPanel/Graphic.php?IM=IM_bw2zfW24xOcYU9o,1.3178057343833423,1.342924506310183,1.3177947215635528,1.3428898733410923,0.2926376374948905
white,female,adult,neutral,https://uwmadison.co1.qualtrics.com/ControlPanel/Graphic.php?IM=IM_bqKH78xvssoHVoG,0.9361764408183583,1.5581828803112496,0.9365146075669007,1.5581445502801972,-0.24237356479940264
white,female,child,neutral,https://uwmadison.co1.qualtrics.com/ControlPanel/Graphic.php?IM=IM_7WGuIqyEG3TilMi,0.8876646642069954,1.1890386563872823,0.8875537173360564,1.189057813745405,0.23588373351563616
white,male,adult,neutral,https://uwmadison.co1.qualtrics.com/ControlPanel/Graphic.php?IM=IM_9zQEAVQQyKfTlUG,1.0491898005366276,0.8240699056593338,1.049137782350063,0.8240482478254861,0.2558522653586566
white,male,child,neutral,https://uwmadison.co1.qualtrics.com/ControlPanel/Graphic.php?IM=IM_7PAyQLJg8l8nBSS,1.0291878909186962,1.5623887135358765,1.0291189529922817,1.5623879509796175,0.5079254894540925
bipoc,female,adult,sadness,https://uwmadison.co1.qualtrics.com/ControlPanel/Graphic.php?IM=IM_83amQw1mO0Wac06,-0.7158319301898318,0.5255611112020222,-0.715812228292355,0.5255805947082558,-0.10125269016403549
bipoc,female,child,sadness,https://uwmadison.co1.qualtrics.com/ControlPanel/Graphic.php?IM=IM_73Yp8FVd9OfjPP8,-1.1193992770765246,0.2834183406862729,-1.1194849967933003,0.2834743164986243,-0.5105326840734171
bipoc,male,adult,sadness,https://uwmadison.co1.qualtrics.com/ControlPanel/Graphic.php?IM=IM_dahScWh9wdBUhlY,-1.2437339594936376,0.11827184442748602,-1.2437655882823935,0.1182678042558907,-0.18838041292959054
bipoc,male,child,sadness,https://uwmadison.co1.qualtrics.com/ControlPanel/Graphic.php?IM=IM_77jUBNTFvgA7yxU,-1.1884912457693784,0.18437535001670338,-1.188617393565381,0.18442270532549257,-0.4175295166466394
white,female,adult,sadness,https://uwmadison.co1.qualtrics.com/ControlPanel/Graphic.php?IM=IM_7NHotnPd2lT9Foa,-0.8133845817883867,0.4260156864546313,-0.8133054885737274,0.42595742867869457,-0.46410094226345366
white,female,child,sadness,https://uwmadison.co1.qualtrics.com/ControlPanel/Graphic.php?IM=IM_0pqIA60jUTgdaQe,-1.128595901789715,0.35144593934337787,-1.1285493252281622,0.35141801050381266,-0.47572312652910037
white,male,adult,sadness,https://uwmadison.co1.qualtrics.com/ControlPanel/Graphic.php?IM=IM_bNT78GDXgMqiTLU,-0.3584263954985416,0.8162916845200183,-0.35826407152086637,0.8162514006274806,-0.3385972311827859
white,male,child,sadness,https://uwmadison.co1.qualtrics.com/ControlPanel/Graphic.php?IM=IM_5au9MLWYoSZyrj0,-1.2646522369227335,0.30632214298405713,-1.26475802723518,0.3063663220943088,-0.43740373211338895
bipoc,female,adult,surprise,https://uwmadison.co1.qualtrics.com/ControlPanel/Graphic.php?IM=IM_bjThcsBImEknzmu,0.4134005637649714,-0.9625043908373423,0.4134158683025259,-0.9625141967781646,0.07428307277596125
bipoc,female,child,surprise,https://uwmadison.co1.qualtrics.com/ControlPanel/Graphic.php?IM=IM_71mMacKzqNZRVpc,0.9105351013766457,0.8486898450308671,0.9104749336261397,0.8486739913151505,0.9529052027131946
bipoc,male,adult,surprise,https://uwmadison.co1.qualtrics.com/ControlPanel/Graphic.php?IM=IM_aaEwobdBBZ4nn02,-0.31686061246317043,-0.38777552510216645,-0.3170622421534367,-0.38767271539053844,1.3493803469527423
bipoc,male,child,surprise,https://uwmadison.co1.qualtrics.com/ControlPanel/Graphic.php?IM=IM_cwfzFfgNMrzdDeu,-0.10004447214655814,-0.7725030352150347,-0.10003485804913695,-0.7725286059317507,0.3327434425923078
white,female,adult,surprise,https://uwmadison.co1.qualtrics.com/ControlPanel/Graphic.php?IM=IM_2s03op8efMn39Eq,0.03331415577657533,-0.8014461223867518,0.03343209051222006,-0.801493360914576,1.0840123405332767
white,female,child,surprise,https://uwmadison.co1.qualtrics.com/ControlPanel/Graphic.php?IM=IM_3VrkAIN5BOdlfWm,0.44959350207540033,0.09558943820934547,0.44948929264574533,0.09561315259541668,1.1823258358440392
white,male,adult,surprise,https://uwmadison.co1.qualtrics.com/ControlPanel/Graphic.php?IM=IM_2004WZkMOAt3rVk,-0.2657445533497368,-0.5841492397410958,-0.2655717817835946,-0.584198807041888,0.9491327193087207
white,male,child,surprise,https://uwmadison.co1.qualtrics.com/ControlPanel/Graphic.php?IM=IM_0Tk0DUpmSjqZP9Q,-0.18987672827312221,-0.667452477890937,-0.1899352912463178,-0.6674255183648273,0.030058969560823868
bipoc,female,adult,uncertain,https://uwmadison.co1.qualtrics.com/ControlPanel/Graphic.php?IM=IM_74kgKNSWDU7crjM,0.6757299355661814,-0.3105082747714678,0.6755216415902577,-0.3104404796986684,-0.6906119845682701
bipoc,female,child,uncertain,https://uwmadison.co1.qualtrics.com/ControlPanel/Graphic.php?IM=IM_cJi6x6m1lHypqN8,0.4011233645509278,-0.19712967906112394,0.4009325935971517,-0.19704586606219948,-0.06008650358127089
bipoc,male,adult,uncertain,https://uwmadison.co1.qualtrics.com/ControlPanel/Graphic.php?IM=IM_afrF8KFiXbEcR2S,-0.03402335256301166,-0.5985040372983861,-0.033922795427689334,-0.5985043914494221,-0.21289163345119802
bipoc,male,child,uncertain,https://uwmadison.co1.qualtrics.com/ControlPanel/Graphic.php?IM=IM_eaf2nwmlYn6uJKu,-0.09636450239476162,0.9415247894253664,-0.09644494912191964,0.9416188730414841,0.03389511271594298
white,female,adult,uncertain,https://uwmadison.co1.qualtrics.com/ControlPanel/Graphic.php?IM=IM_4Z2olPR08fo1FQO,0.13935645867139998,-0.47137962732717864,0.13934108322673486,-0.47136323472640235,1.1767245222029783
white,female,child,uncertain,https://uwmadison.co1.qualtrics.com/ControlPanel/Graphic.php?IM=IM_8bHO7XfbqxRugTQ,0.24687590213720323,-0.34574613279914806,0.24624858335927335,-0.34543180208029906,0.7267311268667913
white,male,adult,uncertain,https://uwmadison.co1.qualtrics.com/ControlPanel/Graphic.php?IM=IM_3wreUCj6TLHFC4K,0.6038439766093799,0.4910416576976471,0.6040419486490396,0.49099248073430257,0.2815475986774178
white,male,child,uncertain,https://uwmadison.co1.qualtrics.com/ControlPanel/Graphic.php?IM=IM_eMb3pnSJgKC0VFk,0.4595636974752013,-0.661718277959644,0.4595211743424168,-0.661728917593836,-0.17362503127900783
,,,attention,https://uwmadison.co1.qualtrics.com/ControlPanel/Graphic.php?IM=IM_e2rLzge28QpFG6y,-0.06398521101395191,-0.281014142254514,-0.06395800342208727,-0.28102866640100055,-0.038920929520956146
bipoc,female,adult,anger,https://uwmadison.co1.qualtrics.com/ControlPanel/Graphic.php?IM=IM_9WTZdrQmZK2OL54,-0.9108734826350711,0.3866112297602501,-0.9108416343489215,0.3866402577898568,-0.2614406124828989
bipoc,female,child,anger,https://uwmadison.co1.qualtrics.com/ControlPanel/Graphic.php?IM=IM_824LzNsLYNku2OO,-0.6224027892446661,0.18215351158341364,-0.6224496686145908,0.18218350063448344,-0.4547559118685507
bipoc,male,adult,anger,https://uwmadison.co1.qualtrics.com/ControlPanel/Graphic.php?IM=IM_bkMyZNBgUg8ZlNY,-0.5480367183320176,0.05051479404774381,-0.5480274006064839,0.05049560055591805,-0.3483075870489228
bipoc,male,child,anger,https://uwmadison.co1.qualtrics.com/ControlPanel/Graphic.php?IM=IM_3rsoVFgV6TcS9fg,-0.22294047919301188,0.48827418816653867,-0.2228903073529033,0.4882687269514308,-0.23888617654791705
white,female,adult,anger,https://uwmadison.co1.qualtrics.com/ControlPanel/Graphic.php?IM=IM_cPfESJKHoFDaWUe,-0.6240327444437923,-0.13906555450491245,-0.6240436566394467,-0.1390968079620694,-0.7531119879701585
white,female,child,anger,https://uwmadison.co1.qualtrics.com/ControlPanel/Graphic.php?IM=IM_bHfE8z5stIRm0zI,-0.7247532016601729,0.09912628826771237,-0.7248433664222221,0.09917800503236948,-0.5023835000312935
white,male,adult,anger,https://uwmadison.co1.qualtrics.com/ControlPanel/Graphic.php?IM=IM_cCHIBQubXKS0CiO,0.3153099510276022,1.1165756650299365,0.31533394061342923,1.1165453059253576,-0.06084071924590974
white,male,child,anger,https://uwmadison.co1.qualtrics.com/ControlPanel/Graphic.php?IM=IM_5AcJkrT27k6XRmm,-0.5579221066663054,0.14028620895505683,-0.5580019240018177,0.1403249419701267,-0.2897919648677768
bipoc,female,adult,disgust,https://uwmadison.co1.qualtrics.com/ControlPanel/Graphic.php?IM=IM_bsHb1M3p1kgjsF0,-0.5401519621279894,0.03162563632578018,-0.5401332725572112,0.031597170357269805,-0.49207758966043424
bipoc,female,child,disgust,https://uwmadison.co1.qualtrics.com/ControlPanel/Graphic.php?IM=IM_0SwhYgwrLxTB3LM,0.2831767948279045,-0.3336133469083075,0.2830984957694762,-0.33355723481318555,-0.4638053980823388
bipoc,male,adult,disgust,https://uwmadison.co1.qualtrics.com/ControlPanel/Graphic.php?IM=IM_bemvKCbRtShtR0a,-0.5953834432777066,0.14359711061203898,-0.5952996097407376,0.14361111956658498,0.03338195794962459
bipoc,male,child,disgust,https://uwmadison.co1.qualtrics.com/ControlPanel/Graphic.php?IM=IM_7WCRz9fBbsgi9Qq,-0.0614465993096745,0.449873621299001,-0.06152208301704923,0.449858632201904,0.25948541022440447
white,female,adult,disgust,https://uwmadison.co1.qualtrics.com/ControlPanel/Graphic.php?IM=IM_eKdiMX7YPesWOlU,0.02989163456426496,-0.5980646531913314,0.029933949648794242,-0.5981125188982862,-0.3135042483918724
white,female,child,disgust,https://uwmadison.co1.qualtrics.com/ControlPanel/Graphic.php?IM=IM_0JVrdbvlyGSXcLI,-0.5073374465791756,0.00988381680730973,-0.507313746668097,0.009833235860148629,-0.3005296904409589
white,male,adult,disgust,https://uwmadison.co1.qualtrics.com/ControlPanel/Graphic.php?IM=IM_1zU5YqWz2acbM8K,-0.2821186208190825,-0.31240697282576374,-0.2820476722114914,-0.31244701828935173,0.523128188928615
white,male,child,disgust,https://uwmadison.co1.qualtrics.com/ControlPanel/Graphic.php?IM=IM_74HB0t6zgma9YNw,-0.3533193331502341,-0.03705542592127698,-0.35333094513689267,-0.037076292563435385,-0.045025990662098794
bipoc,female,adult,fear,https://uwmadison.co1.qualtrics.com/ControlPanel/Graphic.php?IM=IM_0MwMgspcIIF1ew6,-0.7536175332035837,-0.28366174533682087,-0.7535818756230362,-0.28368186804424245,0.49487886269587117
bipoc,female,child,fear,https://uwmadison.co1.qualtrics.com/ControlPanel/Graphic.php?IM=IM_bHrOB3j3PtW4R0i,0.20110222977781606,-0.27860364768701196,0.20101980492644295,-0.2786032020365004,0.9691679877550445
bipoc,male,adult,fear,https://uwmadison.co1.qualtrics.com/ControlPanel/Graphic.php?IM=IM_8B72pKihkAZkIFU,-0.641343090430453,0.15772739633632632,-0.6413153306613653,0.1576935554312417,0.24863814723593639
bipoc,male,child,fear,https://uwmadison.co1.qualtrics.com/ControlPanel/Graphic.php?IM=IM_9mlWGWUpvpQZa5M,-0.9984605241673488,0.1801139941693214,-0.9984896333155271,0.18010437676859062,-0.32742807090375553
white,female,adult,fear,https://uwmadison.co1.qualtrics.com/ControlPanel/Graphic.php?IM=IM_e38mxw6nO1WY6Cq,-0.43792284186717767,-0.27470312038302147,-0.437855507350347,-0.27473362605943974,0.7195097780135415
white,female,child,fear,https://uwmadison.co1.qualtrics.com/ControlPanel/Graphic.php?IM=IM_cBJFYlMueaaR03k,0.4035176661573697,0.1799076225735298,0.40351158194024817,0.17984235880831137,0.6079167824067341
white,male,adult,fear,https://uwmadison.co1.qualtrics.com/ControlPanel/Graphic.php?IM=IM_4Z1hhf1G3PvXBci,-0.1563925194374852,-0.6158003391804523,-0.15627585555913118,-0.6158521493921021,0.4901925526356169
white,male,child,fear,https://uwmadison.co1.qualtrics.com/ControlPanel/Graphic.php?IM=IM_9mNPsRAgBbHenPM,-0.21374383762918045,-0.5446527256098879,-0.21357013589985563,-0.5447286465977803,1.011573244427285
bipoc,female,adult,happiness,https://uwmadison.co1.qualtrics.com/ControlPanel/Graphic.php?IM=IM_0GtSGAki0COJYO2,0.5924511414081371,-0.6092977026308977,0.5923528313047264,-0.6092671984690345,-0.4568243743210336
bipoc,female,child,happiness,https://uwmadison.co1.qualtrics.com/ControlPanel/Graphic.php?IM=IM_e2tmtlm0JLZje0S,0.7523715399869665,-0.362046912361943,0.7524440776401956,-0.36211123007443324,-0.3484499694003285
bipoc,male,adult,happiness,https://uwmadison.co1.qualtrics.com/ControlPanel/Graphic.php?IM=IM_agxa9UIrTk07jxQ,0.901023755991724,-0.81333205141271,0.9009746222929608,-0.8132602001980745,-0.68693791342964
bipoc,male,child,happiness,https://uwmadison.co1.qualtrics.com/ControlPanel/Graphic.php?IM=IM_d060VdjZY82W38W,0.7119244721570225,-1.0351674310983632,0.7120231442351012,-1.0351894153045778,-0.7294468482819263
white,female,adult,happiness,https://uwmadison.co1.qualtrics.com/ControlPanel/Graphic.php?IM=IM_57Gr1XAHK9uhWES,0.6870148981735802,-0.9075467347231767,0.6869449837121796,-0.9075024963924,-0.7620863572250873
white,female,child,happiness,https://uwmadison.co1.qualtrics.com/ControlPanel/Graphic.php?IM=IM_d5NMiWqa2jpUDLo,0.5782642281118282,-0.8589453528356018,0.5782833815482176,-0.8589486724655531,-0.6049145708295643
white,male,adult,happiness,https://uwmadison.co1.qualtrics.com/ControlPanel/Graphic.php?IM=IM_3NR7AkPxBUkdOQe,0.7723358456333599,-0.9215481291323071,0.7723605517125381,-0.9215472636197626,-0.8559344237562054
white,male,child,happiness,https://uwmadison.co1.qualtrics.com/ControlPanel/Graphic.php?IM=IM_eWnGys8SLE5J3Cu,0.6123479527231745,-1.035804164708416,0.6122878288887479,-1.0358112236296186,-0.8071203235195694
bipoc,female,adult,neutral,https://uwmadison.co1.qualtrics.com/ControlPanel/Graphic.php?IM=IM_8Bsr2LNg85rxVgW,0.8607604918355307,1.0244138130923033,0.8608017217608607,1.0243903069481233,-0.22650901147346883
bipoc,female,child,neutral,https://uwmadison.co1.qualtrics.com/ControlPanel/Graphic.php?IM=IM_dmqopZwVD7uBVVY,0.9475026687525403,0.23539927593663684,0.9475088150695368,0.23537892243304034,-0.40599718966123755
bipoc,male,adult,neutral,https://uwmadison.co1.qualtrics.com/ControlPanel/Graphic.php?IM=IM_2ubTkbpnURV3shw,0.6708904011391703,1.160037305726286,0.6709363966495745,1.1600347929348023,-0.27410210052137535
bipoc,male,child,neutral,https://uwmadison.co1.qualtrics.com/ControlPanel/Graphic.php?IM=IM_bJGSnsoGjBoS3VY,1.0504805577817504,1.3402516138946354,1.0504235422134116,1.3401954132246279,0.08371263728164785
white,female,adult,neutral,https://uwmadison.co1.qualtrics.com/ControlPanel/Graphic.php?IM=IM_87jMTnzp24Gs0US,0.9733817074784437,0.20746776270075715,0.973291686330058,0.2075176567001215,-0.2617160792529482
white,female,child,neutral,https://uwmadison.co1.qualtrics.com/ControlPanel/Graphic.php?IM=IM_ePc7Ntc4cXqTP70,1.1149269085688656,0.7944692173435232,1.1146111064858621,0.7945879927490541,-0.434386097517279
white,male,adult,neutral,https://uwmadison.co1.qualtrics.com/ControlPanel/Graphic.php?IM=IM_1X1sCzklzGvx2tg,1.1220252060030502,0.8781148543170412,1.1220150911486688,0.8780828597699657,0.15853844193066965
white,male,child,neutral,https://uwmadison.co1.qualtrics.com/ControlPanel/Graphic.php?IM=IM_6EA9nLCkNjdA69M,0.4832020882652906,1.3142496303786442,0.48298737767450717,1.3143614110674038,0.20951613328514607
bipoc,female,adult,sadness,https://uwmadison.co1.qualtrics.com/ControlPanel/Graphic.php?IM=IM_6A6ANrMmpt0lXFQ,-0.43466186000278256,0.4559036853732536,-0.43455340384223895,0.4558351374552622,-0.08358505904916148
bipoc,female,child,sadness,https://uwmadison.co1.qualtrics.com/ControlPanel/Graphic.php?IM=IM_6AkMWXDnyOPXs6a,-0.15706188440166377,0.31678283997558976,-0.1570281809024542,0.3167248377036173,0.2075593870726063
bipoc,male,adult,sadness,https://uwmadison.co1.qualtrics.com/ControlPanel/Graphic.php?IM=IM_0pvcXJMnnou5XxA,-1.043495505295793,0.24433977057060519,-1.0435100792073002,0.24431155692819878,-0.35405666242002837
bipoc,male,child,sadness,https://uwmadison.co1.qualtrics.com/ControlPanel/Graphic.php?IM=IM_7365JYEsalfFK3c,-0.2343338934643021,0.057609673067616385,-0.23441480984257673,0.05761761464949396,0.1102823133450696
white,female,adult,sadness,https://uwmadison.co1.qualtrics.com/ControlPanel/Graphic.php?IM=IM_4ObHALgYpr6zhn8,-0.9162412754952621,0.3423949269529685,-0.9162325174582036,0.342362746068762,-0.36948918312786827
white,female,child,sadness,https://uwmadison.co1.qualtrics.com/ControlPanel/Graphic.php?IM=IM_4ZMiIx0eAUH9slo,0.18592831036570326,1.065179376561753,0.1857652445646777,1.0652159712374236,-0.2609972890767464
white,male,adult,sadness,https://uwmadison.co1.qualtrics.com/ControlPanel/Graphic.php?IM=IM_8AHT36OY3USaPe6,0.3426726857838236,0.7410731414565278,0.34265174374182517,0.7410340442203436,0.5898946910661444
white,male,child,sadness,https://uwmadison.co1.qualtrics.com/ControlPanel/Graphic.php?IM=IM_cSZwt3HTocE50jk,-1.217946279125408,0.3192285818167408,-1.2180736451726677,0.31928767029555993,-0.38141487260677215
bipoc,female,adult,surprise,https://uwmadison.co1.qualtrics.com/ControlPanel/Graphic.php?IM=IM_aXfd0rmn8jfxoQ6,0.039845123423194205,-0.6131666378521825,0.039960089724978255,-0.6132224725684493,0.9116621965711912
bipoc,female,child,surprise,https://uwmadison.co1.qualtrics.com/ControlPanel/Graphic.php?IM=IM_9Gq0h87bY58MZSu,0.32241518873763886,-0.8131409836939129,0.3224316533133291,-0.8131584478897038,0.07366841617087451
bipoc,male,adult,surprise,https://uwmadison.co1.qualtrics.com/ControlPanel/Graphic.php?IM=IM_268vZXyUpVDK6MK,0.19606299845068395,-0.3238958368244671,0.19615614446934526,-0.3239231852180248,0.6187081772451096
bipoc,male,child,surprise,https://uwmadison.co1.qualtrics.com/ControlPanel/Graphic.php?IM=IM_0V7AZ7Xi8jOjmXY,-0.1634090022693181,-0.2820573325600014,-0.16335435423078018,-0.28206631639191365,0.9710539739444928
white,female,adult,surprise,https://uwmadison.co1.qualtrics.com/ControlPanel/Graphic.php?IM=IM_eeAoCMWS4pQvliK,0.20067781864405626,-0.6361214694243322,0.2006951762169718,-0.6361443479927298,0.622052486000757
white,female,child,surprise,https://uwmadison.co1.qualtrics.com/ControlPanel/Graphic.php?IM=IM_eG4lj9qMfU2nUFg,0.21992961048770845,-1.008569784930213,0.21989299059981596,-1.0085833717332506,-0.09553477523319842
white,male,adult,surprise,https://uwmadison.co1.qualtrics.com/ControlPanel/Graphic.php?IM=IM_eIZrStbqVC3oHTo,-0.18632142170581487,-0.3549459123701716,-0.18621013944435427,-0.35493481590369946,0.8338394249301558
white,male,child,surprise,https://uwmadison.co1.qualtrics.com/ControlPanel/Graphic.php?IM=IM_87ffNHa08KiAYbI,0.3745406929663858,0.45728715655779684,0.37443718662722697,0.4572832152868348,0.809824297543759
bipoc,female,adult,uncertain,https://uwmadison.co1.qualtrics.com/ControlPanel/Graphic.php?IM=IM_bHLXUfPyLDklutg,0.7276139308637348,-0.6888044746009908,0.7272138796017786,-0.6886354124260379,-0.7527526427361418
bipoc,female,child,uncertain,https://uwmadison.co1.qualtrics.com/ControlPanel/Graphic.php?IM=IM_0MzywJJUHEiadCe,0.5803676178517085,-0.874217532625026,0.5804622416370592,-0.8742620841654223,-0.5557203337568359
bipoc,male,adult,uncertain,https://uwmadison.co1.qualtrics.com/ControlPanel/Graphic.php?IM=IM_bw6Y8TC4DgP7vAq,-0.10362637260823061,0.025922078497635996,-0.10360546752664884,0.02588717882220072,0.9190439862705537
bipoc,male,child,uncertain,https://uwmadison.co1.qualtrics.com/ControlPanel/Graphic.php?IM=IM_5yvfzLfqBDAE8XY,0.224263108016772,0.1438377873758635,0.22412255374168877,0.14391643540259846,0.07452978212450048
white,female,adult,uncertain,https://uwmadison.co1.qualtrics.com/ControlPanel/Graphic.php?IM=IM_a64Cxa5gtL3OHKS,-0.12304823416064685,-0.23241397181678686,-0.12303157877757459,-0.23243492131333568,0.33405690508723523
white,female,child,uncertain,https://uwmadison.co1.qualtrics.com/ControlPanel/Graphic.php?IM=IM_beic5cGPkQFDmhU,-0.24792758426759842,0.19561641341785369,-0.24790040199323915,0.19560528993177861,-0.5011678121001151
white,male,adult,uncertain,https://uwmadison.co1.qualtrics.com/ControlPanel/Graphic.php?IM=IM_8oGUDKsFJy6Upeu,0.10227041927227175,-0.17268030140748858,0.10234298236353463,-0.17271671773069694,-0.16642758609104807
white,male,child,uncertain,https://uwmadison.co1.qualtrics.com/ControlPanel/Graphic.php?IM=IM_9tcpk2rnvGGXq7A,0.4297847549759215,0.3596392256435874,0.4298115398383078,0.35965023229867604,-0.0935962728154774
