ethnicity,sex,age,label,url,photoId,x_pca,y_pca
bipoc,female,adult,anger,https://uwmadison.co1.qualtrics.com/ControlPanel/Graphic.php?IM=IM_bJXdODAZHOaG0rI,Q2.1,-0.21488608227241357,0.38269421924842556
bipoc,female,child,anger,https://uwmadison.co1.qualtrics.com/ControlPanel/Graphic.php?IM=IM_37SAhyROGBWVpVs, Q3.1,-0.17134150447300997,-0.06066048910322279
bipoc,male,adult,anger,https://uwmadison.co1.qualtrics.com/ControlPanel/Graphic.php?IM=IM_3QLhY3LefdXzwfI, Q4.1,-0.16251600959212142,-0.08247254678185234
bipoc,male,child,anger,https://uwmadison.co1.qualtrics.com/ControlPanel/Graphic.php?IM=IM_egtCOrU9KOm233M, Q5.1,-0.21788162066431122,-0.055828152716842966
white,female,adult,anger,https://uwmadison.co1.qualtrics.com/ControlPanel/Graphic.php?IM=IM_1Amo6fqrutcZYZo, Q6.1,-0.16334280588521455,0.005939327774832075
white,female,child,anger,https://uwmadison.co1.qualtrics.com/ControlPanel/Graphic.php?IM=IM_1XqAx3FzoRDFZt4, Q7.1,-0.18418938262744297,-0.22482821850414975
white,male,adult,anger,https://uwmadison.co1.qualtrics.com/ControlPanel/Graphic.php?IM=IM_7PC2cgcyr5yUiOy, Q8.1,-0.21661440241666063,0.2620438186082694
white,male,child,anger,https://uwmadison.co1.qualtrics.com/ControlPanel/Graphic.php?IM=IM_9Gfr3sYkHq3hHG6, Q9.1,0.05972619430435214,0.07621622633894214
bipoc,female,adult,disgust,https://uwmadison.co1.qualtrics.com/ControlPanel/Graphic.php?IM=IM_cvFjQlP07m9S7VY, Q10.1,-0.18638159116895958,0.11391294559429935
bipoc,female,child,disgust,https://uwmadison.co1.qualtrics.com/ControlPanel/Graphic.php?IM=IM_4Zxryb4o2ZDgHDo, Q11.1,-0.16268214731872666,0.10792517985866054
bipoc,male,adult,disgust,https://uwmadison.co1.qualtrics.com/ControlPanel/Graphic.php?IM=IM_cIvdFisSzzSMNRI, Q12.1,-0.156702100538464,-0.09517414679957825
bipoc,male,child,disgust,https://uwmadison.co1.qualtrics.com/ControlPanel/Graphic.php?IM=IM_envzka9NlloQh7g, Q13.1,-0.10686801492109868,-0.09040482589950449
white,female,adult,disgust,https://uwmadison.co1.qualtrics.com/ControlPanel/Graphic.php?IM=IM_er3kGiV5nUJCkse, Q14.1,-0.1562636851702539,-0.0808126593397151
white,female,child,disgust,https://uwmadison.co1.qualtrics.com/ControlPanel/Graphic.php?IM=IM_51ruTTJP1FaUeX4, Q15.1,0.4099007489260665,0.011206049735465956
white,male,adult,disgust,https://uwmadison.co1.qualtrics.com/ControlPanel/Graphic.php?IM=IM_4Iuz8TahQUf5rCu, Q16.1,-0.1227477130389118,-0.15705151862027775
white,male,child,disgust,https://uwmadison.co1.qualtrics.com/ControlPanel/Graphic.php?IM=IM_3dtGv9tzZmLa4Cy, Q17.1,-0.06643245205136002,0.0055740607456439065
bipoc,female,adult,fear,https://uwmadison.co1.qualtrics.com/ControlPanel/Graphic.php?IM=IM_6qVleJUYoACmf6C, Q18.1,-0.08751372495931412,-0.3017113748426173
bipoc,female,child,fear,https://uwmadison.co1.qualtrics.com/ControlPanel/Graphic.php?IM=IM_4HJDfrqWWlJ7wRU, Q19.1,-0.07800979055213089,-0.4172590165912344
bipoc,male,adult,fear,https://uwmadison.co1.qualtrics.com/ControlPanel/Graphic.php?IM=IM_54KW05fRgzNmLfE, Q20.1,-0.1199296770506299,-0.35211827242931176
bipoc,male,child,fear,https://uwmadison.co1.qualtrics.com/ControlPanel/Graphic.php?IM=IM_aY2MoY6bfggUc9E, Q21.1,0.027184760587532726,-0.34805828688408175
white,female,adult,fear,https://uwmadison.co1.qualtrics.com/ControlPanel/Graphic.php?IM=IM_1H2GqqCbhjjnp3g, Q22.1,0.008563000225945,-0.4218267701528954
white,female,child,fear,https://uwmadison.co1.qualtrics.com/ControlPanel/Graphic.php?IM=IM_cXRPI85VJ3YAOdo, Q23.1,-0.16418130960622718,-0.39975105719808274
white,male,adult,fear,https://uwmadison.co1.qualtrics.com/ControlPanel/Graphic.php?IM=IM_1z4YnfSQVdhj1Rk, Q24.1,-0.1082063923342098,-0.2036152680488456
white,male,child,fear,https://uwmadison.co1.qualtrics.com/ControlPanel/Graphic.php?IM=IM_24ukMlBx2IZMMuO, Q25.1,0.049452688938380944,-0.1748556747082591
bipoc,female,adult,happiness,https://uwmadison.co1.qualtrics.com/ControlPanel/Graphic.php?IM=IM_5uIGlackw1zchRY, Q26.1,0.18906375236583242,0.3813400094158047
bipoc,female,child,happiness,https://uwmadison.co1.qualtrics.com/ControlPanel/Graphic.php?IM=IM_1LJr1XMUNEEqjEq, Q27.1,0.87152077122907,0.01220015312145352
bipoc,male,adult,happiness,https://uwmadison.co1.qualtrics.com/ControlPanel/Graphic.php?IM=IM_aVKZzBmzWSoXCXY, Q28.1,0.5877460418877257,0.16050041684266805
bipoc,male,child,happiness,https://uwmadison.co1.qualtrics.com/ControlPanel/Graphic.php?IM=IM_da53a1yGEedpOJg, Q29.1,0.888430454327975,0.021273425369452523
white,female,adult,happiness,https://uwmadison.co1.qualtrics.com/ControlPanel/Graphic.php?IM=IM_6hVt2pmEYV6YLwG, Q30.1,0.7895428119676401,0.07260914899942408
white,female,child,happiness,https://uwmadison.co1.qualtrics.com/ControlPanel/Graphic.php?IM=IM_9shhhARAg1o8QcK, Q31.1,0.826920285165337,0.0315120020122062
white,male,adult,happiness,https://uwmadison.co1.qualtrics.com/ControlPanel/Graphic.php?IM=IM_3CWGONIxkNEfLbU, Q32.1,0.7079269820248881,0.04907528444915743
white,male,child,happiness,https://uwmadison.co1.qualtrics.com/ControlPanel/Graphic.php?IM=IM_0lBpULniZBM24Pc, Q33.1,0.8810898048251052,0.04510176773202693
bipoc,female,adult,neutral,https://uwmadison.co1.qualtrics.com/ControlPanel/Graphic.php?IM=IM_80TvOXpOXat9RxI, Q34.1,-0.29675816699984503,0.6739674550842593
bipoc,female,child,neutral,https://uwmadison.co1.qualtrics.com/ControlPanel/Graphic.php?IM=IM_9H2fzde2Rkxr2VU, Q35.1,0.018799904601839158,0.501627353578778
bipoc,male,adult,neutral,https://uwmadison.co1.qualtrics.com/ControlPanel/Graphic.php?IM=IM_cMDFM510Dzc4NKu, Q36.1,-0.26970023013346534,0.517329531227174
bipoc,male,child,neutral,https://uwmadison.co1.qualtrics.com/ControlPanel/Graphic.php?IM=IM_aXk5I4i1e3iZEzk, Q37.1,-0.24344660565207282,0.5164310360156129
white,female,adult,neutral,https://uwmadison.co1.qualtrics.com/ControlPanel/Graphic.php?IM=IM_3lu3qPA43hGxJ4y, Q38.1,-0.24732252840768348,0.47038581288365616
white,female,child,neutral,https://uwmadison.co1.qualtrics.com/ControlPanel/Graphic.php?IM=IM_0pPXIzq4Mrfh7ka, Q39.1,-0.20549910907192795,0.6000350120474022
white,male,adult,neutral,https://uwmadison.co1.qualtrics.com/ControlPanel/Graphic.php?IM=IM_blolyGQSOOsUfLE, Q40.1,-0.21886401221596152,0.4913982204193204
white,male,child,neutral,https://uwmadison.co1.qualtrics.com/ControlPanel/Graphic.php?IM=IM_aVlK7szVW3JAA4K, Q41.1,-0.23619629347473048,0.6884168180226824
bipoc,female,adult,sadness,https://uwmadison.co1.qualtrics.com/ControlPanel/Graphic.php?IM=IM_6KEpMh9qlyvMRAa, Q42.1,-0.19244882292422794,-0.40912591154287836
bipoc,female,child,sadness,https://uwmadison.co1.qualtrics.com/ControlPanel/Graphic.php?IM=IM_etimLaMrS2pVAAS, Q43.1,-0.23583054063812298,-0.46636484548638124
bipoc,male,adult,sadness,https://uwmadison.co1.qualtrics.com/ControlPanel/Graphic.php?IM=IM_dbf2dyj7KGtrN2e, Q44.1,-0.22434495177286873,-0.3798652361412853
bipoc,male,child,sadness,https://uwmadison.co1.qualtrics.com/ControlPanel/Graphic.php?IM=IM_eVzPpFKIfopOW1w, Q45.1,-0.2136135738594404,-0.49714508438837524
white,female,adult,sadness,https://uwmadison.co1.qualtrics.com/ControlPanel/Graphic.php?IM=IM_9EKbisrli19qicS, Q46.1,-0.24083441812762396,-0.46820477398150406
white,female,child,sadness,https://uwmadison.co1.qualtrics.com/ControlPanel/Graphic.php?IM=IM_55Rjm0S1oR1ox1k, Q47.1,-0.2388024380795184,-0.4678399990020622
white,male,adult,sadness,https://uwmadison.co1.qualtrics.com/ControlPanel/Graphic.php?IM=IM_8j4LSlE16vL228e, Q48.1,-0.26927803811404194,0.25830333534263283
white,male,child,sadness,https://uwmadison.co1.qualtrics.com/ControlPanel/Graphic.php?IM=IM_1BzaOxAnlvpmh8i, Q49.1,-0.23320389837156988,-0.4324072348283963
bipoc,female,adult,surprise,https://uwmadison.co1.qualtrics.com/ControlPanel/Graphic.php?IM=IM_8FZs4DGyzYKeKQ6, Q50.1,0.16004763997274193,0.01657027526856813
bipoc,female,child,surprise,https://uwmadison.co1.qualtrics.com/ControlPanel/Graphic.php?IM=IM_06dsRWFrfc92PVI, Q51.1,0.04221205776202232,-0.23850304209640663
bipoc,male,adult,surprise,https://uwmadison.co1.qualtrics.com/ControlPanel/Graphic.php?IM=IM_0JI5joczfCXyM4K, Q52.1,-0.014854488839505263,-0.3464260443280468
bipoc,male,child,surprise,https://uwmadison.co1.qualtrics.com/ControlPanel/Graphic.php?IM=IM_39MTmWdmGCliDga, Q53.1,0.589751892212968,-0.06706971935562779
white,female,adult,surprise,https://uwmadison.co1.qualtrics.com/ControlPanel/Graphic.php?IM=IM_1X6032Sa3Q1kaKa, Q54.1,-0.06251315366173033,-0.07372625380513216
white,female,child,surprise,https://uwmadison.co1.qualtrics.com/ControlPanel/Graphic.php?IM=IM_ah0qjH5kqDuQUhE, Q55.1,-0.0430955220380381,-0.3288407261912865
white,male,adult,surprise,https://uwmadison.co1.qualtrics.com/ControlPanel/Graphic.php?IM=IM_9yvGSAqzpAmAcT4, Q56.1,0.004536223621491637,-0.35766981188466895
white,male,child,surprise,https://uwmadison.co1.qualtrics.com/ControlPanel/Graphic.php?IM=IM_dmTME6d2MAg1Tb8, Q57.1,-0.03761596857105987,-0.03695746185176857
bipoc,female,adult,uncertain,https://uwmadison.co1.qualtrics.com/ControlPanel/Graphic.php?IM=IM_6x0zlBArY56cHem, Q58.1,0.3388897824248078,0.16336446718233744
bipoc,female,child,uncertain,https://uwmadison.co1.qualtrics.com/ControlPanel/Graphic.php?IM=IM_9BqHT20xS13gotg, Q59.1,-0.25032560992981734,0.3961323280481408
bipoc,male,adult,uncertain,https://uwmadison.co1.qualtrics.com/ControlPanel/Graphic.php?IM=IM_8feaAnE3DavOGFg, Q60.1,0.042639222868260426,0.13891204284139114
bipoc,male,child,uncertain,https://uwmadison.co1.qualtrics.com/ControlPanel/Graphic.php?IM=IM_0v92GxoJl7KL9HM, Q61.1,0.02443401417094937,0.46699858806985606
white,female,adult,uncertain,https://uwmadison.co1.qualtrics.com/ControlPanel/Graphic.php?IM=IM_88R1RMz4mseoRkW, Q62.1,-0.14697768923404753,-0.01404405738685316
white,female,child,uncertain,https://uwmadison.co1.qualtrics.com/ControlPanel/Graphic.php?IM=IM_8jkP8HhjPXmgNPE, Q63.1,-0.15388939796551657,-0.10384558042116693
white,male,adult,uncertain,https://uwmadison.co1.qualtrics.com/ControlPanel/Graphic.php?IM=IM_81e4y8XbeDW4Ew6, Q64.1,-0.11410486061059046,0.12618714530459374
white,male,child,uncertain,https://uwmadison.co1.qualtrics.com/ControlPanel/Graphic.php?IM=IM_6lfDwHho7YysGIS, Q65.1,-0.19232122068320506,0.13149351736536907
bipoc,female,adult,anger,https://uwmadison.co1.qualtrics.com/ControlPanel/Graphic.php?IM=IM_6J5KVNyTENDNC4K, Q67.1,-0.18544850904637386,-0.07976258225192448
bipoc,female,child,anger,https://uwmadison.co1.qualtrics.com/ControlPanel/Graphic.php?IM=IM_ehdQVRQn8kI6rNI, Q68.1,-0.20507908414936085,0.029134690842402798
bipoc,male,adult,anger,https://uwmadison.co1.qualtrics.com/ControlPanel/Graphic.php?IM=IM_4OulgTPxBAgu0Qu, Q69.1,-0.21056836658475217,0.19879648228800073
bipoc,male,child,anger,https://uwmadison.co1.qualtrics.com/ControlPanel/Graphic.php?IM=IM_82jdttMjk3552E6, Q70.1,-0.1585581521432878,-0.09452606490960935
white,female,adult,anger,https://uwmadison.co1.qualtrics.com/ControlPanel/Graphic.php?IM=IM_b1KYrTe9d0HebfU, Q71.1,-0.15504502775864112,-0.0452812906079246
white,female,child,anger,https://uwmadison.co1.qualtrics.com/ControlPanel/Graphic.php?IM=IM_3QtW28KFGllSVBI, Q72.1,-0.1664124577157161,0.028666323765601617
white,male,adult,anger,https://uwmadison.co1.qualtrics.com/ControlPanel/Graphic.php?IM=IM_eb7s42ZIPiC9Z66, Q73.1,-0.16912643819028444,-0.08372583020171634
white,male,child,anger,https://uwmadison.co1.qualtrics.com/ControlPanel/Graphic.php?IM=IM_dhTzFnZMWrTfBGK, Q74.1,-0.16022105579822976,-0.06312654232020641
bipoc,female,adult,disgust,https://uwmadison.co1.qualtrics.com/ControlPanel/Graphic.php?IM=IM_0kOdQHclITzXgIC, Q75.1,-0.12348274241838683,-0.07412926130490347
bipoc,female,child,disgust,https://uwmadison.co1.qualtrics.com/ControlPanel/Graphic.php?IM=IM_e9BJyTeFPLQ7ZUq, Q76.1,-0.1603718538992548,-0.0034120801745749774
bipoc,male,adult,disgust,https://uwmadison.co1.qualtrics.com/ControlPanel/Graphic.php?IM=IM_1Zx26VAbwv9uFFQ, Q77.1,-0.09088927564921184,-0.13585057631428582
bipoc,male,child,disgust,https://uwmadison.co1.qualtrics.com/ControlPanel/Graphic.php?IM=IM_bjzYq2UEKkXH7aC, Q78.1,-0.1558904483622323,-0.08597913480737525
white,female,adult,disgust,https://uwmadison.co1.qualtrics.com/ControlPanel/Graphic.php?IM=IM_5hkOSrFORUoHopM, Q79.1,-0.16882691483089407,0.04855694123997327
white,female,child,disgust,https://uwmadison.co1.qualtrics.com/ControlPanel/Graphic.php?IM=IM_244QOC2to2Jetca, Q80.1,0.012630057198179723,-0.013708856378382652
white,male,adult,disgust,https://uwmadison.co1.qualtrics.com/ControlPanel/Graphic.php?IM=IM_7aEgC4sWsfM5I5E, Q81.1,-0.11841391627824298,-0.07748657872169154
white,male,child,disgust,https://uwmadison.co1.qualtrics.com/ControlPanel/Graphic.php?IM=IM_7P182C9dn0ypgtE, Q82.1,-0.15740055978528864,-0.04396425158946027
bipoc,female,adult,fear,https://uwmadison.co1.qualtrics.com/ControlPanel/Graphic.php?IM=IM_9tzXvOnfZ589gH4, Q83.1,-0.14298946646193517,-0.38691291466035327
bipoc,female,child,fear,https://uwmadison.co1.qualtrics.com/ControlPanel/Graphic.php?IM=IM_0BVeUJelcjahWwC, Q84.1,-0.21459987651967344,-0.44669327101391393
bipoc,male,adult,fear,https://uwmadison.co1.qualtrics.com/ControlPanel/Graphic.php?IM=IM_e3vAzbw1fMlXZyu, Q85.1,-0.06974474142400283,-0.3891927200687686
bipoc,male,child,fear,https://uwmadison.co1.qualtrics.com/ControlPanel/Graphic.php?IM=IM_byJrSqTzp3ZhZ9Y, Q86.1,-0.10857596433175498,-0.04836324523308111
white,female,adult,fear,https://uwmadison.co1.qualtrics.com/ControlPanel/Graphic.php?IM=IM_5AWayt9Py1ZQmUe, Q87.1,0.006771460094137559,-0.18808990419440708
white,female,child,fear,https://uwmadison.co1.qualtrics.com/ControlPanel/Graphic.php?IM=IM_40G6uAIeohgXMGi, Q88.1,-0.025877585597260562,-0.4006910463649334
white,male,adult,fear,https://uwmadison.co1.qualtrics.com/ControlPanel/Graphic.php?IM=IM_9WR2cEWgwYWx7sa, Q89.1,-0.1906995336896771,-0.08449373168949985
white,male,child,fear,https://uwmadison.co1.qualtrics.com/ControlPanel/Graphic.php?IM=IM_0AKqpsdouereE5M, Q90.1,-0.13224213222722536,-0.3190013504770843
bipoc,female,adult,happiness,https://uwmadison.co1.qualtrics.com/ControlPanel/Graphic.php?IM=IM_0xPTvIpG1sPU3QO, Q91.1,0.8590920039244758,-0.005298490726683022
bipoc,female,child,happiness,https://uwmadison.co1.qualtrics.com/ControlPanel/Graphic.php?IM=IM_cGTIBhdTVZFLwdE, Q92.1,0.7424366330777011,0.09811682831704893
bipoc,male,adult,happiness,https://uwmadison.co1.qualtrics.com/ControlPanel/Graphic.php?IM=IM_bEDlxRqiOdpCl1Q, Q93.1,0.8309928295489493,0.07367727254711692
bipoc,male,child,happiness,https://uwmadison.co1.qualtrics.com/ControlPanel/Graphic.php?IM=IM_0UkPGjTodmzqM9U, Q94.1,0.7870371191414346,0.07880497942629633
white,female,adult,happiness,https://uwmadison.co1.qualtrics.com/ControlPanel/Graphic.php?IM=IM_3sodPsRm6g6as06, Q95.1,0.4973100521223978,0.2545055856064624
white,female,child,happiness,https://uwmadison.co1.qualtrics.com/ControlPanel/Graphic.php?IM=IM_aWrmbq9vyHFZmTk, Q96.1,0.7671953771478632,0.05168755310009975
white,male,adult,happiness,https://uwmadison.co1.qualtrics.com/ControlPanel/Graphic.php?IM=IM_ewCuSR8n6UYi2MK, Q97.1,0.8754222527345638,0.061988960261623406
white,male,child,happiness,https://uwmadison.co1.qualtrics.com/ControlPanel/Graphic.php?IM=IM_2hrynYgwGLMuDUG, Q98.1,0.8611202298911265,0.002182078927192535
bipoc,female,adult,neutral,https://uwmadison.co1.qualtrics.com/ControlPanel/Graphic.php?IM=IM_39Riowawi2KEmV0, Q99.1,-0.25405214744628646,0.5446909026732952
bipoc,female,child,neutral,https://uwmadison.co1.qualtrics.com/ControlPanel/Graphic.php?IM=IM_5bFJqMaV53Zsy0K, Q100.1,-0.23165317881225952,0.6039889202623752
bipoc,male,adult,neutral,https://uwmadison.co1.qualtrics.com/ControlPanel/Graphic.php?IM=IM_3gSfRO9Zt2G8NP8, Q101.1,-0.2645858453090336,0.5408844048193254
bipoc,male,child,neutral,https://uwmadison.co1.qualtrics.com/ControlPanel/Graphic.php?IM=IM_bw2zfW24xOcYU9o, Q102.1,-0.27161196109460556,0.6384598380753308
white,female,adult,neutral,https://uwmadison.co1.qualtrics.com/ControlPanel/Graphic.php?IM=IM_bqKH78xvssoHVoG, Q103.1,-0.23313743338241513,0.6417789214740621
white,female,child,neutral,https://uwmadison.co1.qualtrics.com/ControlPanel/Graphic.php?IM=IM_7WGuIqyEG3TilMi, Q104.1,-0.2516363197096168,0.6129022738246402
white,male,adult,neutral,https://uwmadison.co1.qualtrics.com/ControlPanel/Graphic.php?IM=IM_9zQEAVQQyKfTlUG, Q105.1,-0.2019093691523712,0.5231921768463768
white,male,child,neutral,https://uwmadison.co1.qualtrics.com/ControlPanel/Graphic.php?IM=IM_7PAyQLJg8l8nBSS, Q106.1,-0.2681716610358248,0.6590952683961616
bipoc,female,adult,sadness,https://uwmadison.co1.qualtrics.com/ControlPanel/Graphic.php?IM=IM_83amQw1mO0Wac06, Q107.1,-0.23596484154110264,-0.33557770115273716
bipoc,female,child,sadness,https://uwmadison.co1.qualtrics.com/ControlPanel/Graphic.php?IM=IM_73Yp8FVd9OfjPP8, Q108.1,-0.17859434999123322,-0.3905665518885522
bipoc,male,adult,sadness,https://uwmadison.co1.qualtrics.com/ControlPanel/Graphic.php?IM=IM_dahScWh9wdBUhlY, Q109.1,-0.22992818477075644,-0.49886417035662933
bipoc,male,child,sadness,https://uwmadison.co1.qualtrics.com/ControlPanel/Graphic.php?IM=IM_77jUBNTFvgA7yxU, Q110.1,-0.21431025481518512,-0.3937389315161021
white,female,adult,sadness,https://uwmadison.co1.qualtrics.com/ControlPanel/Graphic.php?IM=IM_7NHotnPd2lT9Foa, Q111.1,-0.2317135898601379,-0.23709703688342865
white,female,child,sadness,https://uwmadison.co1.qualtrics.com/ControlPanel/Graphic.php?IM=IM_0pqIA60jUTgdaQe, Q112.1,-0.22699299645748522,-0.4980554002102174
white,male,adult,sadness,https://uwmadison.co1.qualtrics.com/ControlPanel/Graphic.php?IM=IM_bNT78GDXgMqiTLU, Q113.1,-0.2532898116211556,0.07916549505623366
white,male,child,sadness,https://uwmadison.co1.qualtrics.com/ControlPanel/Graphic.php?IM=IM_5au9MLWYoSZyrj0, Q114.1,-0.24464856121108874,-0.42909768051833924
bipoc,female,adult,surprise,https://uwmadison.co1.qualtrics.com/ControlPanel/Graphic.php?IM=IM_bjThcsBImEknzmu, Q115.1,0.15253004000664802,-0.20720051099486692
bipoc,female,child,surprise,https://uwmadison.co1.qualtrics.com/ControlPanel/Graphic.php?IM=IM_71mMacKzqNZRVpc, Q116.1,-0.19634532625511444,0.25030026359947455
bipoc,male,adult,surprise,https://uwmadison.co1.qualtrics.com/ControlPanel/Graphic.php?IM=IM_aaEwobdBBZ4nn02, Q117.1,-0.12644950975797709,-0.10553246969280457
bipoc,male,child,surprise,https://uwmadison.co1.qualtrics.com/ControlPanel/Graphic.php?IM=IM_cwfzFfgNMrzdDeu, Q118.1,0.12771210403558605,-0.3212344621724034
white,female,adult,surprise,https://uwmadison.co1.qualtrics.com/ControlPanel/Graphic.php?IM=IM_2s03op8efMn39Eq, Q119.1,-0.0075396102340394636,-0.3733986791737322
white,female,child,surprise,https://uwmadison.co1.qualtrics.com/ControlPanel/Graphic.php?IM=IM_3VrkAIN5BOdlfWm, Q120.1,-0.13132131278134568,0.10280214129480719
white,male,adult,surprise,https://uwmadison.co1.qualtrics.com/ControlPanel/Graphic.php?IM=IM_2004WZkMOAt3rVk, Q121.1,-0.022975375232651044,-0.42633685845252284
white,male,child,surprise,https://uwmadison.co1.qualtrics.com/ControlPanel/Graphic.php?IM=IM_0Tk0DUpmSjqZP9Q, Q122.1,-0.029298544288231473,-0.17484863917107407
bipoc,female,adult,uncertain,https://uwmadison.co1.qualtrics.com/ControlPanel/Graphic.php?IM=IM_74kgKNSWDU7crjM, Q123.1,-0.15196304735074262,0.27220947761321634
bipoc,female,child,uncertain,https://uwmadison.co1.qualtrics.com/ControlPanel/Graphic.php?IM=IM_cJi6x6m1lHypqN8, Q124.1,-0.008790596082680666,0.26982078000733756
bipoc,male,adult,uncertain,https://uwmadison.co1.qualtrics.com/ControlPanel/Graphic.php?IM=IM_afrF8KFiXbEcR2S, Q125.1,0.3460766856211248,0.19341386776787267
bipoc,male,child,uncertain,https://uwmadison.co1.qualtrics.com/ControlPanel/Graphic.php?IM=IM_eaf2nwmlYn6uJKu, Q126.1,-0.21227254720562974,0.3296565741246902
white,female,adult,uncertain,https://uwmadison.co1.qualtrics.com/ControlPanel/Graphic.php?IM=IM_4Z2olPR08fo1FQO, Q127.1,-0.006080685557573705,-0.37012800331649043
white,female,child,uncertain,https://uwmadison.co1.qualtrics.com/ControlPanel/Graphic.php?IM=IM_8bHO7XfbqxRugTQ, Q128.1,-0.14989452929410982,0.20379947275454363
white,male,adult,uncertain,https://uwmadison.co1.qualtrics.com/ControlPanel/Graphic.php?IM=IM_3wreUCj6TLHFC4K, Q129.1,-0.16979447207992943,0.17037281981143818
white,male,child,uncertain,https://uwmadison.co1.qualtrics.com/ControlPanel/Graphic.php?IM=IM_eMb3pnSJgKC0VFk, Q130.1,0.632391992760808,0.11564398933422516
bipoc,female,adult,anger,https://uwmadison.co1.qualtrics.com/ControlPanel/Graphic.php?IM=IM_9WTZdrQmZK2OL54, Q132.1,-0.1588609778594846,-0.10064533722183183
bipoc,female,child,anger,https://uwmadison.co1.qualtrics.com/ControlPanel/Graphic.php?IM=IM_824LzNsLYNku2OO, Q133.1,-0.15382739166316975,-0.13333534887050366
bipoc,male,adult,anger,https://uwmadison.co1.qualtrics.com/ControlPanel/Graphic.php?IM=IM_bkMyZNBgUg8ZlNY, Q134.1,-0.1652754015042353,-0.052545276037909136
bipoc,male,child,anger,https://uwmadison.co1.qualtrics.com/ControlPanel/Graphic.php?IM=IM_3rsoVFgV6TcS9fg, Q135.1,-0.1484436216359214,-0.07649280600619227
white,female,adult,anger,https://uwmadison.co1.qualtrics.com/ControlPanel/Graphic.php?IM=IM_cPfESJKHoFDaWUe, Q136.1,-0.15731550972811334,0.01566713132639963
white,female,child,anger,https://uwmadison.co1.qualtrics.com/ControlPanel/Graphic.php?IM=IM_bHfE8z5stIRm0zI, Q137.1,-0.14903676163009644,-0.09900403258348564
white,male,adult,anger,https://uwmadison.co1.qualtrics.com/ControlPanel/Graphic.php?IM=IM_cCHIBQubXKS0CiO, Q138.1,-0.25454997727007256,0.5063128645963353
white,male,child,anger,https://uwmadison.co1.qualtrics.com/ControlPanel/Graphic.php?IM=IM_5AcJkrT27k6XRmm, Q139.1,-0.16599441280879718,0.04974092821397487
bipoc,female,adult,disgust,https://uwmadison.co1.qualtrics.com/ControlPanel/Graphic.php?IM=IM_bsHb1M3p1kgjsF0, Q140.1,-0.14781713816202213,-0.053221733897246715
bipoc,female,child,disgust,https://uwmadison.co1.qualtrics.com/ControlPanel/Graphic.php?IM=IM_0SwhYgwrLxTB3LM, Q141.1,0.02913115092777807,0.22293200470108324
bipoc,male,adult,disgust,https://uwmadison.co1.qualtrics.com/ControlPanel/Graphic.php?IM=IM_bemvKCbRtShtR0a, Q142.1,-0.1659759172755245,-0.004761354361514399
bipoc,male,child,disgust,https://uwmadison.co1.qualtrics.com/ControlPanel/Graphic.php?IM=IM_7WCRz9fBbsgi9Qq, Q143.1,-0.12344924866436388,-0.048858319514509835
white,female,adult,disgust,https://uwmadison.co1.qualtrics.com/ControlPanel/Graphic.php?IM=IM_eKdiMX7YPesWOlU, Q144.1,-0.1663611608700636,0.04516184465749812
white,female,child,disgust,https://uwmadison.co1.qualtrics.com/ControlPanel/Graphic.php?IM=IM_0JVrdbvlyGSXcLI, Q145.1,-0.06979295203977892,-0.07019953076434007
white,male,adult,disgust,https://uwmadison.co1.qualtrics.com/ControlPanel/Graphic.php?IM=IM_1zU5YqWz2acbM8K, Q146.1,-0.10704152134718023,-0.3087420650226651
white,male,child,disgust,https://uwmadison.co1.qualtrics.com/ControlPanel/Graphic.php?IM=IM_74HB0t6zgma9YNw, Q147.1,-0.11749281078472773,-0.11258359687962463
bipoc,female,adult,fear,https://uwmadison.co1.qualtrics.com/ControlPanel/Graphic.php?IM=IM_0MwMgspcIIF1ew6, Q148.1,-0.11689638149999773,-0.27669864945284617
bipoc,female,child,fear,https://uwmadison.co1.qualtrics.com/ControlPanel/Graphic.php?IM=IM_bHrOB3j3PtW4R0i, Q149.1,-0.13788385902962588,-0.1148204137539412
bipoc,male,adult,fear,https://uwmadison.co1.qualtrics.com/ControlPanel/Graphic.php?IM=IM_8B72pKihkAZkIFU, Q150.1,-0.18479828961499534,-0.22084425832636492
bipoc,male,child,fear,https://uwmadison.co1.qualtrics.com/ControlPanel/Graphic.php?IM=IM_9mlWGWUpvpQZa5M, Q151.1,-0.2271867123618807,-0.47877308991737844
white,female,adult,fear,https://uwmadison.co1.qualtrics.com/ControlPanel/Graphic.php?IM=IM_e38mxw6nO1WY6Cq, Q152.1,-0.08413650218533497,-0.3814451265430061
white,female,child,fear,https://uwmadison.co1.qualtrics.com/ControlPanel/Graphic.php?IM=IM_cBJFYlMueaaR03k, Q153.1,-0.08640545534708824,-0.16981128124155326
white,male,adult,fear,https://uwmadison.co1.qualtrics.com/ControlPanel/Graphic.php?IM=IM_4Z1hhf1G3PvXBci, Q154.1,-0.045701031821416965,-0.3905197251507696
white,male,child,fear,https://uwmadison.co1.qualtrics.com/ControlPanel/Graphic.php?IM=IM_9mNPsRAgBbHenPM, Q155.1,-0.052667805264681934,-0.40652104086380886
bipoc,female,adult,happiness,https://uwmadison.co1.qualtrics.com/ControlPanel/Graphic.php?IM=IM_0GtSGAki0COJYO2, Q156.1,0.7685232193853492,0.07722886040942567
bipoc,female,child,happiness,https://uwmadison.co1.qualtrics.com/ControlPanel/Graphic.php?IM=IM_e2tmtlm0JLZje0S, Q157.1,0.42054798210554317,0.2804224058519587
bipoc,male,adult,happiness,https://uwmadison.co1.qualtrics.com/ControlPanel/Graphic.php?IM=IM_agxa9UIrTk07jxQ, Q158.1,0.6857614205917274,0.09072289302410047
bipoc,male,child,happiness,https://uwmadison.co1.qualtrics.com/ControlPanel/Graphic.php?IM=IM_d060VdjZY82W38W, Q159.1,0.907347454010872,0.016590263219144544
white,female,adult,happiness,https://uwmadison.co1.qualtrics.com/ControlPanel/Graphic.php?IM=IM_57Gr1XAHK9uhWES, Q160.1,0.831995863178095,0.05667946609061155
white,female,child,happiness,https://uwmadison.co1.qualtrics.com/ControlPanel/Graphic.php?IM=IM_d5NMiWqa2jpUDLo, Q161.1,0.8200904675378327,0.023207472938937303
white,male,adult,happiness,https://uwmadison.co1.qualtrics.com/ControlPanel/Graphic.php?IM=IM_3NR7AkPxBUkdOQe, Q162.1,0.8859689787928037,0.01390404981672641
white,male,child,happiness,https://uwmadison.co1.qualtrics.com/ControlPanel/Graphic.php?IM=IM_eWnGys8SLE5J3Cu, Q163.1,0.8827629022374335,0.038160617899048996
bipoc,female,adult,neutral,https://uwmadison.co1.qualtrics.com/ControlPanel/Graphic.php?IM=IM_8Bsr2LNg85rxVgW, Q164.1,-0.26244540276253175,0.6877403231104346
bipoc,female,child,neutral,https://uwmadison.co1.qualtrics.com/ControlPanel/Graphic.php?IM=IM_dmqopZwVD7uBVVY, Q165.1,-0.005014704984459471,0.5555604832225985
bipoc,male,adult,neutral,https://uwmadison.co1.qualtrics.com/ControlPanel/Graphic.php?IM=IM_2ubTkbpnURV3shw, Q166.1,-0.2214282709469319,0.3683100434636176
bipoc,male,child,neutral,https://uwmadison.co1.qualtrics.com/ControlPanel/Graphic.php?IM=IM_bJGSnsoGjBoS3VY, Q167.1,-0.23779490669001951,0.6139274476332198
white,female,adult,neutral,https://uwmadison.co1.qualtrics.com/ControlPanel/Graphic.php?IM=IM_87jMTnzp24Gs0US, Q168.1,-0.055289648369971967,0.5097185564657705
white,female,child,neutral,https://uwmadison.co1.qualtrics.com/ControlPanel/Graphic.php?IM=IM_ePc7Ntc4cXqTP70, Q169.1,-0.2469649046675248,0.7259296559660192
white,male,adult,neutral,https://uwmadison.co1.qualtrics.com/ControlPanel/Graphic.php?IM=IM_1X1sCzklzGvx2tg, Q170.1,-0.2258587811346334,0.593043397107118
white,male,child,neutral,https://uwmadison.co1.qualtrics.com/ControlPanel/Graphic.php?IM=IM_6EA9nLCkNjdA69M, Q171.1,-0.21084944100784034,0.39279029530443355
bipoc,female,adult,sadness,https://uwmadison.co1.qualtrics.com/ControlPanel/Graphic.php?IM=IM_6A6ANrMmpt0lXFQ, Q172.1,-0.17207715271759635,-0.16200541472405156
bipoc,female,child,sadness,https://uwmadison.co1.qualtrics.com/ControlPanel/Graphic.php?IM=IM_6AkMWXDnyOPXs6a, Q173.1,-0.16310832648825974,-0.15881085598285494
bipoc,male,adult,sadness,https://uwmadison.co1.qualtrics.com/ControlPanel/Graphic.php?IM=IM_0pvcXJMnnou5XxA, Q174.1,-0.22993193885221147,-0.4917483756821957
bipoc,male,child,sadness,https://uwmadison.co1.qualtrics.com/ControlPanel/Graphic.php?IM=IM_7365JYEsalfFK3c, Q175.1,-0.2518306822494222,-0.19782621489321733
white,female,adult,sadness,https://uwmadison.co1.qualtrics.com/ControlPanel/Graphic.php?IM=IM_4ObHALgYpr6zhn8, Q176.1,-0.2315497301233121,-0.4015423800466752
white,female,child,sadness,https://uwmadison.co1.qualtrics.com/ControlPanel/Graphic.php?IM=IM_4ZMiIx0eAUH9slo, Q177.1,-0.21425196264602664,0.1269236448784222
white,male,adult,sadness,https://uwmadison.co1.qualtrics.com/ControlPanel/Graphic.php?IM=IM_8AHT36OY3USaPe6, Q178.1,-0.19954789314691984,0.21464397200868468
white,male,child,sadness,https://uwmadison.co1.qualtrics.com/ControlPanel/Graphic.php?IM=IM_cSZwt3HTocE50jk, Q179.1,-0.23150086601124142,-0.46955853625149535
bipoc,female,adult,surprise,https://uwmadison.co1.qualtrics.com/ControlPanel/Graphic.php?IM=IM_aXfd0rmn8jfxoQ6, Q180.1,0.035357941241823634,-0.3787484901045189
bipoc,female,child,surprise,https://uwmadison.co1.qualtrics.com/ControlPanel/Graphic.php?IM=IM_9Gq0h87bY58MZSu, Q181.1,0.5563316145847557,-0.15912315784888204
bipoc,male,adult,surprise,https://uwmadison.co1.qualtrics.com/ControlPanel/Graphic.php?IM=IM_268vZXyUpVDK6MK, Q182.1,-0.035590444996524626,-0.15467258871202932
bipoc,male,child,surprise,https://uwmadison.co1.qualtrics.com/ControlPanel/Graphic.php?IM=IM_0V7AZ7Xi8jOjmXY, Q183.1,-0.047117911491379436,-0.34699660434997276
white,female,adult,surprise,https://uwmadison.co1.qualtrics.com/ControlPanel/Graphic.php?IM=IM_eeAoCMWS4pQvliK, Q184.1,-0.02148295393571819,-0.20742921412716295
white,female,child,surprise,https://uwmadison.co1.qualtrics.com/ControlPanel/Graphic.php?IM=IM_eG4lj9qMfU2nUFg, Q185.1,0.17703412531063992,-0.30997949478184894
white,male,adult,surprise,https://uwmadison.co1.qualtrics.com/ControlPanel/Graphic.php?IM=IM_eIZrStbqVC3oHTo, Q186.1,0.009407437964639095,-0.4201836611186446
white,male,child,surprise,https://uwmadison.co1.qualtrics.com/ControlPanel/Graphic.php?IM=IM_87ffNHa08KiAYbI, Q187.1,-0.14038739850959522,0.0647695584864588
bipoc,female,adult,uncertain,https://uwmadison.co1.qualtrics.com/ControlPanel/Graphic.php?IM=IM_bHLXUfPyLDklutg, Q188.1,0.45846946665907534,0.1870758028734782
bipoc,female,child,uncertain,https://uwmadison.co1.qualtrics.com/ControlPanel/Graphic.php?IM=IM_0MzywJJUHEiadCe, Q189.1,0.7004147650610171,0.04957006416070267
bipoc,male,adult,uncertain,https://uwmadison.co1.qualtrics.com/ControlPanel/Graphic.php?IM=IM_bw6Y8TC4DgP7vAq, Q190.1,-0.14634791760966595,0.06837623140700698
bipoc,male,child,uncertain,https://uwmadison.co1.qualtrics.com/ControlPanel/Graphic.php?IM=IM_5yvfzLfqBDAE8XY, Q191.1,-0.15639012874201202,0.2601677525155406
white,female,adult,uncertain,https://uwmadison.co1.qualtrics.com/ControlPanel/Graphic.php?IM=IM_a64Cxa5gtL3OHKS, Q192.1,-0.09275956769636734,0.0003733287707780447
white,female,child,uncertain,https://uwmadison.co1.qualtrics.com/ControlPanel/Graphic.php?IM=IM_beic5cGPkQFDmhU, Q193.1,-0.18724203963945615,0.25677222705870756
white,male,adult,uncertain,https://uwmadison.co1.qualtrics.com/ControlPanel/Graphic.php?IM=IM_8oGUDKsFJy6Upeu, Q194.1,-0.10378379213802602,0.1089179849828168
white,male,child,uncertain,https://uwmadison.co1.qualtrics.com/ControlPanel/Graphic.php?IM=IM_9tcpk2rnvGGXq7A, Q195.1,-0.204862942168754,0.5479650250892455
